date,cash,daily_pnl,margin,market_value,position_pnl,total_value,trading_pnl,transaction_cost
2017-01-03,24769843.453,-126956.547,25103200.0,-62758000.0,0.0,49873043.453,-125516.0,1440.547
2017-01-04,23493043.453,-912000.0,25468000.0,-63670000.0,-912000.0,48961043.453,0.0,0.0
2017-01-05,23605043.453,80000.0,25436000.0,-63590000.0,80000.0,49041043.453,0.0,0.0
2017-01-06,23885043.453,200000.0,25356000.0,-63390000.0,200000.0,49241043.453,0.0,0.0
2017-01-09,23397843.453,-348000.0,25495200.0,-63738000.0,-348000.0,48893043.453,0.0,0.0
2017-01-10,23806643.453,292000.0,25378400.0,-63446000.0,292000.0,49185043.453,0.0,0.0
2017-01-11,24464643.453,470000.0,25190400.0,-62976000.0,470000.0,49655043.453,0.0,0.0
2017-01-12,25293443.453,592000.0,24953600.0,-62384000.0,592000.0,50247043.453,0.0,0.0
2017-01-13,26133443.453,600000.0,24713600.0,-61784000.0,600000.0,50847043.453,0.0,0.0
2017-01-16,28471443.453,1670000.0,24045600.0,-60114000.0,1670000.0,52517043.453,0.0,0.0
2017-01-17,27721043.453,-536000.0,24260000.0,-60650000.0,-536000.0,51981043.453,0.0,0.0
2017-01-18,27597843.453,-88000.0,24295200.0,-60738000.0,-88000.0,51893043.453,0.0,0.0
2017-01-19,28701043.453,788000.0,23980000.0,-59950000.0,788000.0,52681043.453,0.0,0.0
2017-01-20,27471843.453,-878000.0,24331200.0,-60828000.0,-878000.0,51803043.453,0.0,0.0
2017-01-23,27032243.453,-314000.0,24456800.0,-61142000.0,-314000.0,51489043.453,0.0,0.0
2017-01-24,26909043.453,-88000.0,24492000.0,-61230000.0,-88000.0,51401043.453,0.0,0.0
2017-01-25,26461043.453,-320000.0,24620000.0,-61550000.0,-320000.0,51081043.453,0.0,0.0
2017-01-26,25987843.453,-338000.0,24755200.0,-61888000.0,-338000.0,50743043.453,0.0,0.0
2017-02-03,26321043.453,238000.0,24660000.0,-61650000.0,238000.0,50981043.453,0.0,0.0
2017-02-06,25836643.453,-346000.0,24798400.0,-61996000.0,-346000.0,50635043.453,0.0,0.0
2017-02-07,26007443.453,122000.0,24749600.0,-61874000.0,122000.0,50757043.453,0.0,0.0
2017-02-08,25178643.453,-592000.0,24986400.0,-62466000.0,-592000.0,50165043.453,0.0,0.0
2017-02-09,24643843.453,-382000.0,25139200.0,-62848000.0,-382000.0,49783043.453,0.0,0.0
2017-02-10,24512243.453,-94000.0,25176800.0,-62942000.0,-94000.0,49689043.453,0.0,0.0
2017-02-13,24008243.453,-360000.0,25320800.0,-63302000.0,-360000.0,49329043.453,0.0,0.0
2017-02-14,25089043.453,772000.0,25012000.0,-62530000.0,772000.0,50101043.453,0.0,0.0
2017-02-15,25828243.453,528000.0,24800800.0,-62002000.0,528000.0,50629043.453,0.0,0.0
2017-02-16,24985443.453,-602000.0,25041600.0,-62604000.0,-602000.0,50027043.453,0.0,0.0
2017-02-17,25649043.453,474000.0,24852000.0,-62130000.0,474000.0,50501043.453,0.0,0.0
2017-02-20,24237843.453,-1008000.0,25255200.0,-63138000.0,-1008000.0,49493043.453,0.0,0.0
2017-02-21,23857043.453,-272000.0,25364000.0,-63410000.0,-272000.0,49221043.453,0.0,0.0
2017-02-22,23176643.453,-486000.0,25558400.0,-63896000.0,-486000.0,48735043.453,0.0,0.0
2017-02-23,23064643.453,-80000.0,25590400.0,-63976000.0,-80000.0,48655043.453,0.0,0.0
2017-02-24,22882643.453,-130000.0,25642400.0,-64106000.0,-130000.0,48525043.453,0.0,0.0
2017-02-27,23759043.453,626000.0,25392000.0,-63480000.0,626000.0,49151043.453,0.0,0.0
2017-02-28,23361443.453,-284000.0,25505600.0,-63764000.0,-284000.0,48867043.453,0.0,0.0
2017-03-01,23061843.453,-214000.0,25591200.0,-63978000.0,-214000.0,48653043.453,0.0,0.0
2017-03-02,23171043.453,78000.0,25560000.0,-63900000.0,78000.0,48731043.453,0.0,0.0
2017-03-03,23129043.453,-30000.0,25572000.0,-63930000.0,-30000.0,48701043.453,0.0,0.0
2017-03-06,22193843.453,-668000.0,25839200.0,-64598000.0,-668000.0,48033043.453,0.0,0.0
2017-03-07,22121043.453,-52000.0,25860000.0,-64650000.0,-52000.0,47981043.453,0.0,0.0
2017-03-08,22336643.453,154000.0,25798400.0,-64496000.0,154000.0,48135043.453,0.0,0.0
2017-03-09,23159843.453,588000.0,25563200.0,-63908000.0,588000.0,48723043.453,0.0,0.0
2017-03-10,22885443.453,-196000.0,25641600.0,-64104000.0,-196000.0,48527043.453,0.0,0.0
2017-03-13,21846643.453,-742000.0,25938400.0,-64846000.0,-742000.0,47785043.453,0.0,0.0
2017-03-14,22051043.453,146000.0,25880000.0,-64700000.0,146000.0,47931043.453,0.0,0.0
2017-03-15,22101443.453,36000.0,25865600.0,-64664000.0,36000.0,47967043.453,0.0,0.0
2017-03-16,22059443.453,-30000.0,25877600.0,-64694000.0,-30000.0,47937043.453,0.0,0.0
2017-03-17,22891043.453,594000.0,25640000.0,-64100000.0,594000.0,48531043.453,0.0,0.0
2017-03-20,22653043.453,-170000.0,25708000.0,-64270000.0,-170000.0,48361043.453,0.0,0.0
2017-03-21,22401043.453,-180000.0,25780000.0,-64450000.0,-180000.0,48181043.453,0.0,0.0
2017-03-22,22627843.453,162000.0,25715200.0,-64288000.0,162000.0,48343043.453,0.0,0.0
2017-03-23,22331043.453,-212000.0,25800000.0,-64500000.0,-212000.0,48131043.453,0.0,0.0
2017-03-24,21241843.453,-778000.0,26111200.0,-65278000.0,-778000.0,47353043.453,0.0,0.0
2017-03-27,21902643.453,472000.0,25922400.0,-64806000.0,472000.0,47825043.453,0.0,0.0
2017-03-28,22090243.453,134000.0,25868800.0,-64672000.0,134000.0,47959043.453,0.0,0.0
2017-03-29,22420643.453,236000.0,25774400.0,-64436000.0,236000.0,48195043.453,0.0,0.0
2017-03-30,23501443.453,772000.0,25465600.0,-63664000.0,772000.0,48967043.453,0.0,0.0
2017-03-31,23308243.453,-138000.0,25520800.0,-63802000.0,-138000.0,48829043.453,0.0,0.0
2017-04-05,21090643.453,-1584000.0,26154400.0,-65386000.0,-1584000.0,47245043.453,0.0,0.0
2017-04-06,21127043.453,26000.0,26144000.0,-65360000.0,26000.0,47271043.453,0.0,0.0
2017-04-07,20847043.453,-200000.0,26224000.0,-65560000.0,-200000.0,47071043.453,0.0,0.0
2017-04-10,20987043.453,100000.0,26184000.0,-65460000.0,100000.0,47171043.453,0.0,0.0
2017-04-11,20200243.453,-562000.0,26408800.0,-66022000.0,-562000.0,46609043.453,0.0,0.0
2017-04-12,20849843.453,464000.0,26223200.0,-65558000.0,464000.0,47073043.453,0.0,0.0
2017-04-13,20091043.453,-542000.0,26440000.0,-66100000.0,-542000.0,46531043.453,0.0,0.0
2017-04-14,21367843.453,912000.0,26075200.0,-65188000.0,912000.0,47443043.453,0.0,0.0
2017-04-17,22426243.453,756000.0,25772800.0,-64432000.0,756000.0,48199043.453,0.0,0.0
2017-04-18,22720243.453,210000.0,25688800.0,-64222000.0,210000.0,48409043.453,0.0,0.0
2017-04-19,23778643.453,756000.0,25386400.0,-63466000.0,756000.0,49165043.453,0.0,0.0
2017-04-20,23761843.453,-12000.0,25391200.0,-63478000.0,-12000.0,49153043.453,0.0,0.0
2017-04-21,24988243.453,876000.0,25040800.0,-62602000.0,876000.0,50029043.453,0.0,0.0
2017-04-24,27113443.453,1518000.0,24433600.0,-61084000.0,1518000.0,51547043.453,0.0,0.0
2017-04-25,26839043.453,-196000.0,24512000.0,-61280000.0,-196000.0,51351043.453,0.0,0.0
2017-04-26,26643043.453,-140000.0,24568000.0,-61420000.0,-140000.0,51211043.453,0.0,0.0
2017-04-27,26391043.453,-180000.0,24640000.0,-61600000.0,-180000.0,51031043.453,0.0,0.0
2017-04-28,26105443.453,-204000.0,24721600.0,-61804000.0,-204000.0,50827043.453,0.0,0.0
2017-05-02,26167043.453,44000.0,24704000.0,-61760000.0,44000.0,50871043.453,0.0,0.0
2017-05-03,26444243.453,198000.0,24624800.0,-61562000.0,198000.0,51069043.453,0.0,0.0
2017-05-04,26900643.453,326000.0,24494400.0,-61236000.0,326000.0,51395043.453,0.0,0.0
2017-05-05,27821843.453,658000.0,24231200.0,-60578000.0,658000.0,52053043.453,0.0,0.0
2017-05-08,29314243.453,1066000.0,23804800.0,-59512000.0,1066000.0,53119043.453,0.0,0.0
2017-05-09,28813043.453,-358000.0,23948000.0,-59870000.0,-358000.0,52761043.453,0.0,0.0
2017-05-10,30840243.453,1448000.0,23368800.0,-58422000.0,1448000.0,54209043.453,0.0,0.0
2017-05-11,31050243.453,150000.0,23308800.0,-58272000.0,150000.0,54359043.453,0.0,0.0
2017-05-12,31050243.453,0.0,23308800.0,-58272000.0,0.0,54359043.453,0.0,0.0
2017-05-15,30355843.453,-496000.0,23507200.0,-58768000.0,-496000.0,53863043.453,0.0,0.0
2017-05-16,28493843.453,-1330000.0,24039200.0,-60098000.0,-1330000.0,52533043.453,0.0,0.0
2017-05-17,28888643.453,282000.0,23926400.0,-59816000.0,282000.0,52815043.453,0.0,0.0
2017-05-18,29751043.453,616000.0,23680000.0,-59200000.0,616000.0,53431043.453,0.0,0.0
2017-05-19,29840643.453,64000.0,23654400.0,-59136000.0,64000.0,53495043.453,0.0,0.0
2017-05-22,31030643.453,850000.0,23314400.0,-58286000.0,850000.0,54345043.453,0.0,0.0
2017-05-23,32607043.453,1126000.0,22864000.0,-57160000.0,1126000.0,55471043.453,0.0,0.0
2017-05-24,32005043.453,-430000.0,23036000.0,-57590000.0,-430000.0,55041043.453,0.0,0.0
2017-05-25,31282643.453,-516000.0,23242400.0,-58106000.0,-516000.0,54525043.453,0.0,0.0
2017-05-26,31226643.453,-40000.0,23258400.0,-58146000.0,-40000.0,54485043.453,0.0,0.0
2017-05-31,31814643.453,420000.0,23090400.0,-57726000.0,420000.0,54905043.453,0.0,0.0
2017-06-01,33293043.453,1056000.0,22668000.0,-56670000.0,1056000.0,55961043.453,0.0,0.0
2017-06-02,32086243.453,-862000.0,23012800.0,-57532000.0,-862000.0,55099043.453,0.0,0.0
2017-06-05,31781043.453,-218000.0,23100000.0,-57750000.0,-218000.0,54881043.453,0.0,0.0
2017-06-06,31330243.453,-322000.0,23228800.0,-58072000.0,-322000.0,54559043.453,0.0,0.0
2017-06-07,29303043.453,-1448000.0,23808000.0,-59520000.0,-1448000.0,53111043.453,0.0,0.0
2017-06-08,29471043.453,120000.0,23760000.0,-59400000.0,120000.0,53231043.453,0.0,0.0
2017-06-09,29129443.453,-244000.0,23857600.0,-59644000.0,-244000.0,52987043.453,0.0,0.0
2017-06-12,30280243.453,822000.0,23528800.0,-58822000.0,822000.0,53809043.453,0.0,0.0
2017-06-13,29255443.453,-732000.0,23821600.0,-59554000.0,-732000.0,53077043.453,0.0,0.0
2017-06-14,29238643.453,-12000.0,23826400.0,-59566000.0,-12000.0,53065043.453,0.0,0.0
2017-06-15,29132243.453,-76000.0,23856800.0,-59642000.0,-76000.0,52989043.453,0.0,0.0
2017-06-16,29224643.453,66000.0,23830400.0,-59576000.0,66000.0,53055043.453,0.0,0.0
2017-06-19,28547043.453,-484000.0,24024000.0,-60060000.0,-484000.0,52571043.453,0.0,0.0
2017-06-20,28219443.453,-234000.0,24117600.0,-60294000.0,-234000.0,52337043.453,0.0,0.0
2017-06-21,28155043.453,-46000.0,24136000.0,-60340000.0,-46000.0,52291043.453,0.0,0.0
2017-06-22,29403843.453,892000.0,23779200.0,-59448000.0,892000.0,53183043.453,0.0,0.0
2017-06-23,29286243.453,-84000.0,23812800.0,-59532000.0,-84000.0,53099043.453,0.0,0.0
2017-06-26,27429843.453,-1326000.0,24343200.0,-60858000.0,-1326000.0,51773043.453,0.0,0.0
2017-06-27,27777043.453,248000.0,24244000.0,-60610000.0,248000.0,52021043.453,0.0,0.0
2017-06-28,27959043.453,130000.0,24192000.0,-60480000.0,130000.0,52151043.453,0.0,0.0
2017-06-29,27589443.453,-264000.0,24297600.0,-60744000.0,-264000.0,51887043.453,0.0,0.0
2017-06-30,27270243.453,-228000.0,24388800.0,-60972000.0,-228000.0,51659043.453,0.0,0.0
2017-07-03,26587043.453,-488000.0,24584000.0,-61460000.0,-488000.0,51171043.453,0.0,0.0
2017-07-04,26965043.453,270000.0,24476000.0,-61190000.0,270000.0,51441043.453,0.0,0.0
2017-07-05,26371443.453,-424000.0,24645600.0,-61614000.0,-424000.0,51017043.453,0.0,0.0
2017-07-06,26581443.453,150000.0,24585600.0,-61464000.0,150000.0,51167043.453,0.0,0.0
2017-07-07,26066243.453,-368000.0,24732800.0,-61832000.0,-368000.0,50799043.453,0.0,0.0
2017-07-10,26321043.453,182000.0,24660000.0,-61650000.0,182000.0,50981043.453,0.0,0.0
2017-07-11,27113443.453,566000.0,24433600.0,-61084000.0,566000.0,51547043.453,0.0,0.0
2017-07-12,27435443.453,230000.0,24341600.0,-60854000.0,230000.0,51777043.453,0.0,0.0
2017-07-13,27116243.453,-228000.0,24432800.0,-61082000.0,-228000.0,51549043.453,0.0,0.0
2017-07-14,27323443.453,148000.0,24373600.0,-60934000.0,148000.0,51697043.453,0.0,0.0
2017-07-17,31072643.453,2678000.0,23302400.0,-58256000.0,2678000.0,54375043.453,0.0,0.0
2017-07-18,30045043.453,-734000.0,23596000.0,-58990000.0,-734000.0,53641043.453,0.0,0.0
2017-07-19,28166243.453,-1342000.0,24132800.0,-60332000.0,-1342000.0,52299043.453,0.0,0.0
2017-07-20,27595043.453,-408000.0,24296000.0,-60740000.0,-408000.0,51891043.453,0.0,0.0
2017-07-21,28054243.453,328000.0,24164800.0,-60412000.0,328000.0,52219043.453,0.0,0.0
2017-07-24,27457843.453,-426000.0,24335200.0,-60838000.0,-426000.0,51793043.453,0.0,0.0
2017-07-25,27494243.453,26000.0,24324800.0,-60812000.0,26000.0,51819043.453,0.0,0.0
2017-07-26,27651043.453,112000.0,24280000.0,-60700000.0,112000.0,51931043.453,0.0,0.0
2017-07-27,26819443.453,-594000.0,24517600.0,-61294000.0,-594000.0,51337043.453,0.0,0.0
2017-07-28,26038243.453,-558000.0,24740800.0,-61852000.0,-558000.0,50779043.453,0.0,0.0
2017-07-31,24912643.453,-804000.0,25062400.0,-62656000.0,-804000.0,49975043.453,0.0,0.0
2017-08-01,25164643.453,180000.0,24990400.0,-62476000.0,180000.0,50155043.453,0.0,0.0
2017-08-02,25475443.453,222000.0,24901600.0,-62254000.0,222000.0,50377043.453,0.0,0.0
2017-08-03,25357843.453,-84000.0,24935200.0,-62338000.0,-84000.0,50293043.453,0.0,0.0
2017-08-04,26038243.453,486000.0,24740800.0,-61852000.0,486000.0,50779043.453,0.0,0.0
2017-08-07,24711043.453,-948000.0,25120000.0,-62800000.0,-948000.0,49831043.453,0.0,0.0
2017-08-08,24820243.453,78000.0,25088800.0,-62722000.0,78000.0,49909043.453,0.0,0.0
2017-08-09,24187443.453,-452000.0,25269600.0,-63174000.0,-452000.0,49457043.453,0.0,0.0
2017-08-10,25117043.453,664000.0,25004000.0,-62510000.0,664000.0,50121043.453,0.0,0.0
2017-08-11,26682243.453,1118000.0,24556800.0,-61392000.0,1118000.0,51239043.453,0.0,0.0
2017-08-14,24621443.453,-1472000.0,25145600.0,-62864000.0,-1472000.0,49767043.453,0.0,0.0
2017-08-15,24531843.453,-64000.0,25171200.0,-62928000.0,-64000.0,49703043.453,0.0,0.0
2017-08-16,24993843.453,330000.0,25039200.0,-62598000.0,330000.0,50033043.453,0.0,0.0
2017-08-17,24159443.453,-596000.0,25277600.0,-63194000.0,-596000.0,49437043.453,0.0,0.0
2017-08-18,24618643.453,328000.0,25146400.0,-62866000.0,328000.0,49765043.453,0.0,0.0
2017-08-21,23607843.453,-722000.0,25435200.0,-63588000.0,-722000.0,49043043.453,0.0,0.0
2017-08-22,23927043.453,228000.0,25344000.0,-63360000.0,228000.0,49271043.453,0.0,0.0
2017-08-23,24638243.453,508000.0,25140800.0,-62852000.0,508000.0,49779043.453,0.0,0.0
2017-08-24,25150643.453,366000.0,24994400.0,-62486000.0,366000.0,50145043.453,0.0,0.0
2017-08-25,24050243.453,-786000.0,25308800.0,-63272000.0,-786000.0,49359043.453,0.0,0.0
2017-08-28,22781843.453,-906000.0,25671200.0,-64178000.0,-906000.0,48453043.453,0.0,0.0
2017-08-29,23173843.453,280000.0,25559200.0,-63898000.0,280000.0,48733043.453,0.0,0.0
2017-08-30,22560643.453,-438000.0,25734400.0,-64336000.0,-438000.0,48295043.453,0.0,0.0
2017-08-31,22132243.453,-306000.0,25856800.0,-64642000.0,-306000.0,47989043.453,0.0,0.0
2017-09-01,21230643.453,-644000.0,26114400.0,-65286000.0,-644000.0,47345043.453,0.0,0.0
2017-09-04,20950643.453,-200000.0,26194400.0,-65486000.0,-200000.0,47145043.453,0.0,0.0
2017-09-05,20662243.453,-206000.0,26276800.0,-65692000.0,-206000.0,46939043.453,0.0,0.0
2017-09-06,20320643.453,-244000.0,26374400.0,-65936000.0,-244000.0,46695043.453,0.0,0.0
2017-09-07,20939443.453,442000.0,26197600.0,-65494000.0,442000.0,47137043.453,0.0,0.0
2017-09-08,20886243.453,-38000.0,26212800.0,-65532000.0,-38000.0,47099043.453,0.0,0.0
2017-09-11,19365843.453,-1086000.0,26647200.0,-66618000.0,-1086000.0,46013043.453,0.0,0.0
2017-09-12,19578643.453,152000.0,26586400.0,-66466000.0,152000.0,46165043.453,0.0,0.0
2017-09-13,19088643.453,-350000.0,26726400.0,-66816000.0,-350000.0,45815043.453,0.0,0.0
2017-09-14,19091443.453,2000.0,26725600.0,-66814000.0,2000.0,45817043.453,0.0,0.0
2017-09-15,20399043.453,934000.0,26352000.0,-65880000.0,934000.0,46751043.453,0.0,0.0
2017-09-18,19133443.453,-904000.0,26713600.0,-66784000.0,-904000.0,45847043.453,0.0,0.0
2017-09-19,20222643.453,778000.0,26402400.0,-66006000.0,778000.0,46625043.453,0.0,0.0
2017-09-20,19270643.453,-680000.0,26674400.0,-66686000.0,-680000.0,45945043.453,0.0,0.0
2017-09-21,20306643.453,740000.0,26378400.0,-65946000.0,740000.0,46685043.453,0.0,0.0
2017-09-22,21180243.453,624000.0,26128800.0,-65322000.0,624000.0,47309043.453,0.0,0.0
2017-09-25,22459843.453,914000.0,25763200.0,-64408000.0,914000.0,48223043.453,0.0,0.0
2017-09-26,21841043.453,-442000.0,25940000.0,-64850000.0,-442000.0,47781043.453,0.0,0.0
2017-09-27,20791043.453,-750000.0,26240000.0,-65600000.0,-750000.0,47031043.453,0.0,0.0
2017-09-28,20903043.453,80000.0,26208000.0,-65520000.0,80000.0,47111043.453,0.0,0.0
2017-09-29,20256243.453,-462000.0,26392800.0,-65982000.0,-462000.0,46649043.453,0.0,0.0
2017-10-09,19052243.453,-860000.0,26736800.0,-66842000.0,-860000.0,45789043.453,0.0,0.0
2017-10-10,18593043.453,-328000.0,26868000.0,-67170000.0,-328000.0,45461043.453,0.0,0.0
2017-10-11,19379843.453,562000.0,26643200.0,-66608000.0,562000.0,46023043.453,0.0,0.0
2017-10-12,19528243.453,106000.0,26600800.0,-66502000.0,106000.0,46129043.453,0.0,0.0
2017-10-13,18523043.453,-718000.0,26888000.0,-67220000.0,-718000.0,45411043.453,0.0,0.0
2017-10-16,20138643.453,1154000.0,26426400.0,-66066000.0,1154000.0,46565043.453,0.0,0.0
2017-10-17,20345843.453,148000.0,26367200.0,-65918000.0,148000.0,46713043.453,0.0,0.0
2017-10-18,21031843.453,490000.0,26171200.0,-65428000.0,490000.0,47203043.453,0.0,0.0
2017-10-19,21673043.453,458000.0,25988000.0,-64970000.0,458000.0,47661043.453,0.0,0.0
2017-10-20,21211043.453,-330000.0,26120000.0,-65300000.0,-330000.0,47331043.453,0.0,0.0
2017-10-23,20564243.453,-462000.0,26304800.0,-65762000.0,-462000.0,46869043.453,0.0,0.0
2017-10-24,20779843.453,154000.0,26243200.0,-65608000.0,154000.0,47023043.453,0.0,0.0
2017-10-25,20233843.453,-390000.0,26399200.0,-65998000.0,-390000.0,46633043.453,0.0,0.0
2017-10-26,19914643.453,-228000.0,26490400.0,-66226000.0,-228000.0,46405043.453,0.0,0.0
2017-10-27,20211443.453,212000.0,26405600.0,-66014000.0,212000.0,46617043.453,0.0,0.0
2017-10-30,22076243.453,1332000.0,25872800.0,-64682000.0,1332000.0,47949043.453,0.0,0.0
2017-10-31,21524643.453,-394000.0,26030400.0,-65076000.0,-394000.0,47555043.453,0.0,0.0
2017-11-01,21897043.453,266000.0,25924000.0,-64810000.0,266000.0,47821043.453,0.0,0.0
2017-11-02,22471043.453,410000.0,25760000.0,-64400000.0,410000.0,48231043.453,0.0,0.0
2017-11-03,23563043.453,780000.0,25448000.0,-63620000.0,780000.0,49011043.453,0.0,0.0
2017-11-06,21981043.453,-1130000.0,25900000.0,-64750000.0,-1130000.0,47881043.453,0.0,0.0
2017-11-07,21429443.453,-394000.0,26057600.0,-65144000.0,-394000.0,47487043.453,0.0,0.0
2017-11-08,21057043.453,-266000.0,26164000.0,-65410000.0,-266000.0,47221043.453,0.0,0.0
2017-11-09,20225443.453,-594000.0,26401600.0,-66004000.0,-594000.0,46627043.453,0.0,0.0
2017-11-10,19956643.453,-192000.0,26478400.0,-66196000.0,-192000.0,46435043.453,0.0,0.0
2017-11-13,19475043.453,-344000.0,26616000.0,-66540000.0,-344000.0,46091043.453,0.0,0.0
2017-11-14,20354243.453,628000.0,26364800.0,-65912000.0,628000.0,46719043.453,0.0,0.0
2017-11-15,21885843.453,1094000.0,25927200.0,-64818000.0,1094000.0,47813043.453,0.0,0.0
2017-11-16,21535843.453,-250000.0,26027200.0,-65068000.0,-250000.0,47563043.453,0.0,0.0
2017-11-17,24100643.453,1832000.0,25294400.0,-63236000.0,1832000.0,49395043.453,0.0,0.0
2017-11-20,23176643.453,-660000.0,25558400.0,-63896000.0,-660000.0,48735043.453,0.0,0.0
2017-11-21,22779043.453,-284000.0,25672000.0,-64180000.0,-284000.0,48451043.453,0.0,0.0
2017-11-22,23378243.453,428000.0,25500800.0,-63752000.0,428000.0,48879043.453,0.0,0.0
2017-11-23,25716243.453,1670000.0,24832800.0,-62082000.0,1670000.0,50549043.453,0.0,0.0
2017-11-24,25453043.453,-188000.0,24908000.0,-62270000.0,-188000.0,50361043.453,0.0,0.0
2017-11-27,26727043.453,910000.0,24544000.0,-61360000.0,910000.0,51271043.453,0.0,0.0
2017-11-28,24957443.453,-1264000.0,25049600.0,-62624000.0,-1264000.0,50007043.453,0.0,0.0
2017-11-29,24806243.453,-108000.0,25092800.0,-62732000.0,-108000.0,49899043.453,0.0,0.0
2017-11-30,25831043.453,732000.0,24800000.0,-62000000.0,732000.0,50631043.453,0.0,0.0
2017-12-01,24725043.453,-790000.0,25116000.0,-62790000.0,-790000.0,49841043.453,0.0,0.0
2017-12-04,25357843.453,452000.0,24935200.0,-62338000.0,452000.0,50293043.453,0.0,0.0
2017-12-05,27259043.453,1358000.0,24392000.0,-60980000.0,1358000.0,51651043.453,0.0,0.0
2017-12-06,26783043.453,-340000.0,24528000.0,-61320000.0,-340000.0,51311043.453,0.0,0.0
2017-12-07,27432643.453,464000.0,24342400.0,-60856000.0,464000.0,51775043.453,0.0,0.0
2017-12-08,26195043.453,-884000.0,24696000.0,-61740000.0,-884000.0,50891043.453,0.0,0.0
2017-12-11,24842643.453,-966000.0,25082400.0,-62706000.0,-966000.0,49925043.453,0.0,0.0
2017-12-12,25455843.453,438000.0,24907200.0,-62268000.0,438000.0,50363043.453,0.0,0.0
2017-12-13,24797843.453,-470000.0,25095200.0,-62738000.0,-470000.0,49893043.453,0.0,0.0
2017-12-14,24655043.453,-102000.0,25136000.0,-62840000.0,-102000.0,49791043.453,0.0,0.0
2017-12-15,25733043.453,770000.0,24828000.0,-62070000.0,770000.0,50561043.453,0.0,0.0
2017-12-18,26365843.453,452000.0,24647200.0,-61618000.0,452000.0,51013043.453,0.0,0.0
2017-12-19,25355043.453,-722000.0,24936000.0,-62340000.0,-722000.0,50291043.453,0.0,0.0
2017-12-20,26413443.453,756000.0,24633600.0,-61584000.0,756000.0,51047043.453,0.0,0.0
2017-12-21,25453043.453,-686000.0,24908000.0,-62270000.0,-686000.0,50361043.453,0.0,0.0
2017-12-22,25226243.453,-162000.0,24972800.0,-62432000.0,-162000.0,50199043.453,0.0,0.0
2017-12-25,26363043.453,812000.0,24648000.0,-61620000.0,812000.0,51011043.453,0.0,0.0
2017-12-26,25559443.453,-574000.0,24877600.0,-62194000.0,-574000.0,50437043.453,0.0,0.0
2017-12-27,26444243.453,632000.0,24624800.0,-61562000.0,632000.0,51069043.453,0.0,0.0
2017-12-28,25747043.453,-498000.0,24824000.0,-62060000.0,-498000.0,50571043.453,0.0,0.0
2017-12-29,24699843.453,-748000.0,25123200.0,-62808000.0,-748000.0,49823043.453,0.0,0.0
2018-01-02,23801043.453,-642000.0,25380000.0,-63450000.0,-642000.0,49181043.453,0.0,0.0
2018-01-03,23196243.453,-432000.0,25552800.0,-63882000.0,-432000.0,48749043.453,0.0,0.0
2018-01-04,22935843.453,-186000.0,25627200.0,-64068000.0,-186000.0,48563043.453,0.0,0.0
2018-01-05,23019843.453,60000.0,25603200.0,-64008000.0,60000.0,48623043.453,0.0,0.0
2018-01-08,22569043.453,-322000.0,25732000.0,-64330000.0,-322000.0,48301043.453,0.0,0.0
2018-01-09,22541043.453,-20000.0,25740000.0,-64350000.0,-20000.0,48281043.453,0.0,0.0
2018-01-10,22938643.453,284000.0,25626400.0,-64066000.0,284000.0,48565043.453,0.0,0.0
2018-01-11,22706243.453,-166000.0,25692800.0,-64232000.0,-166000.0,48399043.453,0.0,0.0
2018-01-12,23014243.453,220000.0,25604800.0,-64012000.0,220000.0,48619043.453,0.0,0.0
2018-01-15,24809043.453,1282000.0,25092000.0,-62730000.0,1282000.0,49901043.453,0.0,0.0
2018-01-16,24632643.453,-126000.0,25142400.0,-62856000.0,-126000.0,49775043.453,0.0,0.0
2018-01-17,25131043.453,356000.0,25000000.0,-62500000.0,356000.0,50131043.453,0.0,0.0
2018-01-18,24632643.453,-356000.0,25142400.0,-62856000.0,-356000.0,49775043.453,0.0,0.0
2018-01-19,25383043.453,536000.0,24928000.0,-62320000.0,536000.0,50311043.453,0.0,0.0
2018-01-22,23750643.453,-1166000.0,25394400.0,-63486000.0,-1166000.0,49145043.453,0.0,0.0
2018-01-23,23789843.453,28000.0,25383200.0,-63458000.0,28000.0,49173043.453,0.0,0.0
2018-01-24,22896643.453,-638000.0,25638400.0,-64096000.0,-638000.0,48535043.453,0.0,0.0
2018-01-25,23213043.453,226000.0,25548000.0,-63870000.0,226000.0,48761043.453,0.0,0.0
2018-01-26,23073043.453,-100000.0,25588000.0,-63970000.0,-100000.0,48661043.453,0.0,0.0
2018-01-29,24260243.453,848000.0,25248800.0,-63122000.0,848000.0,49509043.453,0.0,0.0
2018-01-30,24391843.453,94000.0,25211200.0,-63028000.0,94000.0,49603043.453,0.0,0.0
2018-01-31,26018643.453,1162000.0,24746400.0,-61866000.0,1162000.0,50765043.453,0.0,0.0
2018-02-01,29051043.453,2166000.0,23880000.0,-59700000.0,2166000.0,52931043.453,0.0,0.0
2018-02-02,28824243.453,-162000.0,23944800.0,-59862000.0,-162000.0,52769043.453,0.0,0.0
2018-02-05,28913843.453,64000.0,23919200.0,-59798000.0,64000.0,52833043.453,0.0,0.0
2018-02-06,33015843.453,2930000.0,22747200.0,-56868000.0,2930000.0,55763043.453,0.0,0.0
2018-02-07,33349043.453,238000.0,22652000.0,-56630000.0,238000.0,56001043.453,0.0,0.0
2018-02-08,32173043.453,-840000.0,22988000.0,-57470000.0,-840000.0,55161043.453,0.0,0.0
2018-02-09,35575043.453,2430000.0,22016000.0,-55040000.0,2430000.0,57591043.453,0.0,0.0
2018-02-12,33701843.453,-1338000.0,22551200.0,-56378000.0,-1338000.0,56253043.453,0.0,0.0
2018-02-13,32999043.453,-502000.0,22752000.0,-56880000.0,-502000.0,55751043.453,0.0,0.0
2018-02-14,32719043.453,-200000.0,22832000.0,-57080000.0,-200000.0,55551043.453,0.0,0.0
2018-02-22,31081043.453,-1170000.0,23300000.0,-58250000.0,-1170000.0,54381043.453,0.0,0.0
2018-02-23,30963443.453,-84000.0,23333600.0,-58334000.0,-84000.0,54297043.453,0.0,0.0
2018-02-26,28566643.453,-1712000.0,24018400.0,-60046000.0,-1712000.0,52585043.453,0.0,0.0
2018-02-27,28916643.453,250000.0,23918400.0,-59796000.0,250000.0,52835043.453,0.0,0.0
2018-02-28,28863443.453,-38000.0,23933600.0,-59834000.0,-38000.0,52797043.453,0.0,0.0
2018-03-01,27821843.453,-744000.0,24231200.0,-60578000.0,-744000.0,52053043.453,0.0,0.0
2018-03-02,28138243.453,226000.0,24140800.0,-60352000.0,226000.0,52279043.453,0.0,0.0
2018-03-05,28362243.453,160000.0,24076800.0,-60192000.0,160000.0,52439043.453,0.0,0.0
2018-03-06,27065843.453,-926000.0,24447200.0,-61118000.0,-926000.0,51513043.453,0.0,0.0
2018-03-07,28197043.453,808000.0,24124000.0,-60310000.0,808000.0,52321043.453,0.0,0.0
2018-03-08,27295443.453,-644000.0,24381600.0,-60954000.0,-644000.0,51677043.453,0.0,0.0
2018-03-09,25847843.453,-1034000.0,24795200.0,-61988000.0,-1034000.0,50643043.453,0.0,0.0
2018-03-12,24775443.453,-766000.0,25101600.0,-62754000.0,-766000.0,49877043.453,0.0,0.0
2018-03-13,25257043.453,344000.0,24964000.0,-62410000.0,344000.0,50221043.453,0.0,0.0
2018-03-14,26153043.453,640000.0,24708000.0,-61770000.0,640000.0,50861043.453,0.0,0.0
2018-03-15,26223043.453,50000.0,24688000.0,-61720000.0,50000.0,50911043.453,0.0,0.0
2018-03-16,27446643.453,874000.0,24338400.0,-60846000.0,874000.0,51785043.453,0.0,0.0
2018-03-19,27505443.453,42000.0,24321600.0,-60804000.0,42000.0,51827043.453,0.0,0.0
2018-03-20,27186243.453,-228000.0,24412800.0,-61032000.0,-228000.0,51599043.453,0.0,0.0
2018-03-21,28071043.453,632000.0,24160000.0,-60400000.0,632000.0,52231043.453,0.0,0.0
2018-03-22,28107443.453,26000.0,24149600.0,-60374000.0,26000.0,52257043.453,0.0,0.0
2018-03-23,33312643.453,3718000.0,22662400.0,-56656000.0,3718000.0,55975043.453,0.0,0.0
2018-03-26,30787043.453,-1804000.0,23384000.0,-58460000.0,-1804000.0,54171043.453,0.0,0.0
2018-03-27,28552643.453,-1596000.0,24022400.0,-60056000.0,-1596000.0,52575043.453,0.0,0.0
2018-03-28,29818243.453,904000.0,23660800.0,-59152000.0,904000.0,53479043.453,0.0,0.0
2018-03-29,28463043.453,-968000.0,24048000.0,-60120000.0,-968000.0,52511043.453,0.0,0.0
2018-03-30,27217043.453,-890000.0,24404000.0,-61010000.0,-890000.0,51621043.453,0.0,0.0
2018-04-02,27581043.453,260000.0,24300000.0,-60750000.0,260000.0,51881043.453,0.0,0.0
2018-04-03,28303443.453,516000.0,24093600.0,-60234000.0,516000.0,52397043.453,0.0,0.0
2018-04-04,28967043.453,474000.0,23904000.0,-59760000.0,474000.0,52871043.453,0.0,0.0
2018-04-09,28885843.453,-58000.0,23927200.0,-59818000.0,-58000.0,52813043.453,0.0,0.0
2018-04-10,27959043.453,-662000.0,24192000.0,-60480000.0,-662000.0,52151043.453,0.0,0.0
2018-04-11,27861043.453,-70000.0,24220000.0,-60550000.0,-70000.0,52081043.453,0.0,0.0
2018-04-12,28311843.453,322000.0,24091200.0,-60228000.0,322000.0,52403043.453,0.0,0.0
2018-04-13,28491043.453,128000.0,24040000.0,-60100000.0,128000.0,52531043.453,0.0,0.0
2018-04-16,28785043.453,210000.0,23956000.0,-59890000.0,210000.0,52741043.453,0.0,0.0
2018-04-17,30199043.453,1010000.0,23552000.0,-58880000.0,1010000.0,53751043.453,0.0,0.0
2018-04-18,29317043.453,-630000.0,23804000.0,-59510000.0,-630000.0,53121043.453,0.0,0.0
2018-04-19,28631043.453,-490000.0,24000000.0,-60000000.0,-490000.0,52631043.453,0.0,0.0
2018-04-20,30913043.453,1630000.0,23348000.0,-58370000.0,1630000.0,54261043.453,0.0,0.0
2018-04-23,31722243.453,578000.0,23116800.0,-57792000.0,578000.0,54839043.453,0.0,0.0
2018-04-24,29846243.453,-1340000.0,23652800.0,-59132000.0,-1340000.0,53499043.453,0.0,0.0
2018-04-25,29849043.453,2000.0,23652000.0,-59130000.0,2000.0,53501043.453,0.0,0.0
2018-04-26,31341443.453,1066000.0,23225600.0,-58064000.0,1066000.0,54567043.453,0.0,0.0
2018-04-27,30700243.453,-458000.0,23408800.0,-58522000.0,-458000.0,54109043.453,0.0,0.0
2018-05-02,31041843.453,244000.0,23311200.0,-58278000.0,244000.0,54353043.453,0.0,0.0
2018-05-03,30137443.453,-646000.0,23569600.0,-58924000.0,-646000.0,53707043.453,0.0,0.0
2018-05-04,30297043.453,114000.0,23524000.0,-58810000.0,114000.0,53821043.453,0.0,0.0
2018-05-07,28617043.453,-1200000.0,24004000.0,-60010000.0,-1200000.0,52621043.453,0.0,0.0
2018-05-08,28230643.453,-276000.0,24114400.0,-60286000.0,-276000.0,52345043.453,0.0,0.0
2018-05-09,28477043.453,176000.0,24044000.0,-60110000.0,176000.0,52521043.453,0.0,0.0
2018-05-10,28121443.453,-254000.0,24145600.0,-60364000.0,-254000.0,52267043.453,0.0,0.0
2018-05-11,28729043.453,434000.0,23972000.0,-59930000.0,434000.0,52701043.453,0.0,0.0
2018-05-14,29135043.453,290000.0,23856000.0,-59640000.0,290000.0,52991043.453,0.0,0.0
2018-05-15,28351043.453,-560000.0,24080000.0,-60200000.0,-560000.0,52431043.453,0.0,0.0
2018-05-16,29107043.453,540000.0,23864000.0,-59660000.0,540000.0,52971043.453,0.0,0.0
2018-05-17,29681043.453,410000.0,23700000.0,-59250000.0,410000.0,53381043.453,0.0,0.0
2018-05-18,28978243.453,-502000.0,23900800.0,-59752000.0,-502000.0,52879043.453,0.0,0.0
2018-05-21,28247443.453,-522000.0,24109600.0,-60274000.0,-522000.0,52357043.453,0.0,0.0
2018-05-22,27707043.453,-386000.0,24264000.0,-60660000.0,-386000.0,51971043.453,0.0,0.0
2018-05-23,28737443.453,736000.0,23969600.0,-59924000.0,736000.0,52707043.453,0.0,0.0
2018-05-24,29095843.453,256000.0,23867200.0,-59668000.0,256000.0,52963043.453,0.0,0.0
2018-05-25,30383843.453,920000.0,23499200.0,-58748000.0,920000.0,53883043.453,0.0,0.0
2018-05-28,30333443.453,-36000.0,23513600.0,-58784000.0,-36000.0,53847043.453,0.0,0.0
2018-05-29,31509443.453,840000.0,23177600.0,-57944000.0,840000.0,54687043.453,0.0,0.0
2018-05-30,33486243.453,1412000.0,22612800.0,-56532000.0,1412000.0,56099043.453,0.0,0.0
2018-05-31,32299043.453,-848000.0,22952000.0,-57380000.0,-848000.0,55251043.453,0.0,0.0
2018-06-01,33335043.453,740000.0,22656000.0,-56640000.0,740000.0,55991043.453,0.0,0.0
2018-06-04,33237043.453,-70000.0,22684000.0,-56710000.0,-70000.0,55921043.453,0.0,0.0
2018-06-05,31848243.453,-992000.0,23080800.0,-57702000.0,-992000.0,54929043.453,0.0,0.0
2018-06-06,31912643.453,46000.0,23062400.0,-57656000.0,46000.0,54975043.453,0.0,0.0
2018-06-07,32383043.453,336000.0,22928000.0,-57320000.0,336000.0,55311043.453,0.0,0.0
2018-06-08,33410643.453,734000.0,22634400.0,-56586000.0,734000.0,56045043.453,0.0,0.0
2018-06-11,33682243.453,194000.0,22556800.0,-56392000.0,194000.0,56239043.453,0.0,0.0
2018-06-12,33015843.453,-476000.0,22747200.0,-56868000.0,-476000.0,55763043.453,0.0,0.0
2018-06-13,34189043.453,838000.0,22412000.0,-56030000.0,838000.0,56601043.453,0.0,0.0
2018-06-14,35029043.453,600000.0,22172000.0,-55430000.0,600000.0,57201043.453,0.0,0.0
2018-06-15,36518643.453,1064000.0,21746400.0,-54366000.0,1064000.0,58265043.453,0.0,0.0
2018-06-19,41821843.453,3788000.0,20231200.0,-50578000.0,3788000.0,62053043.453,0.0,0.0
2018-06-20,40640243.453,-844000.0,20568800.0,-51422000.0,-844000.0,61209043.453,0.0,0.0
2018-06-21,42491043.453,1322000.0,20040000.0,-50100000.0,1322000.0,62531043.453,0.0,0.0
2018-06-22,41079843.453,-1008000.0,20443200.0,-51108000.0,-1008000.0,61523043.453,0.0,0.0
2018-06-25,42227843.453,820000.0,20115200.0,-50288000.0,820000.0,62343043.453,0.0,0.0
2018-06-26,41301043.453,-662000.0,20380000.0,-50950000.0,-662000.0,61681043.453,0.0,0.0
2018-06-27,42617043.453,940000.0,20004000.0,-50010000.0,940000.0,62621043.453,0.0,0.0
2018-06-28,42530243.453,-62000.0,20028800.0,-50072000.0,-62000.0,62559043.453,0.0,0.0
2018-06-29,40035443.453,-1782000.0,20741600.0,-51854000.0,-1782000.0,60777043.453,0.0,0.0
2018-07-02,41231043.453,854000.0,20400000.0,-51000000.0,854000.0,61631043.453,0.0,0.0
2018-07-03,40615043.453,-440000.0,20576000.0,-51440000.0,-440000.0,61191043.453,0.0,0.0
2018-07-04,41435443.453,586000.0,20341600.0,-50854000.0,586000.0,61777043.453,0.0,0.0
2018-07-05,43748243.453,1652000.0,19680800.0,-49202000.0,1652000.0,63429043.453,0.0,0.0
2018-07-06,43359043.453,-278000.0,19792000.0,-49480000.0,-278000.0,63151043.453,0.0,0.0
2018-07-09,41399043.453,-1400000.0,20352000.0,-50880000.0,-1400000.0,61751043.453,0.0,0.0
2018-07-10,41021043.453,-270000.0,20460000.0,-51150000.0,-270000.0,61481043.453,0.0,0.0
2018-07-11,42507843.453,1062000.0,20035200.0,-50088000.0,1062000.0,62543043.453,0.0,0.0
2018-07-12,40133443.453,-1696000.0,20713600.0,-51784000.0,-1696000.0,60847043.453,0.0,0.0
2018-07-13,39957043.453,-126000.0,20764000.0,-51910000.0,-126000.0,60721043.453,0.0,0.0
2018-07-16,39842243.453,-82000.0,20796800.0,-51992000.0,-82000.0,60639043.453,0.0,0.0
2018-07-17,40049443.453,148000.0,20737600.0,-51844000.0,148000.0,60787043.453,0.0,0.0
2018-07-18,40402243.453,252000.0,20636800.0,-51592000.0,252000.0,61039043.453,0.0,0.0
2018-07-19,40959443.453,398000.0,20477600.0,-51194000.0,398000.0,61437043.453,0.0,0.0
2018-07-20,40598243.453,-258000.0,20580800.0,-51452000.0,-258000.0,61179043.453,0.0,0.0
2018-07-23,39957043.453,-458000.0,20764000.0,-51910000.0,-458000.0,60721043.453,0.0,0.0
2018-07-24,38445043.453,-1080000.0,21196000.0,-52990000.0,-1080000.0,59641043.453,0.0,0.0
2018-07-25,38461843.453,12000.0,21191200.0,-52978000.0,12000.0,59653043.453,0.0,0.0
2018-07-26,38968643.453,362000.0,21046400.0,-52616000.0,362000.0,60015043.453,0.0,0.0
2018-07-27,39411043.453,316000.0,20920000.0,-52300000.0,316000.0,60331043.453,0.0,0.0
2018-07-30,40665443.453,896000.0,20561600.0,-51404000.0,896000.0,61227043.453,0.0,0.0
2018-07-31,40427443.453,-170000.0,20629600.0,-51574000.0,-170000.0,61057043.453,0.0,0.0
2018-08-01,41583843.453,826000.0,20299200.0,-50748000.0,826000.0,61883043.453,0.0,0.0
2018-08-02,43381443.453,1284000.0,19785600.0,-49464000.0,1284000.0,63167043.453,0.0,0.0
2018-08-03,44336243.453,682000.0,19512800.0,-48782000.0,682000.0,63849043.453,0.0,0.0
2018-08-06,45347043.453,722000.0,19224000.0,-48060000.0,722000.0,64571043.453,0.0,0.0
2018-08-07,43625043.453,-1230000.0,19716000.0,-49290000.0,-1230000.0,63341043.453,0.0,0.0
2018-08-08,44655443.453,736000.0,19421600.0,-48554000.0,736000.0,64077043.453,0.0,0.0
2018-08-09,42953043.453,-1216000.0,19908000.0,-49770000.0,-1216000.0,62861043.453,0.0,0.0
2018-08-10,42451843.453,-358000.0,20051200.0,-50128000.0,-358000.0,62503043.453,0.0,0.0
2018-08-13,41981443.453,-336000.0,20185600.0,-50464000.0,-336000.0,62167043.453,0.0,0.0
2018-08-14,42689843.453,506000.0,19983200.0,-49958000.0,506000.0,62673043.453,0.0,0.0
2018-08-15,44339043.453,1178000.0,19512000.0,-48780000.0,1178000.0,63851043.453,0.0,0.0
2018-08-16,45145443.453,576000.0,19281600.0,-48204000.0,576000.0,64427043.453,0.0,0.0
2018-08-17,46299043.453,824000.0,18952000.0,-47380000.0,824000.0,65251043.453,0.0,0.0
2018-08-20,45660643.453,-456000.0,19134400.0,-47836000.0,-456000.0,64795043.453,0.0,0.0
2018-08-21,45081043.453,-414000.0,19300000.0,-48250000.0,-414000.0,64381043.453,0.0,0.0
2018-08-22,45347043.453,190000.0,19224000.0,-48060000.0,190000.0,64571043.453,0.0,0.0
2018-08-23,45064243.453,-202000.0,19304800.0,-48262000.0,-202000.0,64369043.453,0.0,0.0
2018-08-24,45299443.453,168000.0,19237600.0,-48094000.0,168000.0,64537043.453,0.0,0.0
2018-08-27,43591443.453,-1220000.0,19725600.0,-49314000.0,-1220000.0,63317043.453,0.0,0.0
2018-08-28,43515843.453,-54000.0,19747200.0,-49368000.0,-54000.0,63263043.453,0.0,0.0
2018-08-29,43776243.453,186000.0,19672800.0,-49182000.0,186000.0,63449043.453,0.0,0.0
2018-08-30,44787043.453,722000.0,19384000.0,-48460000.0,722000.0,64171043.453,0.0,0.0
2018-08-31,45663443.453,626000.0,19133600.0,-47834000.0,626000.0,64797043.453,0.0,0.0
2018-09-03,45156643.453,-362000.0,19278400.0,-48196000.0,-362000.0,64435043.453,0.0,0.0
2018-09-04,44624643.453,-380000.0,19430400.0,-48576000.0,-380000.0,64055043.453,0.0,0.0
2018-09-05,45641043.453,726000.0,19140000.0,-47850000.0,726000.0,64781043.453,0.0,0.0
2018-09-06,45881843.453,172000.0,19071200.0,-47678000.0,172000.0,64953043.453,0.0,0.0
2018-09-07,45921043.453,28000.0,19060000.0,-47650000.0,28000.0,64981043.453,0.0,0.0
2018-09-10,47052243.453,808000.0,18736800.0,-46842000.0,808000.0,65789043.453,0.0,0.0
2018-09-11,46909443.453,-102000.0,18777600.0,-46944000.0,-102000.0,65687043.453,0.0,0.0
2018-09-12,47181043.453,194000.0,18700000.0,-46750000.0,194000.0,65881043.453,0.0,0.0
2018-09-13,46579043.453,-430000.0,18872000.0,-47180000.0,-430000.0,65451043.453,0.0,0.0
2018-09-14,47469443.453,636000.0,18617600.0,-46544000.0,636000.0,66087043.453,0.0,0.0
2018-09-17,48191843.453,516000.0,18411200.0,-46028000.0,516000.0,66603043.453,0.0,0.0
2018-09-18,47119443.453,-766000.0,18717600.0,-46794000.0,-766000.0,65837043.453,0.0,0.0
2018-09-19,46349443.453,-550000.0,18937600.0,-47344000.0,-550000.0,65287043.453,0.0,0.0
2018-09-20,46629443.453,200000.0,18857600.0,-47144000.0,200000.0,65487043.453,0.0,0.0
2018-09-21,45041843.453,-1134000.0,19311200.0,-48278000.0,-1134000.0,64353043.453,0.0,0.0
2018-09-25,45526243.453,346000.0,19172800.0,-47932000.0,346000.0,64699043.453,0.0,0.0
2018-09-26,45431043.453,-68000.0,19200000.0,-48000000.0,-68000.0,64631043.453,0.0,0.0
2018-09-27,45926643.453,354000.0,19058400.0,-47646000.0,354000.0,64985043.453,0.0,0.0
2018-09-28,45145443.453,-558000.0,19281600.0,-48204000.0,-558000.0,64427043.453,0.0,0.0
2018-10-08,47463843.453,1656000.0,18619200.0,-46548000.0,1656000.0,66083043.453,0.0,0.0
2018-10-09,47883843.453,300000.0,18499200.0,-46248000.0,300000.0,66383043.453,0.0,0.0
2018-10-10,47682243.453,-144000.0,18556800.0,-46392000.0,-144000.0,66239043.453,0.0,0.0
2018-10-11,53016243.453,3810000.0,17032800.0,-42582000.0,3810000.0,70049043.453,0.0,0.0
2018-10-12,52890243.453,-90000.0,17068800.0,-42672000.0,-90000.0,69959043.453,0.0,0.0
2018-10-15,54133443.453,888000.0,16713600.0,-41784000.0,888000.0,70847043.453,0.0,0.0
2018-10-16,55225443.453,780000.0,16401600.0,-41004000.0,780000.0,71627043.453,0.0,0.0
2018-10-17,54942643.453,-202000.0,16482400.0,-41206000.0,-202000.0,71425043.453,0.0,0.0
2018-10-18,56166243.453,874000.0,16132800.0,-40332000.0,874000.0,72299043.453,0.0,0.0
2018-10-19,55505443.453,-472000.0,16321600.0,-40804000.0,-472000.0,71827043.453,0.0,0.0
2018-10-22,52184643.453,-2372000.0,17270400.0,-43176000.0,-2372000.0,69455043.453,0.0,0.0
2018-10-23,53957043.453,1266000.0,16764000.0,-41910000.0,1266000.0,70721043.453,0.0,0.0
2018-10-24,54055043.453,70000.0,16736000.0,-41840000.0,70000.0,70791043.453,0.0,0.0
2018-10-25,53769443.453,-204000.0,16817600.0,-42044000.0,-204000.0,70587043.453,0.0,0.0
2018-10-26,54251043.453,344000.0,16680000.0,-41700000.0,344000.0,70931043.453,0.0,0.0
2018-10-29,54895043.453,460000.0,16496000.0,-41240000.0,460000.0,71391043.453,0.0,0.0
2018-10-30,54239843.453,-468000.0,16683200.0,-41708000.0,-468000.0,70923043.453,0.0,0.0
2018-10-31,53369043.453,-622000.0,16932000.0,-42330000.0,-622000.0,70301043.453,0.0,0.0
2018-11-01,52985443.453,-274000.0,17041600.0,-42604000.0,-274000.0,70027043.453,0.0,0.0
2018-11-02,50781843.453,-1574000.0,17671200.0,-44178000.0,-1574000.0,68453043.453,0.0,0.0
2018-11-05,50829443.453,34000.0,17657600.0,-44144000.0,34000.0,68487043.453,0.0,0.0
2018-11-06,50751043.453,-56000.0,17680000.0,-44200000.0,-56000.0,68431043.453,0.0,0.0
2018-11-07,51425843.453,482000.0,17487200.0,-43718000.0,482000.0,68913043.453,0.0,0.0
2018-11-08,51731043.453,218000.0,17400000.0,-43500000.0,218000.0,69131043.453,0.0,0.0
2018-11-09,51781443.453,36000.0,17385600.0,-43464000.0,36000.0,69167043.453,0.0,0.0
2018-11-12,50079043.453,-1216000.0,17872000.0,-44680000.0,-1216000.0,67951043.453,0.0,0.0
2018-11-13,48810643.453,-906000.0,18234400.0,-45586000.0,-906000.0,67045043.453,0.0,0.0
2018-11-14,49132643.453,230000.0,18142400.0,-45356000.0,230000.0,67275043.453,0.0,0.0
2018-11-15,47965043.453,-834000.0,18476000.0,-46190000.0,-834000.0,66441043.453,0.0,0.0
2018-11-16,47561843.453,-288000.0,18591200.0,-46478000.0,-288000.0,66153043.453,0.0,0.0
2018-11-19,47399443.453,-116000.0,18637600.0,-46594000.0,-116000.0,66037043.453,0.0,0.0
2018-11-20,49351043.453,1394000.0,18080000.0,-45200000.0,1394000.0,67431043.453,0.0,0.0
2018-11-21,49124243.453,-162000.0,18144800.0,-45362000.0,-162000.0,67269043.453,0.0,0.0
2018-11-22,49309043.453,132000.0,18092000.0,-45230000.0,132000.0,67401043.453,0.0,0.0
2018-11-23,52036243.453,1948000.0,17312800.0,-43282000.0,1948000.0,69349043.453,0.0,0.0
2018-11-26,52209843.453,124000.0,17263200.0,-43158000.0,124000.0,69473043.453,0.0,0.0
2018-11-27,51812243.453,-284000.0,17376800.0,-43442000.0,-284000.0,69189043.453,0.0,0.0
2018-11-28,51059043.453,-538000.0,17592000.0,-43980000.0,-538000.0,68651043.453,0.0,0.0
2018-11-29,52260243.453,858000.0,17248800.0,-43122000.0,858000.0,69509043.453,0.0,0.0
2018-11-30,52036243.453,-160000.0,17312800.0,-43282000.0,-160000.0,69349043.453,0.0,0.0
2018-12-03,50023043.453,-1438000.0,17888000.0,-44720000.0,-1438000.0,67911043.453,0.0,0.0
2018-12-04,49426643.453,-426000.0,18058400.0,-45146000.0,-426000.0,67485043.453,0.0,0.0
2018-12-05,50051043.453,446000.0,17880000.0,-44700000.0,446000.0,67931043.453,0.0,0.0
2018-12-06,51196243.453,818000.0,17552800.0,-43882000.0,818000.0,68749043.453,0.0,0.0
2018-12-07,51227043.453,22000.0,17544000.0,-43860000.0,22000.0,68771043.453,0.0,0.0
2018-12-10,51918643.453,494000.0,17346400.0,-43366000.0,494000.0,69265043.453,0.0,0.0
2018-12-11,51210243.453,-506000.0,17548800.0,-43872000.0,-506000.0,68759043.453,0.0,0.0
2018-12-12,51425843.453,154000.0,17487200.0,-43718000.0,154000.0,68913043.453,0.0,0.0
2018-12-13,50608243.453,-584000.0,17720800.0,-44302000.0,-584000.0,68329043.453,0.0,0.0
2018-12-14,52016643.453,1006000.0,17318400.0,-43296000.0,1006000.0,69335043.453,0.0,0.0
2018-12-17,52134243.453,84000.0,17284800.0,-43212000.0,84000.0,69419043.453,0.0,0.0
2018-12-18,52498243.453,260000.0,17180800.0,-42952000.0,260000.0,69679043.453,0.0,0.0
2018-12-19,53324243.453,590000.0,16944800.0,-42362000.0,590000.0,70269043.453,0.0,0.0
2018-12-20,52935043.453,-278000.0,17056000.0,-42640000.0,-278000.0,69991043.453,0.0,0.0
2018-12-21,53747043.453,580000.0,16824000.0,-42060000.0,580000.0,70571043.453,0.0,0.0
2018-12-24,53061043.453,-490000.0,17020000.0,-42550000.0,-490000.0,70081043.453,0.0,0.0
2018-12-25,53898243.453,598000.0,16780800.0,-41952000.0,598000.0,70679043.453,0.0,0.0
2018-12-26,53985043.453,62000.0,16756000.0,-41890000.0,62000.0,70741043.453,0.0,0.0
2018-12-27,54797043.453,580000.0,16524000.0,-41310000.0,580000.0,71321043.453,0.0,0.0
2018-12-28,54945443.453,106000.0,16481600.0,-41204000.0,106000.0,71427043.453,0.0,0.0
2019-01-02,55275843.453,236000.0,16387200.0,-40968000.0,236000.0,71663043.453,0.0,0.0
2019-01-03,55418643.453,102000.0,16346400.0,-40866000.0,102000.0,71765043.453,0.0,0.0
2019-01-04,53721843.453,-1212000.0,16831200.0,-42078000.0,-1212000.0,70553043.453,0.0,0.0
2019-01-07,52870643.453,-608000.0,17074400.0,-42686000.0,-608000.0,69945043.453,0.0,0.0
2019-01-08,52839843.453,-22000.0,17083200.0,-42708000.0,-22000.0,69923043.453,0.0,0.0
2019-01-09,52797843.453,-30000.0,17095200.0,-42738000.0,-30000.0,69893043.453,0.0,0.0
2019-01-10,52747443.453,-36000.0,17109600.0,-42774000.0,-36000.0,69857043.453,0.0,0.0
2019-01-11,52263043.453,-346000.0,17248000.0,-43120000.0,-346000.0,69511043.453,0.0,0.0
2019-01-14,52568243.453,218000.0,17160800.0,-42902000.0,218000.0,69729043.453,0.0,0.0
2019-01-15,51711443.453,-612000.0,17405600.0,-43514000.0,-612000.0,69117043.453,0.0,0.0
2019-01-16,51857043.453,104000.0,17364000.0,-43410000.0,104000.0,69221043.453,0.0,0.0
2019-01-17,52327443.453,336000.0,17229600.0,-43074000.0,336000.0,69557043.453,0.0,0.0
2019-01-18,51857043.453,-336000.0,17364000.0,-43410000.0,-336000.0,69221043.453,0.0,0.0
2019-01-21,51591043.453,-190000.0,17440000.0,-43600000.0,-190000.0,69031043.453,0.0,0.0
2019-01-22,52736243.453,818000.0,17112800.0,-42782000.0,818000.0,69849043.453,0.0,0.0
2019-01-23,52641043.453,-68000.0,17140000.0,-42850000.0,-68000.0,69781043.453,0.0,0.0
2019-01-24,52137043.453,-360000.0,17284000.0,-43210000.0,-360000.0,69421043.453,0.0,0.0
2019-01-25,52467443.453,236000.0,17189600.0,-42974000.0,236000.0,69657043.453,0.0,0.0
2019-01-28,52730643.453,188000.0,17114400.0,-42786000.0,188000.0,69845043.453,0.0,0.0
2019-01-29,53447443.453,512000.0,16909600.0,-42274000.0,512000.0,70357043.453,0.0,0.0
2019-01-30,54041043.453,424000.0,16740000.0,-41850000.0,424000.0,70781043.453,0.0,0.0
2019-01-31,54279043.453,170000.0,16672000.0,-41680000.0,170000.0,70951043.453,0.0,0.0
2019-02-01,52361043.453,-1370000.0,17220000.0,-43050000.0,-1370000.0,69581043.453,0.0,0.0
2019-02-11,51031043.453,-950000.0,17600000.0,-44000000.0,-950000.0,68631043.453,0.0,0.0
2019-02-12,50627843.453,-288000.0,17715200.0,-44288000.0,-288000.0,68343043.453,0.0,0.0
2019-02-13,49493843.453,-810000.0,18039200.0,-45098000.0,-810000.0,67533043.453,0.0,0.0
2019-02-14,49113043.453,-272000.0,18148000.0,-45370000.0,-272000.0,67261043.453,0.0,0.0
2019-02-15,49594643.453,344000.0,18010400.0,-45026000.0,344000.0,67605043.453,0.0,0.0
2019-02-18,47153043.453,-1744000.0,18708000.0,-46770000.0,-1744000.0,65861043.453,0.0,0.0
2019-02-19,47405043.453,180000.0,18636000.0,-46590000.0,180000.0,66041043.453,0.0,0.0
2019-02-20,47503043.453,70000.0,18608000.0,-46520000.0,70000.0,66111043.453,0.0,0.0
2019-02-21,47363043.453,-100000.0,18648000.0,-46620000.0,-100000.0,66011043.453,0.0,0.0
2019-02-22,45363843.453,-1428000.0,19219200.0,-48048000.0,-1428000.0,64583043.453,0.0,0.0
2019-02-25,40909043.453,-3182000.0,20492000.0,-51230000.0,-3182000.0,61401043.453,0.0,0.0
2019-02-26,41746243.453,598000.0,20252800.0,-50632000.0,598000.0,61999043.453,0.0,0.0
2019-02-27,42387443.453,458000.0,20069600.0,-50174000.0,458000.0,62457043.453,0.0,0.0
2019-02-28,42146643.453,-172000.0,20138400.0,-50346000.0,-172000.0,62285043.453,0.0,0.0
2019-03-01,41494243.453,-466000.0,20324800.0,-50812000.0,-466000.0,61819043.453,0.0,0.0
2019-03-04,40609443.453,-632000.0,20577600.0,-51444000.0,-632000.0,61187043.453,0.0,0.0
2019-03-05,38447843.453,-1544000.0,21195200.0,-52988000.0,-1544000.0,59643043.453,0.0,0.0
2019-03-06,37031043.453,-1012000.0,21600000.0,-54000000.0,-1012000.0,58631043.453,0.0,0.0
2019-03-07,36437443.453,-424000.0,21769600.0,-54424000.0,-424000.0,58207043.453,0.0,0.0
2019-03-08,38481443.453,1460000.0,21185600.0,-52964000.0,1460000.0,59667043.453,0.0,0.0
2019-03-11,36347843.453,-1524000.0,21795200.0,-54488000.0,-1524000.0,58143043.453,0.0,0.0
2019-03-12,34984243.453,-974000.0,22184800.0,-55462000.0,-974000.0,57169043.453,0.0,0.0
2019-03-13,36980643.453,1426000.0,21614400.0,-54036000.0,1426000.0,58595043.453,0.0,0.0
2019-03-14,38576643.453,1140000.0,21158400.0,-52896000.0,1140000.0,59735043.453,0.0,0.0
2019-03-15,38002643.453,-410000.0,21322400.0,-53306000.0,-410000.0,59325043.453,0.0,0.0
2019-03-18,35437843.453,-1832000.0,22055200.0,-55138000.0,-1832000.0,57493043.453,0.0,0.0
2019-03-19,35807443.453,264000.0,21949600.0,-54874000.0,264000.0,57757043.453,0.0,0.0
2019-03-20,36051043.453,174000.0,21880000.0,-54700000.0,174000.0,57931043.453,0.0,0.0
2019-03-21,35051443.453,-714000.0,22165600.0,-55414000.0,-714000.0,57217043.453,0.0,0.0
2019-03-22,34074243.453,-698000.0,22444800.0,-56112000.0,-698000.0,56519043.453,0.0,0.0
2019-03-25,35370643.453,926000.0,22074400.0,-55186000.0,926000.0,57445043.453,0.0,0.0
2019-03-26,37619043.453,1606000.0,21432000.0,-53580000.0,1606000.0,59051043.453,0.0,0.0
2019-03-27,37148643.453,-336000.0,21566400.0,-53916000.0,-336000.0,58715043.453,0.0,0.0
2019-03-28,38170643.453,730000.0,21274400.0,-53186000.0,730000.0,59445043.453,0.0,0.0
2019-03-29,35149443.453,-2158000.0,22137600.0,-55344000.0,-2158000.0,57287043.453,0.0,0.0
2019-04-01,31907043.453,-2316000.0,23064000.0,-57660000.0,-2316000.0,54971043.453,0.0,0.0
2019-04-02,32178643.453,194000.0,22986400.0,-57466000.0,194000.0,55165043.453,0.0,0.0
2019-04-03,31030643.453,-820000.0,23314400.0,-58286000.0,-820000.0,54345043.453,0.0,0.0
2019-04-04,30274643.453,-540000.0,23530400.0,-58826000.0,-540000.0,53805043.453,0.0,0.0
2019-04-08,31419843.453,818000.0,23203200.0,-58008000.0,818000.0,54623043.453,0.0,0.0
2019-04-09,30915843.453,-360000.0,23347200.0,-58368000.0,-360000.0,54263043.453,0.0,0.0
2019-04-10,31167843.453,180000.0,23275200.0,-58188000.0,180000.0,54443043.453,0.0,0.0
2019-04-11,32534243.453,976000.0,22884800.0,-57212000.0,976000.0,55419043.453,0.0,0.0
2019-04-12,32814243.453,200000.0,22804800.0,-57012000.0,200000.0,55619043.453,0.0,0.0
2019-04-15,34105043.453,922000.0,22436000.0,-56090000.0,922000.0,56541043.453,0.0,0.0
2019-04-16,32002243.453,-1502000.0,23036800.0,-57592000.0,-1502000.0,55039043.453,0.0,0.0
2019-04-17,31817443.453,-132000.0,23089600.0,-57724000.0,-132000.0,54907043.453,0.0,0.0
2019-04-18,31918243.453,72000.0,23060800.0,-57652000.0,72000.0,54979043.453,0.0,0.0
2019-04-19,31769843.453,-106000.0,23103200.0,-57758000.0,-106000.0,54873043.453,0.0,0.0
2019-04-22,33153043.453,988000.0,22708000.0,-56770000.0,988000.0,55861043.453,0.0,0.0
2019-04-23,34891843.453,1242000.0,22211200.0,-55528000.0,1242000.0,57103043.453,0.0,0.0
2019-04-24,33853043.453,-742000.0,22508000.0,-56270000.0,-742000.0,56361043.453,0.0,0.0
2019-04-25,36874243.453,2158000.0,21644800.0,-54112000.0,2158000.0,58519043.453,0.0,0.0
2019-04-26,37378243.453,360000.0,21500800.0,-53752000.0,360000.0,58879043.453,0.0,0.0
2019-04-29,39007843.453,1164000.0,21035200.0,-52588000.0,1164000.0,60043043.453,0.0,0.0
2019-04-30,38890243.453,-84000.0,21068800.0,-52672000.0,-84000.0,59959043.453,0.0,0.0
2019-05-06,45291043.453,4572000.0,19240000.0,-48100000.0,4572000.0,64531043.453,0.0,0.0
2019-05-07,43947043.453,-960000.0,19624000.0,-49060000.0,-960000.0,63571043.453,0.0,0.0
2019-05-08,44406243.453,328000.0,19492800.0,-48732000.0,328000.0,63899043.453,0.0,0.0
2019-05-09,44831843.453,304000.0,19371200.0,-48428000.0,304000.0,64203043.453,0.0,0.0
2019-05-10,42379043.453,-1752000.0,20072000.0,-50180000.0,-1752000.0,62451043.453,0.0,0.0
2019-05-13,43493443.453,796000.0,19753600.0,-49384000.0,796000.0,63247043.453,0.0,0.0
2019-05-14,43487843.453,-4000.0,19755200.0,-49388000.0,-4000.0,63243043.453,0.0,0.0
2019-05-15,41984243.453,-1074000.0,20184800.0,-50462000.0,-1074000.0,62169043.453,0.0,0.0
2019-05-16,42729043.453,532000.0,19972000.0,-49930000.0,532000.0,62701043.453,0.0,0.0
2019-05-17,45083843.453,1682000.0,19299200.0,-48248000.0,1682000.0,64383043.453,0.0,0.0
2019-05-20,45081043.453,-2000.0,19300000.0,-48250000.0,-2000.0,64381043.453,0.0,0.0
2019-05-21,43980643.453,-786000.0,19614400.0,-49036000.0,-786000.0,63595043.453,0.0,0.0
2019-05-22,44173843.453,138000.0,19559200.0,-48898000.0,138000.0,63733043.453,0.0,0.0
2019-05-23,45596243.453,1016000.0,19152800.0,-47882000.0,1016000.0,64749043.453,0.0,0.0
2019-05-24,45814643.453,156000.0,19090400.0,-47726000.0,156000.0,64905043.453,0.0,0.0
2019-05-27,43989043.453,-1304000.0,19612000.0,-49030000.0,-1304000.0,63601043.453,0.0,0.0
2019-05-28,44187843.453,142000.0,19555200.0,-48888000.0,142000.0,63743043.453,0.0,0.0
2019-05-29,44507043.453,228000.0,19464000.0,-48660000.0,228000.0,63971043.453,0.0,0.0
2019-05-30,44470643.453,-26000.0,19474400.0,-48686000.0,-26000.0,63945043.453,0.0,0.0
2019-05-31,45307843.453,598000.0,19235200.0,-48088000.0,598000.0,64543043.453,0.0,0.0
2019-06-03,45599043.453,208000.0,19152000.0,-47880000.0,208000.0,64751043.453,0.0,0.0
2019-06-04,46175843.453,412000.0,18987200.0,-47468000.0,412000.0,65163043.453,0.0,0.0
2019-06-05,46525843.453,250000.0,18887200.0,-47218000.0,250000.0,65413043.453,0.0,0.0
2019-06-06,48065843.453,1100000.0,18447200.0,-46118000.0,1100000.0,66513043.453,0.0,0.0
2019-06-10,47419043.453,-462000.0,18632000.0,-46580000.0,-462000.0,66051043.453,0.0,0.0
2019-06-11,44358643.453,-2186000.0,19506400.0,-48766000.0,-2186000.0,63865043.453,0.0,0.0
2019-06-12,45201443.453,602000.0,19265600.0,-48164000.0,602000.0,64467043.453,0.0,0.0
2019-06-13,44890643.453,-222000.0,19354400.0,-48386000.0,-222000.0,64245043.453,0.0,0.0
2019-06-14,45862243.453,694000.0,19076800.0,-47692000.0,694000.0,64939043.453,0.0,0.0
2019-06-17,45531843.453,-236000.0,19171200.0,-47928000.0,-236000.0,64703043.453,0.0,0.0
2019-06-18,45559843.453,20000.0,19163200.0,-47908000.0,20000.0,64723043.453,0.0,0.0
2019-06-19,44661043.453,-642000.0,19420000.0,-48550000.0,-642000.0,64081043.453,0.0,0.0
2019-06-20,43272243.453,-992000.0,19816800.0,-49542000.0,-992000.0,63089043.453,0.0,0.0
2019-06-21,42981043.453,-208000.0,19900000.0,-49750000.0,-208000.0,62881043.453,0.0,0.0
2019-06-24,42986643.453,4000.0,19898400.0,-49746000.0,4000.0,62885043.453,0.0,0.0
2019-06-25,43739843.453,538000.0,19683200.0,-49208000.0,538000.0,63423043.453,0.0,0.0
2019-06-26,43804243.453,46000.0,19664800.0,-49162000.0,46000.0,63469043.453,0.0,0.0
2019-06-27,43230243.453,-410000.0,19828800.0,-49572000.0,-410000.0,63059043.453,0.0,0.0
2019-06-28,43751043.453,372000.0,19680000.0,-49200000.0,372000.0,63431043.453,0.0,0.0
2019-07-01,41931043.453,-1300000.0,20200000.0,-50500000.0,-1300000.0,62131043.453,0.0,0.0
2019-07-02,42163443.453,166000.0,20133600.0,-50334000.0,166000.0,62297043.453,0.0,0.0
2019-07-03,42566643.453,288000.0,20018400.0,-50046000.0,288000.0,62585043.453,0.0,0.0
2019-07-04,42855043.453,206000.0,19936000.0,-49840000.0,206000.0,62791043.453,0.0,0.0
2019-07-05,42393043.453,-330000.0,20068000.0,-50170000.0,-330000.0,62461043.453,0.0,0.0
2019-07-08,45128643.453,1954000.0,19286400.0,-48216000.0,1954000.0,64415043.453,0.0,0.0
2019-07-09,45019443.453,-78000.0,19317600.0,-48294000.0,-78000.0,64337043.453,0.0,0.0
2019-07-10,45293843.453,196000.0,19239200.0,-48098000.0,196000.0,64533043.453,0.0,0.0
2019-07-11,45422643.453,92000.0,19202400.0,-48006000.0,92000.0,64625043.453,0.0,0.0
2019-07-12,44829043.453,-424000.0,19372000.0,-48430000.0,-424000.0,64201043.453,0.0,0.0
2019-07-15,43947043.453,-630000.0,19624000.0,-49060000.0,-630000.0,63571043.453,0.0,0.0
2019-07-16,43734243.453,-152000.0,19684800.0,-49212000.0,-152000.0,63419043.453,0.0,0.0
2019-07-17,43871443.453,98000.0,19645600.0,-49114000.0,98000.0,63517043.453,0.0,0.0
2019-07-18,44756243.453,632000.0,19392800.0,-48482000.0,632000.0,64149043.453,0.0,0.0
2019-07-19,45103443.453,248000.0,19293600.0,-48234000.0,248000.0,64397043.453,0.0,0.0
2019-07-22,46366243.453,902000.0,18932800.0,-47332000.0,902000.0,65299043.453,0.0,0.0
2019-07-23,45761443.453,-432000.0,19105600.0,-47764000.0,-432000.0,64867043.453,0.0,0.0
2019-07-24,45145443.453,-440000.0,19281600.0,-48204000.0,-440000.0,64427043.453,0.0,0.0
2019-07-25,44781443.453,-260000.0,19385600.0,-48464000.0,-260000.0,64167043.453,0.0,0.0
2019-07-26,44602243.453,-128000.0,19436800.0,-48592000.0,-128000.0,64039043.453,0.0,0.0
2019-07-29,44815043.453,152000.0,19376000.0,-48440000.0,152000.0,64191043.453,0.0,0.0
2019-07-30,44344643.453,-336000.0,19510400.0,-48776000.0,-336000.0,63855043.453,0.0,0.0
2019-07-31,44395043.453,36000.0,19496000.0,-48740000.0,36000.0,63891043.453,0.0,0.0
2019-08-01,44857043.453,330000.0,19364000.0,-48410000.0,330000.0,64221043.453,0.0,0.0
2019-08-02,45722243.453,618000.0,19116800.0,-47792000.0,618000.0,64839043.453,0.0,0.0
2019-08-05,46481043.453,542000.0,18900000.0,-47250000.0,542000.0,65381043.453,0.0,0.0
2019-08-06,47855843.453,982000.0,18507200.0,-46268000.0,982000.0,66363043.453,0.0,0.0
2019-08-07,48348643.453,352000.0,18366400.0,-45916000.0,352000.0,66715043.453,0.0,0.0
2019-08-08,47998643.453,-250000.0,18466400.0,-46166000.0,-250000.0,66465043.453,0.0,0.0
2019-08-09,48642643.453,460000.0,18282400.0,-45706000.0,460000.0,66925043.453,0.0,0.0
2019-08-12,47309843.453,-952000.0,18663200.0,-46658000.0,-952000.0,65973043.453,0.0,0.0
2019-08-13,47575843.453,190000.0,18587200.0,-46468000.0,190000.0,66163043.453,0.0,0.0
2019-08-14,47990243.453,296000.0,18468800.0,-46172000.0,296000.0,66459043.453,0.0,0.0
2019-08-15,47494643.453,-354000.0,18610400.0,-46526000.0,-354000.0,66105043.453,0.0,0.0
2019-08-16,47323843.453,-122000.0,18659200.0,-46648000.0,-122000.0,65983043.453,0.0,0.0
2019-08-19,44677843.453,-1890000.0,19415200.0,-48538000.0,-1890000.0,64093043.453,0.0,0.0
2019-08-20,44985843.453,220000.0,19327200.0,-48318000.0,220000.0,64313043.453,0.0,0.0
2019-08-21,44831843.453,-110000.0,19371200.0,-48428000.0,-110000.0,64203043.453,0.0,0.0
2019-08-22,44910243.453,56000.0,19348800.0,-48372000.0,56000.0,64259043.453,0.0,0.0
2019-08-23,44845843.453,-46000.0,19367200.0,-48418000.0,-46000.0,64213043.453,0.0,0.0
2019-08-26,45221043.453,268000.0,19260000.0,-48150000.0,268000.0,64481043.453,0.0,0.0
2019-08-27,44389443.453,-594000.0,19497600.0,-48744000.0,-594000.0,63887043.453,0.0,0.0
2019-08-28,44229843.453,-114000.0,19543200.0,-48858000.0,-114000.0,63773043.453,0.0,0.0
2019-08-29,44154243.453,-54000.0,19564800.0,-48912000.0,-54000.0,63719043.453,0.0,0.0
2019-08-30,44605043.453,322000.0,19436000.0,-48590000.0,322000.0,64041043.453,0.0,0.0
2019-09-02,42947443.453,-1184000.0,19909600.0,-49774000.0,-1184000.0,62857043.453,0.0,0.0
2019-09-03,42575043.453,-266000.0,20016000.0,-50040000.0,-266000.0,62591043.453,0.0,0.0
2019-09-04,41259043.453,-940000.0,20392000.0,-50980000.0,-940000.0,61651043.453,0.0,0.0
2019-09-05,40869843.453,-278000.0,20503200.0,-51258000.0,-278000.0,61373043.453,0.0,0.0
2019-09-06,40511443.453,-256000.0,20605600.0,-51514000.0,-256000.0,61117043.453,0.0,0.0
2019-09-09,39150643.453,-972000.0,20994400.0,-52486000.0,-972000.0,60145043.453,0.0,0.0
2019-09-10,39321443.453,122000.0,20945600.0,-52364000.0,122000.0,60267043.453,0.0,0.0
2019-09-11,39579043.453,184000.0,20872000.0,-52180000.0,184000.0,60451043.453,0.0,0.0
2019-09-12,39268243.453,-222000.0,20960800.0,-52402000.0,-222000.0,60229043.453,0.0,0.0
2019-09-16,39307443.453,28000.0,20949600.0,-52374000.0,28000.0,60257043.453,0.0,0.0
2019-09-17,40811043.453,1074000.0,20520000.0,-51300000.0,1074000.0,61331043.453,0.0,0.0
2019-09-18,40799843.453,-8000.0,20523200.0,-51308000.0,-8000.0,61323043.453,0.0,0.0
2019-09-19,40032643.453,-548000.0,20742400.0,-51856000.0,-548000.0,60775043.453,0.0,0.0
2019-09-20,40567443.453,382000.0,20589600.0,-51474000.0,382000.0,61157043.453,0.0,0.0
2019-09-23,40679443.453,80000.0,20557600.0,-51394000.0,80000.0,61237043.453,0.0,0.0
2019-09-24,40850243.453,122000.0,20508800.0,-51272000.0,122000.0,61359043.453,0.0,0.0
2019-09-25,41964643.453,796000.0,20190400.0,-50476000.0,796000.0,62155043.453,0.0,0.0
2019-09-26,43286243.453,944000.0,19812800.0,-49532000.0,944000.0,63099043.453,0.0,0.0
2019-09-27,42930643.453,-254000.0,19914400.0,-49786000.0,-254000.0,62845043.453,0.0,0.0
2019-09-30,44115043.453,846000.0,19576000.0,-48940000.0,846000.0,63691043.453,0.0,0.0
2019-10-08,43798643.453,-226000.0,19666400.0,-49166000.0,-226000.0,63465043.453,0.0,0.0
2019-10-09,43193843.453,-432000.0,19839200.0,-49598000.0,-432000.0,63033043.453,0.0,0.0
2019-10-10,42306243.453,-634000.0,20092800.0,-50232000.0,-634000.0,62399043.453,0.0,0.0
2019-10-11,41852643.453,-324000.0,20222400.0,-50556000.0,-324000.0,62075043.453,0.0,0.0
2019-10-14,41189043.453,-474000.0,20412000.0,-51030000.0,-474000.0,61601043.453,0.0,0.0
2019-10-15,41905843.453,512000.0,20207200.0,-50518000.0,512000.0,62113043.453,0.0,0.0
2019-10-16,42337043.453,308000.0,20084000.0,-50210000.0,308000.0,62421043.453,0.0,0.0
2019-10-17,42236243.453,-72000.0,20112800.0,-50282000.0,-72000.0,62349043.453,0.0,0.0
2019-10-18,44126243.453,1350000.0,19572800.0,-48932000.0,1350000.0,63699043.453,0.0,0.0
2019-10-21,43994643.453,-94000.0,19610400.0,-49026000.0,-94000.0,63605043.453,0.0,0.0
2019-10-22,43263843.453,-522000.0,19819200.0,-49548000.0,-522000.0,63083043.453,0.0,0.0
2019-10-23,43709043.453,318000.0,19692000.0,-49230000.0,318000.0,63401043.453,0.0,0.0
2019-10-24,43695043.453,-10000.0,19696000.0,-49240000.0,-10000.0,63391043.453,0.0,0.0
2019-10-25,42992243.453,-502000.0,19896800.0,-49742000.0,-502000.0,62889043.453,0.0,0.0
2019-10-28,41981443.453,-722000.0,20185600.0,-50464000.0,-722000.0,62167043.453,0.0,0.0
2019-10-29,42916643.453,668000.0,19918400.0,-49796000.0,668000.0,62835043.453,0.0,0.0
2019-10-30,43807043.453,636000.0,19664000.0,-49160000.0,636000.0,63471043.453,0.0,0.0
2019-10-31,44131843.453,232000.0,19571200.0,-48928000.0,232000.0,63703043.453,0.0,0.0
2019-11-01,43356243.453,-554000.0,19792800.0,-49482000.0,-554000.0,63149043.453,0.0,0.0
2019-11-04,43221843.453,-96000.0,19831200.0,-49578000.0,-96000.0,63053043.453,0.0,0.0
2019-11-05,42656243.453,-404000.0,19992800.0,-49982000.0,-404000.0,62649043.453,0.0,0.0
2019-11-06,43255443.453,428000.0,19821600.0,-49554000.0,428000.0,63077043.453,0.0,0.0
2019-11-07,42765443.453,-350000.0,19961600.0,-49904000.0,-350000.0,62727043.453,0.0,0.0
2019-11-08,43039843.453,196000.0,19883200.0,-49708000.0,196000.0,62923043.453,0.0,0.0
2019-11-11,44563043.453,1088000.0,19448000.0,-48620000.0,1088000.0,64011043.453,0.0,0.0
2019-11-12,45263043.453,500000.0,19248000.0,-48120000.0,500000.0,64511043.453,0.0,0.0
2019-11-13,45187443.453,-54000.0,19269600.0,-48174000.0,-54000.0,64457043.453,0.0,0.0
2019-11-14,44882243.453,-218000.0,19356800.0,-48392000.0,-218000.0,64239043.453,0.0,0.0
2019-11-15,45145443.453,188000.0,19281600.0,-48204000.0,188000.0,64427043.453,0.0,0.0
2019-11-18,44661043.453,-346000.0,19420000.0,-48550000.0,-346000.0,64081043.453,0.0,0.0
2019-11-19,43420643.453,-886000.0,19774400.0,-49436000.0,-886000.0,63195043.453,0.0,0.0
2019-11-20,44025443.453,432000.0,19601600.0,-49004000.0,432000.0,63627043.453,0.0,0.0
2019-11-21,43793043.453,-166000.0,19668000.0,-49170000.0,-166000.0,63461043.453,0.0,0.0
2019-11-22,44689043.453,640000.0,19412000.0,-48530000.0,640000.0,64101043.453,0.0,0.0
2019-11-25,44389443.453,-214000.0,19497600.0,-48744000.0,-214000.0,63887043.453,0.0,0.0
2019-11-26,44686243.453,212000.0,19412800.0,-48532000.0,212000.0,64099043.453,0.0,0.0
2019-11-27,44308243.453,-270000.0,19520800.0,-48802000.0,-270000.0,63829043.453,0.0,0.0
2019-11-28,44369843.453,44000.0,19503200.0,-48758000.0,44000.0,63873043.453,0.0,0.0
2019-11-29,44297043.453,-52000.0,19524000.0,-48810000.0,-52000.0,63821043.453,0.0,0.0
2019-12-02,44087043.453,-150000.0,19584000.0,-48960000.0,-150000.0,63671043.453,0.0,0.0
2019-12-03,43683843.453,-288000.0,19699200.0,-49248000.0,-288000.0,63383043.453,0.0,0.0
2019-12-04,43865843.453,130000.0,19647200.0,-49118000.0,130000.0,63513043.453,0.0,0.0
2019-12-05,43188243.453,-484000.0,19840800.0,-49602000.0,-484000.0,63029043.453,0.0,0.0
2019-12-06,42412643.453,-554000.0,20062400.0,-50156000.0,-554000.0,62475043.453,0.0,0.0
2019-12-09,42272643.453,-100000.0,20102400.0,-50256000.0,-100000.0,62375043.453,0.0,0.0
2019-12-10,41928243.453,-246000.0,20200800.0,-50502000.0,-246000.0,62129043.453,0.0,0.0
2019-12-11,42188643.453,186000.0,20126400.0,-50316000.0,186000.0,62315043.453,0.0,0.0
2019-12-12,42381843.453,138000.0,20071200.0,-50178000.0,138000.0,62453043.453,0.0,0.0
2019-12-13,41329043.453,-752000.0,20372000.0,-50930000.0,-752000.0,61701043.453,0.0,0.0
2019-12-16,40329443.453,-714000.0,20657600.0,-51644000.0,-714000.0,60987043.453,0.0,0.0
2019-12-17,39201043.453,-806000.0,20980000.0,-52450000.0,-806000.0,60181043.453,0.0,0.0
2019-12-18,39209443.453,6000.0,20977600.0,-52444000.0,6000.0,60187043.453,0.0,0.0
2019-12-19,39122643.453,-62000.0,21002400.0,-52506000.0,-62000.0,60125043.453,0.0,0.0
2019-12-20,39766643.453,460000.0,20818400.0,-52046000.0,460000.0,60585043.453,0.0,0.0
2019-12-23,41592243.453,1304000.0,20296800.0,-50742000.0,1304000.0,61889043.453,0.0,0.0
2019-12-24,40626243.453,-690000.0,20572800.0,-51432000.0,-690000.0,61199043.453,0.0,0.0
2019-12-25,40281843.453,-246000.0,20671200.0,-51678000.0,-246000.0,60953043.453,0.0,0.0
2019-12-26,39791843.453,-350000.0,20811200.0,-52028000.0,-350000.0,60603043.453,0.0,0.0
2019-12-27,40340643.453,392000.0,20654400.0,-51636000.0,392000.0,60995043.453,0.0,0.0
2019-12-30,39201043.453,-814000.0,20980000.0,-52450000.0,-814000.0,60181043.453,0.0,0.0
2019-12-31,38853843.453,-248000.0,21079200.0,-52698000.0,-248000.0,59933043.453,0.0,0.0
