date,cash,dividend_receivable,market_value,total_value,transaction_cost
2017-01-03,141765.3,0.0,49718916.0,49860681.3,39880.868
2017-01-04,141765.3,0.0,50235718.0,50377483.3,0.0
2017-01-05,141765.3,0.0,50195251.0,50337016.3,0.0
2017-01-06,141765.3,0.0,49989170.0,50130935.3,0.0
2017-01-09,1720.348,0.0,50207432.7,50209153.048,244.824
2017-01-10,1720.348,0.0,50162787.5,50164507.848,0.0
2017-01-11,1720.348,0.0,49881644.2,49883364.548,0.0
2017-01-12,1720.348,0.0,49717537.85,49719258.198,0.0
2017-01-13,1720.348,0.0,49936067.55,49937787.898,0.0
2017-01-16,499.666,0.0,50153029.72,50153529.386,68.581
2017-01-17,499.666,0.0,50280246.43,50280746.096,0.0
2017-01-18,499.666,0.0,50633706.29,50634205.956,0.0
2017-01-19,499.666,0.0,50537862.02,50538361.686,0.0
2017-01-20,499.666,0.0,50831566.02,50832065.686,0.0
2017-01-23,177.032,0.0,50899627.59,50899804.622,5.0
2017-01-24,177.032,0.0,51116590.42,51116767.452,0.0
2017-01-25,177.032,0.0,51282231.85,51282408.882,0.0
2017-01-26,177.032,0.0,51435802.71,51435979.742,0.0
2017-02-03,177.032,0.0,51154283.15,51154460.182,0.0
2017-02-06,11299.894,0.0,51141736.15,51153036.044,86.686
2017-02-07,11299.894,0.0,50982801.44,50994101.334,0.0
2017-02-08,11299.894,0.0,51272574.03,51283873.924,0.0
2017-02-09,11299.894,0.0,51517472.56,51528772.454,0.0
2017-02-10,11299.894,0.0,51753383.8,51764683.694,0.0
2017-02-13,9123.6,0.0,52282686.73,52291810.33,25.0
2017-02-14,9123.6,0.0,52242125.96,52251249.56,0.0
2017-02-15,9123.6,0.0,52013473.56,52022597.16,0.0
2017-02-16,9123.6,0.0,52219830.08,52228953.68,0.0
2017-02-17,9123.6,0.0,52051659.2,52060782.8,0.0
2017-02-20,21340.576,0.0,52972601.81,52993942.386,377.642
2017-02-21,21340.576,0.0,53166167.38,53187507.956,0.0
2017-02-22,21340.576,0.0,53392795.47,53414136.046,0.0
2017-02-23,21340.576,0.0,53090877.25,53112217.826,0.0
2017-02-24,21340.576,0.0,52875445.61,52896786.186,0.0
2017-02-27,627.579,0.0,52385239.94,52385867.519,28.711
2017-02-28,627.579,0.0,52505656.13,52506283.709,0.0
2017-03-01,627.579,0.0,52636193.56,52636821.139,0.0
2017-03-02,627.579,0.0,52487688.68,52488316.259,0.0
2017-03-03,627.579,0.0,52396257.57,52396885.149,0.0
2017-03-06,5842.192,0.0,52497893.36,52503735.552,164.414
2017-03-07,5842.192,0.0,52835021.71,52840863.902,0.0
2017-03-08,5842.192,0.0,52768953.77,52774795.962,0.0
2017-03-09,5842.192,0.0,52431164.84,52437007.032,0.0
2017-03-10,5842.192,0.0,52535754.03,52541596.222,0.0
2017-03-13,10583.489,0.0,52940738.27,52951321.759,190.912
2017-03-14,10583.489,0.0,53018412.81,53028996.299,0.0
2017-03-15,10763.489,0.0,53174328.48,53185091.969,0.0
2017-03-16,10763.489,0.0,53288309.39,53299072.879,0.0
2017-03-17,10763.489,0.0,52847047.44,52857810.929,0.0
2017-03-20,22303.586,0.0,52981089.76,53003393.346,144.233
2017-03-21,22303.586,0.0,53490464.19,53512767.776,0.0
2017-03-22,22303.586,0.0,53447745.68,53470049.266,0.0
2017-03-23,22303.586,0.0,53609824.67,53632128.256,0.0
2017-03-24,22303.586,0.0,53972678.8,53994982.386,0.0
2017-03-27,60414.728,0.0,53777701.62,53838116.348,473.238
2017-03-28,60414.728,0.0,53675952.33,53736367.058,0.0
2017-03-29,92004.728,0.0,53630389.03,53722393.758,0.0
2017-03-30,92004.728,0.0,53292532.27,53384536.998,0.0
2017-03-31,92004.728,0.0,53699384.08,53791388.808,0.0
2017-04-05,181.936,0.0,54147955.55,54148137.486,260.723
2017-04-06,181.936,0.0,54240433.85,54240615.786,0.0
2017-04-07,873.936,0.0,54221367.64,54222241.576,0.0
2017-04-10,281.484,0.0,53926022.94,53926304.424,5.0
2017-04-11,281.484,0.0,53867879.46,53868160.944,0.0
2017-04-12,281.484,0.0,54080184.36,54080465.844,0.0
2017-04-13,281.484,0.0,54250736.95,54251018.434,0.0
2017-04-14,281.484,0.0,53917423.95,53917705.434,0.0
2017-04-17,121.399,0.0,53924476.2,53924597.599,317.735
2017-04-18,121.399,0.0,54014645.34,54014766.739,0.0
2017-04-19,221.399,0.0,53959923.86,53960145.259,0.0
2017-04-20,221.399,0.0,54696228.24,54696449.639,0.0
2017-04-21,255.899,0.0,54823761.5,54824017.399,0.0
2017-04-24,109685.865,0.0,54345253.78,54454939.645,835.816
2017-04-25,110841.865,0.0,54785954.03,54896795.895,0.0
2017-04-26,110906.865,0.0,54990995.16,55101902.025,0.0
2017-04-27,115391.745,0.0,54942410.86,55057802.605,0.0
2017-04-28,118667.745,0.0,54493941.5,54612609.245,0.0
2017-05-02,29360.09,0.0,54282066.89,54311426.98,187.944
2017-05-03,29360.09,0.0,54295111.57,54324471.66,0.0
2017-05-04,29360.09,0.0,54303220.49,54332580.58,0.0
2017-05-05,29360.09,0.0,54156435.32,54185795.41,0.0
2017-05-08,562.491,0.0,53909665.22,53910227.711,206.03
2017-05-09,52102.491,0.0,53828541.59,53880644.081,0.0
2017-05-10,79484.491,0.0,54032862.83,54112347.321,0.0
2017-05-11,81044.491,0.0,54472333.14,54553377.631,0.0
2017-05-12,136557.091,0.0,55043872.69,55180429.781,0.0
2017-05-15,18212.06,0.0,55573175.98,55591388.04,417.763
2017-05-16,60815.66,0.0,55962903.02,56023718.68,0.0
2017-05-17,60815.66,0.0,55494933.74,55555749.4,0.0
2017-05-18,64104.66,0.0,55584962.99,55649067.65,0.0
2017-05-19,64404.66,0.0,55844259.12,55908663.78,0.0
2017-05-22,50485.925,0.0,56293062.8,56343548.725,402.318
2017-05-23,50485.925,0.0,56914419.4,56964905.325,0.0
2017-05-24,50910.925,0.0,56778130.49,56829041.415,0.0
2017-05-25,53827.525,0.0,57372262.33,57426089.855,0.0
2017-05-26,85944.525,0.0,57355612.3,57441556.825,0.0
2017-05-31,77.965,0.0,57783575.55,57783653.515,100.334
2017-06-01,227.965,0.0,58281671.11,58281899.075,0.0
2017-06-02,347.665,0.0,57943845.08,57944192.745,0.0
2017-06-05,344.685,0.0,57328939.16,57329283.845,133.971
2017-06-06,364.685,0.0,57882124.06,57882488.745,0.0
2017-06-07,1091.285,0.0,58702270.42,58703361.705,0.0
2017-06-08,1671.285,0.0,59360324.04,59361995.325,0.0
2017-06-09,6661.285,0.0,59702597.5,59709258.785,0.0
2017-06-12,80332.149,0.0,59908382.54,59988714.689,3444.029
2017-06-13,92338.349,0.0,59915879.48,60008217.829,0.0
2017-06-14,163072.349,0.0,59035454.94,59198527.289,0.0
2017-06-15,163576.349,0.0,58620137.77,58783714.119,0.0
2017-06-16,292216.349,0.0,58362721.65,58654937.999,0.0
2017-06-19,689.135,0.0,58977720.06,58978409.195,487.84
2017-06-20,969.135,0.0,58815314.67,58816283.805,0.0
2017-06-21,36776.135,0.0,59705364.95,59742141.085,0.0
2017-06-22,36776.135,0.0,59820195.29,59856971.425,0.0
2017-06-23,36776.135,0.0,60367820.35,60404596.485,0.0
2017-06-26,33869.948,0.0,60966413.81,61000283.758,268.014
2017-06-27,33961.948,0.0,61144940.31,61178902.258,0.0
2017-06-28,34061.948,0.0,60470731.32,60504793.268,0.0
2017-06-29,48722.975,0.0,60855329.71,60904052.685,0.0
2017-06-30,53380.175,0.0,60960031.71,61013411.885,0.0
2017-07-03,31.446,0.0,60450347.58,60450379.026,192.765
2017-07-04,256.446,0.0,59878934.61,59879191.056,0.0
2017-07-05,99735.646,0.0,60538140.17,60637875.816,0.0
2017-07-06,142738.846,0.0,60539170.21,60681909.056,0.0
2017-07-07,265972.802,0.0,60099533.05,60365505.852,0.0
2017-07-10,59315.7,0.0,60417735.68,60477051.38,353.156
2017-07-11,174588.98,0.0,60940386.03,61114975.01,0.0
2017-07-12,175108.924,0.0,60525114.35,60700223.274,0.0
2017-07-13,296441.424,0.0,60912760.5,61209201.924,0.0
2017-07-14,471420.724,0.0,61059564.55,61530985.274,0.0
2017-07-17,79756.028,0.0,61242697.28,61322453.308,421.272
2017-07-18,90521.968,0.0,61056419.62,61146941.588,0.0
2017-07-19,179280.658,0.0,61822789.68,62002070.338,0.0
2017-07-20,179599.658,0.0,62253034.85,62432634.508,0.0
2017-07-21,182664.658,0.0,62092030.44,62274695.098,0.0
2017-07-24,40085.159,0.0,62543859.95,62583945.109,213.335
2017-07-25,40085.159,0.0,62379528.92,62419614.079,0.0
2017-07-26,40085.159,0.0,62078096.3,62118181.459,0.0
2017-07-27,40085.159,0.0,62205222.69,62245307.849,0.0
2017-07-28,40225.159,0.0,62511001.36,62551226.519,0.0
2017-07-31,249.726,0.0,62599889.12,62600138.846,47.737
2017-08-01,423.326,0.0,63230931.53,63231354.856,0.0
2017-08-02,423.326,0.0,63123864.78,63124288.106,0.0
2017-08-03,423.326,0.0,62448286.97,62448710.296,0.0
2017-08-04,5852.526,0.0,61989363.06,61995215.586,0.0
2017-08-07,131.126,0.0,62434365.9,62434497.026,10.0
2017-08-08,42081.126,0.0,62500170.5,62542251.626,0.0
2017-08-09,42180.126,0.0,62791565.42,62833745.546,0.0
2017-08-10,58836.126,0.0,62876780.74,62935616.866,0.0
2017-08-11,58836.126,0.0,62045101.78,62103937.906,0.0
2017-08-14,270.024,0.0,62760689.47,62760959.494,53.31
2017-08-15,3406.024,0.0,63052298.63,63055704.654,0.0
2017-08-16,3406.024,0.0,62923790.15,62927196.174,0.0
2017-08-17,3406.024,0.0,62933875.83,62937281.854,0.0
2017-08-18,37601.024,0.0,62833302.29,62870903.314,0.0
2017-08-21,7638.299,0.0,63044913.91,63052552.209,121.47
2017-08-22,8327.299,0.0,63185772.56,63194099.859,0.0
2017-08-23,8327.299,0.0,63485255.76,63493583.059,0.0
2017-08-24,8459.299,0.0,63227264.5,63235723.799,0.0
2017-08-25,8661.299,0.0,64380230.09,64388891.389,0.0
2017-08-28,3243.495,0.0,65084972.47,65088215.965,5.0
2017-08-29,3243.495,0.0,65064043.08,65067286.575,0.0
2017-08-30,3243.495,0.0,64975666.08,64978909.575,0.0
2017-08-31,3243.495,0.0,64639700.57,64642944.065,0.0
2017-09-01,3243.495,0.0,64640894.18,64644137.675,0.0
2017-09-04,175873.06,0.0,64722374.38,64898247.44,386.673
2017-09-05,175873.06,0.0,65043243.29,65219116.35,0.0
2017-09-06,175873.06,0.0,64909223.15,65085096.21,0.0
2017-09-07,175873.06,0.0,64416220.42,64592093.48,0.0
2017-09-08,175873.06,0.0,64253432.01,64429305.07,0.0
2017-09-11,4376.034,0.0,64478965.14,64483341.174,224.559
2017-09-12,4376.034,0.0,64838519.45,64842895.484,0.0
2017-09-13,4376.034,0.0,65014293.29,65018669.324,0.0
2017-09-14,9605.934,0.0,64632338.79,64641944.724,0.0
2017-09-15,9605.934,0.0,64540315.59,64549921.524,0.0
2017-09-18,11650.002,0.0,64985658.67,64997308.672,76.138
2017-09-19,11650.002,0.0,64894137.42,64905787.422,0.0
2017-09-20,54665.702,0.0,65163461.11,65218126.812,0.0
2017-09-21,54665.702,0.0,65480741.56,65535407.262,0.0
2017-09-22,54665.702,0.0,65676304.41,65730970.112,0.0
2017-09-25,371.514,0.0,65930888.85,65931260.364,56.93
2017-09-26,371.514,0.0,65908725.33,65909096.844,0.0
2017-09-27,371.514,0.0,65737521.43,65737892.944,0.0
2017-09-28,371.514,0.0,66008723.8,66009095.314,0.0
2017-09-29,371.514,0.0,66186656.73,66187028.244,0.0
2017-10-09,27236.053,0.0,66937373.6,66964609.653,87.592
2017-10-10,27236.053,0.0,67077395.29,67104631.343,0.0
2017-10-11,27236.053,0.0,67954256.94,67981492.993,0.0
2017-10-12,27236.053,0.0,68019588.54,68046824.593,0.0
2017-10-13,27236.053,0.0,67977974.66,68005210.713,0.0
2017-10-16,85106.926,0.0,68117810.35,68202917.276,416.932
2017-10-17,85106.926,0.0,68096843.0,68181949.926,0.0
2017-10-18,85106.926,0.0,69039497.35,69124604.276,0.0
2017-10-19,85106.926,0.0,69492929.88,69578036.806,0.0
2017-10-20,85526.926,0.0,69146956.13,69232483.056,0.0
2017-10-23,395.723,0.0,69279980.58,69280376.303,234.391
2017-10-24,395.723,0.0,69651500.21,69651895.933,0.0
2017-10-25,395.723,0.0,69969856.23,69970251.953,0.0
2017-10-26,395.723,0.0,70093326.14,70093721.863,0.0
2017-10-27,395.723,0.0,70875325.98,70875721.703,0.0
2017-10-30,792.785,0.0,70698650.05,70699442.835,1552.878
2017-10-31,792.785,0.0,70369954.27,70370747.055,0.0
2017-11-01,792.785,0.0,70233042.47,70233835.255,0.0
2017-11-02,792.785,0.0,70356239.72,70357032.505,0.0
2017-11-03,792.785,0.0,70665163.23,70665956.015,0.0
2017-11-06,953.393,0.0,71607262.2,71608215.593,735.008
2017-11-07,953.393,0.0,71887054.44,71888007.833,0.0
2017-11-08,953.393,0.0,71563426.53,71564379.923,0.0
2017-11-09,953.393,0.0,71983583.0,71984536.393,0.0
2017-11-10,953.393,0.0,72924558.52,72925511.913,0.0
2017-11-13,713.81,0.0,73171000.33,73171714.14,1223.982
2017-11-14,713.81,0.0,72443519.18,72444232.99,0.0
2017-11-15,713.81,0.0,72131340.8,72132054.61,0.0
2017-11-16,713.81,0.0,73042047.88,73042761.69,0.0
2017-11-17,713.81,0.0,73556410.4,73557124.21,0.0
2017-11-20,151.076,0.0,73870808.32,73870959.396,103.636
2017-11-21,151.076,0.0,75087027.35,75087178.426,0.0
2017-11-22,151.076,0.0,74955190.73,74955341.806,0.0
2017-11-23,151.076,0.0,72373604.4,72373755.476,0.0
2017-11-24,151.076,0.0,72277872.24,72278023.316,0.0
2017-11-27,104.883,0.0,71230066.09,71230170.973,158.094
2017-11-28,104.883,0.0,71543827.08,71543931.963,0.0
2017-11-29,104.883,0.0,71187616.21,71187721.093,0.0
2017-11-30,104.883,0.0,70496765.5,70496870.383,0.0
2017-12-01,104.883,0.0,70584881.25,70584986.133,0.0
2017-12-04,104.883,0.0,71279407.14,71279512.023,0.0
2017-12-05,3464.883,0.0,71862095.78,71865560.663,0.0
2017-12-06,3464.883,0.0,71277730.01,71281194.893,0.0
2017-12-07,3464.883,0.0,70172156.52,70175621.403,0.0
2017-12-08,3464.883,0.0,70852379.28,70855844.163,0.0
2017-12-11,333.653,0.0,72395876.07,72396209.723,10.0
2017-12-12,333.653,0.0,71588556.68,71588890.333,0.0
2017-12-13,333.653,0.0,72392831.79,72393165.443,0.0
2017-12-14,333.653,0.0,72071243.23,72071576.883,0.0
2017-12-15,333.653,0.0,71179633.78,71179967.433,0.0
2017-12-18,362.067,0.0,71571834.51,71572196.577,16.231
2017-12-19,362.067,0.0,72467680.11,72468042.177,0.0
2017-12-20,362.067,0.0,72908284.81,72908646.877,0.0
2017-12-21,362.067,0.0,73593995.83,73594357.897,0.0
2017-12-22,362.067,0.0,73316291.53,73316653.597,0.0
2017-12-25,85730.464,0.0,73242567.29,73328297.754,627.744
2017-12-26,85730.464,0.0,73355079.77,73440810.234,0.0
2017-12-27,85730.464,0.0,71960989.6,72046720.064,0.0
2017-12-28,85730.464,0.0,73028017.69,73113748.154,0.0
2017-12-29,85730.464,0.0,72988998.71,73074729.174,0.0
2018-01-02,276.505,0.0,74087757.4,74088033.905,251.434
2018-01-03,276.505,0.0,74345750.8,74346027.305,0.0
2018-01-04,276.505,0.0,75065561.24,75065837.745,0.0
2018-01-05,276.505,0.0,75344079.74,75344356.245,0.0
2018-01-08,833.027,0.0,75941917.24,75942750.267,324.867
2018-01-09,833.027,0.0,76817249.09,76818082.117,0.0
2018-01-10,833.027,0.0,77609619.3,77610452.327,0.0
2018-01-11,833.027,0.0,77245724.73,77246557.757,0.0
2018-01-12,833.027,0.0,78120033.37,78120866.397,0.0
2018-01-15,95.584,0.0,78403625.46,78403721.044,1004.787
2018-01-16,95.584,0.0,78697392.86,78697488.444,0.0
2018-01-17,95.584,0.0,78048980.41,78049075.994,0.0
2018-01-18,95.584,0.0,78434866.96,78434962.544,0.0
2018-01-19,95.584,0.0,78408735.38,78408830.964,0.0
2018-01-22,95.584,0.0,79822501.89,79822597.474,0.0
2018-01-23,95.584,0.0,81119548.37,81119643.954,0.0
2018-01-24,95.584,0.0,80922892.62,80922988.204,0.0
2018-01-25,95.584,0.0,80397445.85,80397541.434,0.0
2018-01-26,1685.584,0.0,80875660.88,80877346.464,0.0
2018-01-29,297.824,0.0,79077824.6,79078122.424,5.0
2018-01-30,297.824,0.0,78165141.74,78165439.564,0.0
2018-01-31,297.824,0.0,79160257.76,79160555.584,0.0
2018-02-01,297.824,0.0,79144532.55,79144830.374,0.0
2018-02-02,297.824,0.0,79463506.44,79463804.264,0.0
2018-02-05,297.824,0.0,79227254.3,79227552.124,0.0
2018-02-06,297.824,0.0,77191142.26,77191440.084,0.0
2018-02-07,297.824,0.0,74765688.53,74765986.354,0.0
2018-02-08,297.824,0.0,74114080.78,74114378.604,0.0
2018-02-09,297.824,0.0,71392009.7,71392307.524,0.0
2018-02-12,297.824,0.0,72363800.97,72364098.794,0.0
2018-02-13,297.824,0.0,73219497.81,73219795.634,0.0
2018-02-14,297.824,0.0,73940308.71,73940606.534,0.0
2018-02-22,297.824,0.0,75715473.41,75715771.234,0.0
2018-02-23,297.824,0.0,76004527.92,76004825.744,0.0
2018-02-26,297.824,0.0,76850582.6,76850880.424,0.0
2018-02-27,297.824,0.0,75499841.7,75500139.524,0.0
2018-02-28,297.824,0.0,74358076.05,74358373.874,0.0
2018-03-01,297.824,0.0,74978042.74,74978340.564,0.0
2018-03-02,297.824,0.0,74383502.25,74383800.074,0.0
2018-03-05,297.824,0.0,74266965.96,74267263.784,0.0
2018-03-06,297.824,0.0,74937238.19,74937536.014,0.0
2018-03-07,297.824,0.0,74336071.11,74336368.934,0.0
2018-03-08,297.824,0.0,75379220.99,75379518.814,0.0
2018-03-09,297.824,0.0,75857626.98,75857924.804,0.0
2018-03-12,86.572,0.0,76111206.13,76111292.702,309.75
2018-03-13,86.572,0.0,75432369.59,75432456.162,0.0
2018-03-14,86.572,0.0,75329934.0,75330020.572,0.0
2018-03-15,86.572,0.0,75960178.92,75960265.492,0.0
2018-03-16,86.572,0.0,75111590.59,75111677.162,0.0
2018-03-19,795.57,0.0,75657035.18,75657830.75,442.127
2018-03-20,795.57,0.0,75902018.46,75902814.03,0.0
2018-03-21,795.57,0.0,75487249.74,75488045.31,0.0
2018-03-22,795.57,0.0,74614301.09,74615096.66,0.0
2018-03-23,795.57,0.0,72930139.03,72930934.6,0.0
2018-03-26,790.499,0.0,72269251.78,72270042.279,741.741
2018-03-27,790.499,0.0,72681104.79,72681895.289,0.0
2018-03-28,790.499,0.0,70771806.56,70772597.059,0.0
2018-03-29,790.499,0.0,72058567.32,72059357.819,0.0
2018-03-30,970.499,0.0,72082838.51,72083809.009,0.0
2018-04-02,1069.863,0.0,71573545.16,71574615.023,603.88
2018-04-03,1069.863,0.0,71447936.74,71449006.603,0.0
2018-04-04,1828.863,0.0,71805733.63,71807562.493,0.0
2018-04-09,52.347,0.0,71849373.89,71849426.237,15.0
2018-04-10,52.347,0.0,73319453.45,73319505.797,0.0
2018-04-11,52.347,0.0,73608604.95,73608657.297,0.0
2018-04-12,52.347,0.0,72814319.03,72814371.377,0.0
2018-04-13,52.347,0.0,71966787.6,71966839.947,0.0
2018-04-16,52.347,0.0,70818212.18,70818264.527,0.0
2018-04-17,52.347,0.0,69657221.96,69657274.307,0.0
2018-04-18,52.347,0.0,70064553.32,70064605.667,0.0
2018-04-19,3652.347,0.0,71155229.2,71158881.547,0.0
2018-04-20,3652.347,0.0,70312185.96,70315838.307,0.0
2018-04-23,323.845,0.0,70648770.5,70649094.345,147.252
2018-04-24,323.845,0.0,72370901.32,72371225.165,0.0
2018-04-25,323.845,0.0,72229764.84,72230088.685,0.0
2018-04-26,1887.595,0.0,70886754.63,70888642.225,0.0
2018-04-27,7107.595,0.0,70969025.78,70976133.375,0.0
2018-05-02,581.028,0.0,71452709.29,71453290.318,401.581
2018-05-03,661.028,0.0,72114146.12,72114807.148,0.0
2018-05-04,35882.028,0.0,71828076.17,71863958.198,0.0
2018-05-07,386.832,0.0,73438034.48,73438421.312,48.284
2018-05-08,628.832,0.0,74298718.2,74299347.032,0.0
2018-05-09,36532.832,0.0,74213420.69,74249953.522,0.0
2018-05-10,38855.282,0.0,74831428.23,74870283.512,0.0
2018-05-11,39179.282,0.0,74433608.1,74472787.382,0.0
2018-05-14,70.753,0.0,75421770.43,75421841.183,36.541
2018-05-15,210.753,0.0,75832647.36,75832858.113,0.0
2018-05-16,860.753,0.0,75275975.84,75276836.593,0.0
2018-05-17,880.753,0.0,74742124.06,74743004.813,0.0
2018-05-18,1713.753,0.0,75652501.31,75654215.063,0.0
2018-05-21,-0.442,0.0,75751004.23,75751003.788,122.45
2018-05-22,56360.058,0.0,75671072.75,75727432.808,0.0
2018-05-23,56360.058,0.0,74515323.88,74571683.938,0.0
2018-05-24,56470.046,0.0,73918844.782,73975314.827,0.0
2018-05-25,164456.866,0.0,73952218.848,74116675.714,0.0
2018-05-28,897.677,0.0,75038421.503,75039319.18,953.437
2018-05-29,1131.877,0.0,74367903.317,74369035.195,0.0
2018-05-30,16628.827,0.0,73461540.393,73478169.221,0.0
2018-05-31,29902.623,0.0,75652736.221,75682638.845,0.0
2018-06-01,31145.123,0.0,74804758.986,74835904.109,0.0
2018-06-04,896.168,0.0,76044509.418,76045405.586,256.383
2018-06-05,174638.568,0.0,76815023.218,76989661.786,0.0
2018-06-06,176549.568,0.0,76811736.412,76988285.98,0.0
2018-06-07,234128.406,0.0,76740817.325,76974945.732,0.0
2018-06-08,236259.786,0.0,75939597.765,76175857.551,0.0
2018-06-11,272.689,0.0,76192524.429,76192797.118,937.146
2018-06-12,22760.829,0.0,77700129.138,77722889.967,0.0
2018-06-13,26356.179,0.0,77171840.347,77198196.526,0.0
2018-06-14,27626.179,0.0,76766814.773,76794440.952,0.0
2018-06-15,156270.883,0.0,76381449.602,76537720.485,0.0
2018-06-19,364.92,0.0,74348892.841,74349257.761,161.45
2018-06-20,80446.91,0.0,75009716.227,75090163.137,0.0
2018-06-21,81009.45,0.0,74260480.673,74341490.123,0.0
2018-06-22,236093.65,0.0,74334804.799,74570898.449,0.0
2018-06-25,840.229,0.0,73841043.617,73841883.846,316.823
2018-06-26,840.229,0.0,73126375.08,73127215.308,0.0
2018-06-27,1650.229,0.0,71349607.492,71351257.721,0.0
2018-06-28,12869.429,0.0,70169230.857,70182100.286,0.0
2018-06-29,64470.929,0.0,72143288.006,72207758.935,0.0
2018-07-02,1634.31,0.0,70359428.392,70361062.702,996.568
2018-07-03,1665.11,0.0,69837179.593,69838844.703,0.0
2018-07-04,4550.426,0.0,69009307.424,69013857.85,0.0
2018-07-05,8804.255,0.0,68733135.636,68741939.891,0.0
2018-07-06,90654.245,0.0,69413681.4,69504335.645,0.0
2018-07-09,770.848,0.0,71795822.915,71796593.763,162.313
2018-07-10,3197.805,0.0,72041707.944,72044905.75,0.0
2018-07-11,4013.705,0.0,71130192.775,71134206.481,0.0
2018-07-12,90371.185,0.0,72521939.603,72612310.788,0.0
2018-07-13,303997.105,0.0,72873369.759,73177366.864,0.0
2018-07-16,1876.085,0.0,72781858.685,72783734.77,932.295
2018-07-17,98061.085,0.0,71968339.612,72066400.697,0.0
2018-07-18,114837.085,0.0,71518226.934,71633064.019,0.0
2018-07-19,114837.085,0.0,71751702.991,71866540.076,0.0
2018-07-20,114837.085,0.0,73243144.71,73357981.795,0.0
2018-07-23,1395.956,0.0,73458905.777,73460301.733,95.891
2018-07-24,1395.956,0.0,74514216.639,74515612.595,0.0
2018-07-25,1395.956,0.0,74527987.071,74529383.027,0.0
2018-07-26,1395.956,0.0,73522537.156,73523933.112,0.0
2018-07-27,103800.727,0.0,73457161.151,73560961.878,0.0
2018-07-30,1754.118,0.0,73389053.175,73390807.293,288.423
2018-07-31,2454.118,0.0,73389532.166,73391986.283,0.0
2018-08-01,2454.118,0.0,71894842.928,71897297.046,0.0
2018-08-02,2454.118,0.0,70416201.174,70418655.291,0.0
2018-08-03,2622.118,0.0,69134773.318,69137395.436,0.0
2018-08-06,847.259,0.0,68236228.212,68237075.471,106.18
2018-08-07,1013.959,0.0,70233565.696,70234579.655,0.0
2018-08-08,1028.959,0.0,69007225.727,69008254.686,0.0
2018-08-09,1118.959,0.0,70845819.724,70846938.683,0.0
2018-08-10,21762.959,0.0,71027372.844,71049135.803,0.0
2018-08-13,28.405,0.0,70537526.344,70537554.749,65.303
2018-08-14,28.405,0.0,70394818.607,70394847.012,0.0
2018-08-15,28.405,0.0,68474567.795,68474596.199,0.0
2018-08-16,28.405,0.0,67926801.284,67926829.688,0.0
2018-08-17,3552.982,0.0,66879373.901,66882926.883,0.0
2018-08-20,15.952,0.0,67756741.813,67756757.764,15.0
2018-08-21,15.952,0.0,69347323.973,69347339.925,0.0
2018-08-22,15.952,0.0,69047613.77,69047629.722,0.0
2018-08-23,1719.952,0.0,69261156.909,69262876.861,0.0
2018-08-24,44719.952,0.0,69114339.446,69159059.398,0.0
2018-08-27,282767.18,0.0,70787026.464,71069793.644,1202.396
2018-08-28,282767.18,0.0,70436302.564,70719069.744,0.0
2018-08-29,282767.18,0.0,70114661.287,70397428.467,0.0
2018-08-30,282767.18,0.0,69347062.689,69629829.869,0.0
2018-08-31,282767.18,0.0,68865188.277,69147955.457,0.0
2018-09-03,1637.885,0.0,68921359.162,68922997.047,466.417
2018-09-04,1637.885,0.0,69731971.931,69733609.816,0.0
2018-09-05,1637.885,0.0,68268796.653,68270434.538,0.0
2018-09-06,30467.885,0.0,67269709.555,67300177.44,0.0
2018-09-07,30467.885,0.0,67627152.724,67657620.609,0.0
2018-09-10,1900.561,0.0,66741204.539,66743105.1,323.945
2018-09-11,1900.561,0.0,66633503.426,66635403.987,0.0
2018-09-12,71589.521,0.0,65722315.815,65793905.336,0.0
2018-09-13,71589.521,0.0,66407550.851,66479140.372,0.0
2018-09-14,77091.521,0.0,66768154.22,66845245.741,0.0
2018-09-17,49.248,0.0,66448767.1,66448816.348,67.437
2018-09-18,49.248,0.0,67856179.327,67856228.575,0.0
2018-09-19,49.248,0.0,68862804.539,68862853.787,0.0
2018-09-20,49.248,0.0,68877336.848,68877386.095,0.0
2018-09-21,49.248,0.0,71183784.128,71183833.376,0.0
2018-09-25,49.248,0.0,70563219.923,70563269.171,0.0
2018-09-26,49.248,0.0,71672613.332,71672662.579,0.0
2018-09-27,301.748,0.0,71567946.546,71568248.294,0.0
2018-09-28,351.748,0.0,72439947.626,72440299.373,0.0
2018-10-08,351.748,0.0,68900386.087,68900737.835,0.0
2018-10-09,351.748,0.0,68872457.45,68872809.198,0.0
2018-10-10,351.748,0.0,68552308.229,68552659.977,0.0
2018-10-11,351.748,0.0,65920095.612,65920447.36,0.0
2018-10-12,351.748,0.0,67610683.357,67611035.104,0.0
2018-10-15,351.748,0.0,66720042.817,66720394.565,0.0
2018-10-16,351.748,0.0,66448254.292,66448606.039,0.0
2018-10-17,351.748,0.0,66560991.361,66561343.109,0.0
2018-10-18,351.748,0.0,64823080.033,64823431.78,0.0
2018-10-19,351.748,0.0,66749374.682,66749726.43,0.0
2018-10-22,351.748,0.0,69548632.412,69548984.159,0.0
2018-10-23,855.748,0.0,67059840.266,67060696.014,0.0
2018-10-24,975.748,0.0,66717221.368,66718197.116,0.0
2018-10-25,975.748,0.0,66399941.713,66400917.461,0.0
2018-10-26,975.748,0.0,65798591.243,65799566.991,0.0
2018-10-29,229.268,0.0,63286476.974,63286706.241,5.0
2018-10-30,229.268,0.0,63572665.834,63572895.102,0.0
2018-10-31,229.268,0.0,64803427.049,64803656.317,0.0
2018-11-01,229.268,0.0,65426449.023,65426678.291,0.0
2018-11-02,229.268,0.0,68045722.872,68045952.14,0.0
2018-11-05,229.268,0.0,67134511.456,67134740.724,0.0
2018-11-06,229.268,0.0,66628233.332,66628462.599,0.0
2018-11-07,229.268,0.0,66227976.144,66228205.412,0.0
2018-11-08,229.268,0.0,66180116.091,66180345.359,0.0
2018-11-09,229.268,0.0,64961095.088,64961324.355,0.0
2018-11-12,229.268,0.0,65518022.306,65518251.574,0.0
2018-11-13,229.268,0.0,66279787.873,66280017.141,0.0
2018-11-14,229.268,0.0,65313263.94,65313493.207,0.0
2018-11-15,25968.968,0.0,65885832.255,65911801.222,0.0
2018-11-16,25968.968,0.0,65918979.408,65944948.376,0.0
2018-11-19,1139.992,0.0,66768194.471,66769334.463,265.092
2018-11-20,1139.992,0.0,65361525.431,65362665.423,0.0
2018-11-21,1139.992,0.0,65487067.22,65488207.212,0.0
2018-11-22,1139.992,0.0,65279830.391,65280970.383,0.0
2018-11-23,1139.992,0.0,64272232.076,64273372.068,0.0
2018-11-26,20789.739,0.0,64219595.733,64240385.472,168.117
2018-11-27,20789.739,0.0,63991299.552,64012089.291,0.0
2018-11-28,20789.739,0.0,64805529.832,64826319.571,0.0
2018-11-29,20789.739,0.0,64325200.565,64345990.305,0.0
2018-11-30,20789.739,0.0,65124476.477,65145266.216,0.0
2018-12-03,24414.179,0.0,67066898.451,67091312.63,138.332
2018-12-04,24414.179,0.0,67124358.357,67148772.536,0.0
2018-12-05,24414.179,0.0,66883079.452,66907493.631,0.0
2018-12-06,24414.179,0.0,65282689.714,65307103.893,0.0
2018-12-07,25764.179,0.0,65202520.567,65228284.746,0.0
2018-12-10,48541.264,0.0,64434096.907,64482638.171,328.948
2018-12-11,48541.264,0.0,64847806.75,64896348.013,0.0
2018-12-12,48541.264,0.0,65156064.496,65204605.76,0.0
2018-12-13,48541.264,0.0,66275778.093,66324319.356,0.0
2018-12-14,48541.264,0.0,65424179.154,65472720.418,0.0
2018-12-17,16539.205,0.0,65264115.241,65280654.446,36.254
2018-12-18,16539.205,0.0,64538737.299,64555276.504,0.0
2018-12-19,16539.205,0.0,63685353.861,63701893.066,0.0
2018-12-20,16539.205,0.0,63100567.165,63117106.37,0.0
2018-12-21,16539.205,0.0,62219305.539,62235844.744,0.0
2018-12-24,29585.614,0.0,62623797.312,62653382.926,103.437
2018-12-25,29585.614,0.0,62422438.365,62452023.98,0.0
2018-12-26,29585.614,0.0,62160407.573,62189993.188,0.0
2018-12-27,29585.614,0.0,61892536.67,61922122.284,0.0
2018-12-28,29585.614,0.0,62351396.751,62380982.366,0.0
2019-01-02,121.298,0.0,61351770.902,61351892.2,23.553
2019-01-03,121.298,0.0,61080872.639,61080993.937,0.0
2019-01-04,121.298,0.0,62323211.972,62323333.27,0.0
2019-01-07,121.298,0.0,62520457.18,62520578.478,0.0
2019-01-08,121.298,0.0,62464162.571,62464283.869,0.0
2019-01-09,121.298,0.0,63285930.253,63286051.551,0.0
2019-01-10,121.298,0.0,63169406.73,63169528.028,0.0
2019-01-11,121.298,0.0,63723671.722,63723793.02,0.0
2019-01-14,78265.799,0.0,62987366.032,63065631.831,518.19
2019-01-15,78265.799,0.0,64626666.974,64704932.772,0.0
2019-01-16,78265.799,0.0,64726308.964,64804574.762,0.0
2019-01-17,78265.799,0.0,64490435.857,64568701.656,0.0
2019-01-18,78265.799,0.0,65678392.207,65756658.006,0.0
2019-01-21,38958.453,0.0,66244922.203,66283880.656,177.308
2019-01-22,38958.453,0.0,65170899.872,65209858.325,0.0
2019-01-23,38958.453,0.0,65286616.682,65325575.135,0.0
2019-01-24,38958.453,0.0,65743035.738,65781994.191,0.0
2019-01-25,38958.453,0.0,66334903.485,66373861.937,0.0
2019-01-28,35327.927,0.0,66331185.033,66366512.96,160.048
2019-01-29,35327.927,0.0,66781656.826,66816984.754,0.0
2019-01-30,35327.927,0.0,66240894.693,66276222.62,0.0
2019-01-31,35327.927,0.0,67336743.155,67372071.083,0.0
2019-02-01,35327.927,0.0,68220744.211,68256072.138,0.0
2019-02-11,24994.331,0.0,69671087.411,69696081.742,15.0
2019-02-12,24994.331,0.0,69927917.453,69952911.784,0.0
2019-02-13,24994.331,0.0,71139821.824,71164816.155,0.0
2019-02-14,24994.331,0.0,71442631.621,71467625.952,0.0
2019-02-15,24994.331,0.0,69877498.879,69902493.21,0.0
2019-02-18,40529.788,0.0,71969211.755,72009741.543,162.199
2019-02-19,40529.788,0.0,71705611.035,71746140.823,0.0
2019-02-20,40529.788,0.0,71941714.621,71982244.409,0.0
2019-02-21,40529.788,0.0,71810837.813,71851367.601,0.0
2019-02-22,40529.788,0.0,73015333.909,73055863.696,0.0
2019-02-25,45257.72,0.0,76566865.131,76612122.85,50.0
2019-02-26,45257.72,0.0,75283577.555,75328835.274,0.0
2019-02-27,45257.72,0.0,75257090.356,75302348.075,0.0
2019-02-28,45257.72,0.0,75407483.001,75452740.721,0.0
2019-03-01,45257.72,0.0,77230495.722,77275753.441,0.0
2019-03-04,921.915,0.0,78216748.181,78217670.096,66.443
2019-03-05,921.915,0.0,78261860.64,78262782.555,0.0
2019-03-06,921.915,0.0,78695032.118,78695954.033,0.0
2019-03-07,921.915,0.0,77205210.248,77206132.162,0.0
2019-03-08,921.915,0.0,74636120.282,74637042.196,0.0
2019-03-11,63330.017,0.0,75738019.93,75801349.948,266.839
2019-03-12,63330.017,0.0,76263655.064,76326985.081,0.0
2019-03-13,63330.017,0.0,75560455.496,75623785.513,0.0
2019-03-14,63330.017,0.0,75590846.661,75654176.679,0.0
2019-03-15,63330.017,0.0,76603609.855,76666939.872,0.0
2019-03-18,53931.484,0.0,79254891.522,79308823.006,340.865
2019-03-19,53931.484,0.0,78558093.898,78612025.382,0.0
2019-03-20,53931.484,0.0,78580542.295,78634473.779,0.0
2019-03-21,53931.484,0.0,78552998.633,78606930.117,0.0
2019-03-22,53931.484,0.0,78702380.461,78756311.945,0.0
2019-03-25,156668.384,0.0,76367040.244,76523708.629,622.906
2019-03-26,156668.384,0.0,76051838.994,76208507.378,0.0
2019-03-27,156668.384,0.0,77354610.83,77511279.214,0.0
2019-03-28,167014.654,0.0,77388812.063,77555826.717,0.0
2019-03-29,167110.654,0.0,80268859.978,80435970.632,0.0
2019-04-01,300977.173,0.0,81735071.97,82036049.142,1041.66
2019-04-02,300977.173,0.0,81250939.961,81551917.133,0.0
2019-04-03,302127.173,0.0,81953550.258,82255677.431,0.0
2019-04-04,302127.173,0.0,83184998.191,83487125.363,0.0
2019-04-08,774.877,0.0,83471884.24,83472659.118,650.69
2019-04-09,774.877,0.0,84188338.42,84189113.297,0.0
2019-04-10,774.877,0.0,84685127.697,84685902.575,0.0
2019-04-11,774.877,0.0,82617783.925,82618558.802,0.0
2019-04-12,774.877,0.0,82444591.088,82445365.965,0.0
2019-04-15,155767.461,0.0,82047191.565,82202959.026,463.226
2019-04-16,155927.461,0.0,84003200.421,84159127.882,0.0
2019-04-17,155927.461,0.0,84317764.593,84473692.054,0.0
2019-04-18,155927.461,0.0,83902561.6,84058489.061,0.0
2019-04-19,156077.461,0.0,84774410.856,84930488.317,0.0
2019-04-22,55500.131,0.0,83211023.191,83266523.322,215.958
2019-04-23,61689.981,0.0,83423775.023,83485465.004,0.0
2019-04-24,66769.981,0.0,83441671.483,83508441.463,0.0
2019-04-25,67569.981,0.0,82018171.17,82085741.15,0.0
2019-04-26,69569.981,0.0,80986690.687,81056260.667,0.0
2019-04-29,170866.726,0.0,81795779.401,81966646.126,846.181
2019-04-30,171046.726,0.0,81846730.303,82017777.029,0.0
2019-05-06,40761.206,0.0,77519605.122,77560366.328,404.022
2019-05-07,61049.206,0.0,78345749.847,78406799.053,0.0
2019-05-08,62897.688,0.0,77080320.807,77143218.495,0.0
2019-05-09,63110.188,0.0,75526248.164,75589358.352,0.0
2019-05-10,63110.188,0.0,78227442.707,78290552.895,0.0
2019-05-13,16538.677,0.0,77156114.349,77172653.025,80.743
2019-05-14,16758.677,0.0,76596848.622,76613607.299,0.0
2019-05-15,23632.457,0.0,78809764.184,78833396.64,0.0
2019-05-16,23824.457,0.0,79117011.171,79140835.627,0.0
2019-05-17,26652.157,0.0,77548052.738,77574704.895,0.0
2019-05-20,271345.999,0.0,76528982.912,76800328.91,661.958
2019-05-21,278944.799,0.0,77208343.956,77487288.754,0.0
2019-05-22,279728.799,0.0,76790744.196,77070472.994,0.0
2019-05-23,332290.279,0.0,75384682.542,75716972.821,0.0
2019-05-24,384810.879,0.0,75768589.381,76153400.259,0.0
2019-05-27,128.82,0.0,76875957.192,76876086.013,326.698
2019-05-28,7573.42,0.0,77897451.14,77905024.56,0.0
2019-05-29,8663.35,0.0,77857201.132,77865864.482,0.0
2019-05-30,61080.268,0.0,77636143.028,77697223.296,0.0
2019-05-31,79147.068,0.0,77203634.002,77282781.07,0.0
2019-06-03,20608.278,0.0,77584655.86,77605264.138,196.682
2019-06-04,20608.278,0.0,76707045.639,76727653.917,0.0
2019-06-05,47299.87,0.0,76506644.97,76553944.84,0.0
2019-06-06,112255.27,0.0,75915290.562,76027545.832,0.0
2019-06-10,2.42,0.0,77168428.42,77168430.84,122.036
2019-06-11,123044.52,0.0,79443223.008,79566267.528,0.0
2019-06-12,123044.52,0.0,78862217.54,78985262.06,0.0
2019-06-13,137920.95,0.0,78609752.387,78747673.337,0.0
2019-06-14,141320.95,0.0,78096211.04,78237531.99,0.0
2019-06-17,107685.472,0.0,78069246.848,78176932.32,339.32
2019-06-18,112877.728,0.0,78449116.5,78561994.228,0.0
2019-06-19,365266.497,0.0,79329999.246,79695265.743,0.0
2019-06-20,365266.497,0.0,81726383.802,82091650.299,0.0
2019-06-21,365673.497,0.0,81828114.175,82193787.672,0.0
2019-06-24,78543.151,0.0,82512480.528,82591023.679,274.02
2019-06-25,99172.639,0.0,81736335.989,81835508.628,0.0
2019-06-26,200472.39,0.0,81591583.741,81792056.131,0.0
2019-06-27,294375.19,0.0,82612721.417,82907096.607,0.0
2019-06-28,367015.582,0.0,82504198.202,82871213.784,0.0
2019-07-01,212688.323,0.0,85120953.206,85333641.529,868.134
2019-07-02,212688.323,0.0,85365045.321,85577733.644,0.0
2019-07-03,332634.797,0.0,84035786.915,84368421.711,0.0
2019-07-04,332634.797,0.0,83505802.923,83838437.72,0.0
2019-07-05,332634.797,0.0,84298192.799,84630827.595,0.0
2019-07-08,322005.843,0.0,82654640.977,82976646.82,934.115
2019-07-09,437715.843,0.0,82357133.094,82794848.938,0.0
2019-07-10,438644.557,0.0,82263145.184,82701789.742,0.0
2019-07-11,487513.059,0.0,82213820.71,82701333.769,0.0
2019-07-12,659207.365,0.0,82570093.891,83229301.256,0.0
2019-07-15,97439.882,0.0,83287700.231,83385140.113,533.978
2019-07-16,97517.882,0.0,82540425.566,82637943.448,0.0
2019-07-17,97517.882,0.0,82304423.818,82401941.7,0.0
2019-07-18,183605.882,0.0,81402137.131,81585743.013,0.0
2019-07-19,203077.822,0.0,82277006.669,82480084.491,0.0
2019-07-22,44358.313,0.0,82384807.109,82429165.423,204.667
2019-07-23,44461.313,0.0,82331008.403,82375469.716,0.0
2019-07-24,45344.313,0.0,82720591.715,82765936.028,0.0
2019-07-25,85621.473,0.0,83325901.756,83411523.229,0.0
2019-07-26,90755.661,0.0,83435451.332,83526206.994,0.0
2019-07-29,49650.254,0.0,83447057.566,83496707.82,119.744
2019-07-30,49875.254,0.0,83636891.802,83686767.056,0.0
2019-07-31,50659.254,0.0,82772633.178,82823292.432,0.0
2019-08-01,50659.254,0.0,82122781.182,82173440.435,0.0
2019-08-02,88564.254,0.0,81006979.698,81095543.952,0.0
2019-08-05,38673.457,0.0,79510570.502,79549243.959,43.919
2019-08-06,85773.457,0.0,78995667.656,79081441.113,0.0
2019-08-07,85773.457,0.0,78579099.854,78664873.312,0.0
2019-08-08,86054.257,0.0,79629744.833,79715799.09,0.0
2019-08-09,117008.257,0.0,78936604.101,79053612.358,0.0
2019-08-12,64932.724,0.0,80287565.969,80352498.694,389.628
2019-08-13,64932.724,0.0,79576094.041,79641026.765,0.0
2019-08-14,64932.724,0.0,80099063.704,80163996.428,0.0
2019-08-15,67541.917,0.0,80249039.947,80316581.864,0.0
2019-08-16,93431.617,0.0,80717881.999,80811313.616,0.0
2019-08-19,277562.978,0.0,82030014.385,82307577.363,953.869
2019-08-20,277562.978,0.0,81803134.343,82080697.32,0.0
2019-08-21,277562.978,0.0,81629734.146,81907297.124,0.0
2019-08-22,277760.978,0.0,81972931.814,82250692.791,0.0
2019-08-23,277760.978,0.0,82714369.537,82992130.515,0.0
2019-08-26,239181.908,0.0,81495194.599,81734376.507,1069.224
2019-08-27,239181.908,0.0,82575114.267,82814296.175,0.0
2019-08-28,240808.916,0.0,82671046.332,82911855.248,0.0
2019-08-29,240808.916,0.0,82424167.657,82664976.573,0.0
2019-08-30,240808.916,0.0,83055561.072,83296369.989,0.0
2019-09-02,279358.557,0.0,83572381.901,83851740.458,1428.383
2019-09-03,279358.557,0.0,83684110.208,83963468.765,0.0
2019-09-04,313981.557,0.0,84128571.27,84442552.827,0.0
2019-09-05,313981.557,0.0,84811102.519,85125084.076,0.0
2019-09-06,313981.557,0.0,85344488.425,85658469.981,0.0
2019-09-09,40564.796,0.0,85874442.376,85915007.172,292.334
2019-09-10,40564.796,0.0,85739425.687,85779990.484,0.0
2019-09-11,45542.996,0.0,84889971.954,84935514.95,0.0
2019-09-12,45542.996,0.0,85629611.24,85675154.236,0.0
2019-09-16,22366.204,0.0,85400442.986,85422809.19,128.354
2019-09-17,78196.804,0.0,84197019.94,84275216.744,0.0
2019-09-18,78196.804,0.0,84812787.547,84890984.351,0.0
2019-09-19,78196.804,0.0,84936793.285,85014990.088,0.0
2019-09-20,78196.804,0.0,85191745.693,85269942.497,0.0
2019-09-23,39151.905,0.0,84267706.437,84306858.342,177.231
2019-09-24,42817.115,0.0,84634330.469,84677147.584,0.0
2019-09-25,42817.115,0.0,84250516.639,84293333.754,0.0
2019-09-26,42817.115,0.0,83965280.089,84008097.204,0.0
2019-09-27,42817.115,0.0,83902615.393,83945432.508,0.0
2019-09-30,88549.984,0.0,83172061.407,83260611.391,339.746
2019-10-08,61744.219,0.0,83842930.976,83904675.195,131.992
2019-10-09,61744.219,0.0,83670810.658,83732554.877,0.0
2019-10-10,65685.219,0.0,84072622.92,84138308.138,0.0
2019-10-11,75908.619,0.0,84936352.84,85012261.459,0.0
2019-10-14,47470.113,0.0,85866221.39,85913691.503,233.967
2019-10-15,47470.113,0.0,85707657.941,85755128.053,0.0
2019-10-16,47783.613,0.0,85464882.848,85512666.46,0.0
2019-10-17,47783.613,0.0,85377276.428,85425060.041,0.0
2019-10-18,47783.613,0.0,84308032.332,84355815.944,0.0
2019-10-21,42275.284,0.0,84504975.405,84547250.689,268.838
2019-10-22,42275.284,0.0,84834531.283,84876806.566,0.0
2019-10-23,42275.284,0.0,84499102.425,84541377.709,0.0
2019-10-24,42275.284,0.0,84429696.403,84471971.687,0.0
2019-10-25,42695.284,0.0,85088410.485,85131105.769,0.0
2019-10-28,96605.056,0.0,85462207.222,85558812.277,360.851
2019-10-29,96605.056,0.0,85469786.279,85566391.335,0.0
2019-10-30,96605.056,0.0,84809910.112,84906515.168,0.0
2019-10-31,96605.056,0.0,84892364.331,84988969.387,0.0
2019-11-01,96605.056,0.0,86169526.052,86266131.107,0.0
2019-11-04,145250.466,0.0,86620643.049,86765893.514,539.392
2019-11-05,145250.466,0.0,87109915.175,87255165.641,0.0
2019-11-06,145250.466,0.0,86766703.81,86911954.276,0.0
2019-11-07,145250.466,0.0,86914045.039,87059295.505,0.0
2019-11-08,145250.466,0.0,86508896.692,86654147.158,0.0
2019-11-11,51039.168,0.0,85201127.11,85252166.278,106.389
2019-11-12,51039.168,0.0,85278488.425,85329527.593,0.0
2019-11-13,51039.168,0.0,85329651.766,85380690.934,0.0
2019-11-14,51039.168,0.0,85362424.879,85413464.047,0.0
2019-11-15,51039.168,0.0,84926808.047,84977847.215,0.0
2019-11-18,159784.216,0.0,85357809.11,85517593.326,572.978
2019-11-19,159784.216,0.0,86232530.873,86392315.089,0.0
2019-11-20,159784.216,0.0,85589668.012,85749452.228,0.0
2019-11-21,159784.216,0.0,85106869.386,85266653.602,0.0
2019-11-22,159784.216,0.0,84093740.215,84253524.43,0.0
2019-11-25,90763.644,0.0,84866902.861,84957666.505,367.435
2019-11-26,90763.644,0.0,85069828.085,85160591.729,0.0
2019-11-27,90763.644,0.0,84857878.587,84948642.231,0.0
2019-11-28,90763.644,0.0,84605735.62,84696499.264,0.0
2019-11-29,90763.644,0.0,83545257.122,83636020.766,0.0
2019-12-02,57242.856,0.0,83721316.692,83778559.548,60.0
2019-12-03,57242.856,0.0,84039572.474,84096815.33,0.0
2019-12-04,57242.856,0.0,83978463.003,84035705.859,0.0
2019-12-05,57242.856,0.0,84515316.042,84572558.898,0.0
2019-12-06,57242.856,0.0,84996821.652,85054064.508,0.0
2019-12-09,43142.96,0.0,84806065.527,84849208.487,141.931
2019-12-10,43142.96,0.0,84782362.295,84825505.255,0.0
2019-12-11,43142.96,0.0,85013786.761,85056929.721,0.0
2019-12-12,43142.96,0.0,84755217.178,84798360.137,0.0
2019-12-13,43142.96,0.0,86348450.284,86391593.244,0.0
2019-12-16,65975.236,0.0,86333289.72,86399264.956,339.718
2019-12-17,65975.236,0.0,87251724.936,87317700.172,0.0
2019-12-18,65975.236,0.0,87235252.894,87301228.131,0.0
2019-12-19,65975.236,0.0,87098317.398,87164292.635,0.0
2019-12-20,65975.236,0.0,86899085.82,86965061.056,0.0
2019-12-23,14140.611,0.0,86265835.15,86279975.761,86.335
2019-12-24,14140.611,0.0,86685996.023,86700136.634,0.0
2019-12-25,14140.611,0.0,86528761.253,86542901.864,0.0
2019-12-26,14140.611,0.0,87111674.587,87125815.198,0.0
2019-12-27,14140.611,0.0,87204618.247,87218758.858,0.0
2019-12-30,43662.486,0.0,88493847.437,88537509.923,157.149
2019-12-31,43662.486,0.0,88700512.366,88744174.852,0.0
