date,buy_avg_open_price,buy_margin,buy_pnl,buy_quantity,contract_multiplier,last_price,margin,margin_rate,order_book_id,sell_avg_open_price,sell_margin,sell_pnl,sell_quantity,symbol
2017-01-03,0.0,0.0,0.0,0.0,300.0,3326.0,7483500.0,0.15,IF88,3319.348,7483500.0,-99780.0,50.0,沪深主力连续
2017-01-04,0.0,0.0,0.0,0.0,300.0,3358.4,7556400.0,0.15,IF88,3319.348,7556400.0,-585780.0,50.0,沪深主力连续
2017-01-05,0.0,0.0,0.0,0.0,300.0,3350.8,7539300.0,0.15,IF88,3319.348,7539300.0,-471780.0,50.0,沪深主力连续
2017-01-06,0.0,0.0,0.0,0.0,300.0,3336.4,7506900.0,0.15,IF88,3319.348,7506900.0,-255780.0,50.0,沪深主力连续
2017-01-09,0.0,0.0,0.0,0.0,300.0,3352.0,7542000.0,0.15,IF88,3319.348,7542000.0,-489780.0,50.0,沪深主力连续
2017-01-10,0.0,0.0,0.0,0.0,300.0,3343.6,7523100.0,0.15,IF88,3319.348,7523100.0,-363780.0,50.0,沪深主力连续
2017-01-11,0.0,0.0,0.0,0.0,300.0,3323.0,7476750.0,0.15,IF88,3319.348,7476750.0,-54780.0,50.0,沪深主力连续
2017-01-12,0.0,0.0,0.0,0.0,300.0,3300.0,7425000.0,0.15,IF88,3319.348,7425000.0,290220.0,50.0,沪深主力连续
2017-01-13,0.0,0.0,0.0,0.0,300.0,3309.2,7445700.0,0.15,IF88,3319.348,7445700.0,152220.0,50.0,沪深主力连续
2017-01-16,0.0,0.0,0.0,0.0,300.0,3301.2,7427700.0,0.15,IF88,3319.348,7427700.0,272220.0,50.0,沪深主力连续
2017-01-17,0.0,0.0,0.0,0.0,300.0,3315.4,7459650.0,0.15,IF88,3319.348,7459650.0,59220.0,50.0,沪深主力连续
2017-01-18,0.0,0.0,0.0,0.0,300.0,3345.0,7526250.0,0.15,IF88,3319.348,7526250.0,-384780.0,50.0,沪深主力连续
2017-01-19,0.0,0.0,0.0,0.0,300.0,3322.2,7474950.0,0.15,IF88,3319.348,7474950.0,-42780.0,50.0,沪深主力连续
2017-01-20,0.0,0.0,0.0,0.0,300.0,3353.0,7544250.0,0.15,IF88,3319.348,7544250.0,-504780.0,50.0,沪深主力连续
2017-01-23,0.0,0.0,0.0,0.0,300.0,3352.0,7542000.0,0.15,IF88,3319.348,7542000.0,-489780.0,50.0,沪深主力连续
2017-01-24,0.0,0.0,0.0,0.0,300.0,3353.4,7545150.0,0.15,IF88,3319.348,7545150.0,-510780.0,50.0,沪深主力连续
2017-01-25,0.0,0.0,0.0,0.0,300.0,3369.2,7580700.0,0.15,IF88,3319.348,7580700.0,-747780.0,50.0,沪深主力连续
2017-01-26,0.0,0.0,0.0,0.0,300.0,3377.6,7599600.0,0.15,IF88,3319.348,7599600.0,-873780.0,50.0,沪深主力连续
2017-02-03,0.0,0.0,0.0,0.0,300.0,3357.0,7553250.0,0.15,IF88,3319.348,7553250.0,-564780.0,50.0,沪深主力连续
2017-02-06,0.0,0.0,0.0,0.0,300.0,3354.0,7546500.0,0.15,IF88,3319.348,7546500.0,-519780.0,50.0,沪深主力连续
2017-02-07,0.0,0.0,0.0,0.0,300.0,3349.0,7535250.0,0.15,IF88,3319.348,7535250.0,-444780.0,50.0,沪深主力连续
2017-02-08,0.0,0.0,0.0,0.0,300.0,3369.4,7581150.0,0.15,IF88,3319.348,7581150.0,-750780.0,50.0,沪深主力连续
2017-02-09,0.0,0.0,0.0,0.0,300.0,3380.6,7606350.0,0.15,IF88,3319.348,7606350.0,-918780.0,50.0,沪深主力连续
2017-02-10,0.0,0.0,0.0,0.0,300.0,3402.0,7654500.0,0.15,IF88,3319.348,7654500.0,-1239780.0,50.0,沪深主力连续
2017-02-13,0.0,0.0,0.0,0.0,300.0,3419.0,7692750.0,0.15,IF88,3319.348,7692750.0,-1494780.0,50.0,沪深主力连续
2017-02-14,0.0,0.0,0.0,0.0,300.0,3402.6,7655850.0,0.15,IF88,3319.348,7655850.0,-1248780.0,50.0,沪深主力连续
2017-02-15,0.0,0.0,0.0,0.0,300.0,3390.0,7627500.0,0.15,IF88,3319.348,7627500.0,-1059780.0,50.0,沪深主力连续
2017-02-16,0.0,0.0,0.0,0.0,300.0,3411.8,7676550.0,0.15,IF88,3319.348,7676550.0,-1386780.0,50.0,沪深主力连续
2017-02-17,0.0,0.0,0.0,0.0,300.0,3392.4,7632900.0,0.15,IF88,3319.348,7632900.0,-1095780.0,50.0,沪深主力连续
2017-02-20,0.0,0.0,0.0,0.0,300.0,3462.6,7790850.0,0.15,IF88,3319.348,7790850.0,-2148780.0,50.0,沪深主力连续
2017-02-21,0.0,0.0,0.0,0.0,300.0,3459.2,7783200.0,0.15,IF88,3319.348,7783200.0,-2097780.0,50.0,沪深主力连续
2017-02-22,0.0,0.0,0.0,0.0,300.0,3467.0,7800750.0,0.15,IF88,3319.348,7800750.0,-2214780.0,50.0,沪深主力连续
2017-02-23,0.0,0.0,0.0,0.0,300.0,3453.6,7770600.0,0.15,IF88,3319.348,7770600.0,-2013780.0,50.0,沪深主力连续
2017-02-24,0.0,0.0,0.0,0.0,300.0,3453.0,7769250.0,0.15,IF88,3319.348,7769250.0,-2004780.0,50.0,沪深主力连续
2017-02-27,0.0,0.0,0.0,0.0,300.0,3426.6,7709850.0,0.15,IF88,3319.348,7709850.0,-1608780.0,50.0,沪深主力连续
2017-02-28,0.0,0.0,0.0,0.0,300.0,3429.4,7716150.0,0.15,IF88,3319.348,7716150.0,-1650780.0,50.0,沪深主力连续
2017-03-01,0.0,0.0,0.0,0.0,300.0,3435.2,7729200.0,0.15,IF88,3319.348,7729200.0,-1737780.0,50.0,沪深主力连续
2017-03-02,0.0,0.0,0.0,0.0,300.0,3418.0,7690500.0,0.15,IF88,3319.348,7690500.0,-1479780.0,50.0,沪深主力连续
2017-03-03,0.0,0.0,0.0,0.0,300.0,3405.0,7661250.0,0.15,IF88,3319.348,7661250.0,-1284780.0,50.0,沪深主力连续
2017-03-06,0.0,0.0,0.0,0.0,300.0,3422.0,7699500.0,0.15,IF88,3319.348,7699500.0,-1539780.0,50.0,沪深主力连续
2017-03-07,0.0,0.0,0.0,0.0,300.0,3432.6,7723350.0,0.15,IF88,3319.348,7723350.0,-1698780.0,50.0,沪深主力连续
2017-03-08,0.0,0.0,0.0,0.0,300.0,3430.4,7718400.0,0.15,IF88,3319.348,7718400.0,-1665780.0,50.0,沪深主力连续
2017-03-09,0.0,0.0,0.0,0.0,300.0,3403.8,7658550.0,0.15,IF88,3319.348,7658550.0,-1266780.0,50.0,沪深主力连续
2017-03-10,0.0,0.0,0.0,0.0,300.0,3406.6,7664850.0,0.15,IF88,3319.348,7664850.0,-1308780.0,50.0,沪深主力连续
2017-03-13,0.0,0.0,0.0,0.0,300.0,3452.8,7768800.0,0.15,IF88,3319.348,7768800.0,-2001780.0,50.0,沪深主力连续
2017-03-14,0.0,0.0,0.0,0.0,300.0,3446.0,7753500.0,0.15,IF88,3319.348,7753500.0,-1899780.0,50.0,沪深主力连续
2017-03-15,0.0,0.0,0.0,0.0,300.0,3451.4,7765650.0,0.15,IF88,3319.348,7765650.0,-1980780.0,50.0,沪深主力连续
2017-03-16,0.0,0.0,0.0,0.0,300.0,3456.8,7777800.0,0.15,IF88,3319.348,7777800.0,-2061780.0,50.0,沪深主力连续
2017-03-17,0.0,0.0,0.0,0.0,300.0,3407.2,7666200.0,0.15,IF88,3319.348,7666200.0,-1317780.0,50.0,沪深主力连续
2017-03-20,0.0,0.0,0.0,0.0,300.0,3417.6,7689600.0,0.15,IF88,3319.348,7689600.0,-1473780.0,50.0,沪深主力连续
2017-03-21,0.0,0.0,0.0,0.0,300.0,3435.0,7728750.0,0.15,IF88,3319.348,7728750.0,-1734780.0,50.0,沪深主力连续
2017-03-22,0.0,0.0,0.0,0.0,300.0,3421.4,7698150.0,0.15,IF88,3319.348,7698150.0,-1530780.0,50.0,沪深主力连续
2017-03-23,0.0,0.0,0.0,0.0,300.0,3433.8,7726050.0,0.15,IF88,3319.348,7726050.0,-1716780.0,50.0,沪深主力连续
2017-03-24,0.0,0.0,0.0,0.0,300.0,3483.4,7837650.0,0.15,IF88,3319.348,7837650.0,-2460780.0,50.0,沪深主力连续
2017-03-27,0.0,0.0,0.0,0.0,300.0,3461.0,7787250.0,0.15,IF88,3319.348,7787250.0,-2124780.0,50.0,沪深主力连续
2017-03-28,0.0,0.0,0.0,0.0,300.0,3458.0,7780500.0,0.15,IF88,3319.348,7780500.0,-2079780.0,50.0,沪深主力连续
2017-03-29,0.0,0.0,0.0,0.0,300.0,3456.6,7777350.0,0.15,IF88,3319.348,7777350.0,-2058780.0,50.0,沪深主力连续
2017-03-30,0.0,0.0,0.0,0.0,300.0,3431.6,7721100.0,0.15,IF88,3319.348,7721100.0,-1683780.0,50.0,沪深主力连续
2017-03-31,0.0,0.0,0.0,0.0,300.0,3450.4,7763400.0,0.15,IF88,3319.348,7763400.0,-1965780.0,50.0,沪深主力连续
2017-04-05,0.0,0.0,0.0,0.0,300.0,3507.2,7891200.0,0.15,IF88,3319.348,7891200.0,-2817780.0,50.0,沪深主力连续
2017-04-06,0.0,0.0,0.0,0.0,300.0,3504.0,7884000.0,0.15,IF88,3319.348,7884000.0,-2769780.0,50.0,沪深主力连续
2017-04-07,0.0,0.0,0.0,0.0,300.0,3510.6,7898850.0,0.15,IF88,3319.348,7898850.0,-2868780.0,50.0,沪深主力连续
2017-04-10,0.0,0.0,0.0,0.0,300.0,3501.6,7878600.0,0.15,IF88,3319.348,7878600.0,-2733780.0,50.0,沪深主力连续
2017-04-11,0.0,0.0,0.0,0.0,300.0,3505.0,7886250.0,0.15,IF88,3319.348,7886250.0,-2784780.0,50.0,沪深主力连续
2017-04-12,0.0,0.0,0.0,0.0,300.0,3496.0,7866000.0,0.15,IF88,3319.348,7866000.0,-2649780.0,50.0,沪深主力连续
2017-04-13,0.0,0.0,0.0,0.0,300.0,3508.6,7894350.0,0.15,IF88,3319.348,7894350.0,-2838780.0,50.0,沪深主力连续
2017-04-14,0.0,0.0,0.0,0.0,300.0,3477.0,7823250.0,0.15,IF88,3319.348,7823250.0,-2364780.0,50.0,沪深主力连续
2017-04-17,0.0,0.0,0.0,0.0,300.0,3472.4,7812900.0,0.15,IF88,3319.348,7812900.0,-2295780.0,50.0,沪深主力连续
2017-04-18,0.0,0.0,0.0,0.0,300.0,3462.6,7790850.0,0.15,IF88,3319.348,7790850.0,-2148780.0,50.0,沪深主力连续
2017-04-19,0.0,0.0,0.0,0.0,300.0,3440.0,7740000.0,0.15,IF88,3319.348,7740000.0,-1809780.0,50.0,沪深主力连续
2017-04-20,0.0,0.0,0.0,0.0,300.0,3441.6,7743600.0,0.15,IF88,3319.348,7743600.0,-1833780.0,50.0,沪深主力连续
2017-04-21,0.0,0.0,0.0,0.0,300.0,3441.2,7742700.0,0.15,IF88,3319.348,7742700.0,-1827780.0,50.0,沪深主力连续
2017-04-24,0.0,0.0,0.0,0.0,300.0,3408.2,7668450.0,0.15,IF88,3319.348,7668450.0,-1332780.0,50.0,沪深主力连续
2017-04-25,0.0,0.0,0.0,0.0,300.0,3422.6,7700850.0,0.15,IF88,3319.348,7700850.0,-1548780.0,50.0,沪深主力连续
2017-04-26,0.0,0.0,0.0,0.0,300.0,3427.8,7712550.0,0.15,IF88,3319.348,7712550.0,-1626780.0,50.0,沪深主力连续
2017-04-27,0.0,0.0,0.0,0.0,300.0,3426.8,7710300.0,0.15,IF88,3319.348,7710300.0,-1611780.0,50.0,沪深主力连续
2017-04-28,0.0,0.0,0.0,0.0,300.0,3420.4,7695900.0,0.15,IF88,3319.348,7695900.0,-1515780.0,50.0,沪深主力连续
2017-05-02,0.0,0.0,0.0,0.0,300.0,3407.4,7666650.0,0.15,IF88,3319.348,7666650.0,-1320780.0,50.0,沪深主力连续
2017-05-03,0.0,0.0,0.0,0.0,300.0,3396.8,7642800.0,0.15,IF88,3319.348,7642800.0,-1161780.0,50.0,沪深主力连续
2017-05-04,0.0,0.0,0.0,0.0,300.0,3383.4,7612650.0,0.15,IF88,3319.348,7612650.0,-960780.0,50.0,沪深主力连续
2017-05-05,0.0,0.0,0.0,0.0,300.0,3360.4,7560900.0,0.15,IF88,3319.348,7560900.0,-615780.0,50.0,沪深主力连续
2017-05-08,0.0,0.0,0.0,0.0,300.0,3339.4,7513650.0,0.15,IF88,3319.348,7513650.0,-300780.0,50.0,沪深主力连续
2017-05-09,0.0,0.0,0.0,0.0,300.0,3342.2,7519950.0,0.15,IF88,3319.348,7519950.0,-342780.0,50.0,沪深主力连续
2017-05-10,0.0,0.0,0.0,0.0,300.0,3323.8,7478550.0,0.15,IF88,3319.348,7478550.0,-66780.0,50.0,沪深主力连续
2017-05-11,0.0,0.0,0.0,0.0,300.0,3341.4,7518150.0,0.15,IF88,3319.348,7518150.0,-330780.0,50.0,沪深主力连续
2017-05-12,0.0,0.0,0.0,0.0,300.0,3367.2,7576200.0,0.15,IF88,3319.348,7576200.0,-717780.0,50.0,沪深主力连续
2017-05-15,0.0,0.0,0.0,0.0,300.0,3386.6,7619850.0,0.15,IF88,3319.348,7619850.0,-1008780.0,50.0,沪深主力连续
2017-05-16,0.0,0.0,0.0,0.0,300.0,3431.0,7719750.0,0.15,IF88,3319.348,7719750.0,-1674780.0,50.0,沪深主力连续
2017-05-17,0.0,0.0,0.0,0.0,300.0,3391.0,7629750.0,0.15,IF88,3319.348,7629750.0,-1074780.0,50.0,沪深主力连续
2017-05-18,0.0,0.0,0.0,0.0,300.0,3374.8,7593300.0,0.15,IF88,3319.348,7593300.0,-831780.0,50.0,沪深主力连续
2017-05-19,0.0,0.0,0.0,0.0,300.0,3381.8,7609050.0,0.15,IF88,3319.348,7609050.0,-936780.0,50.0,沪深主力连续
2017-05-22,0.0,0.0,0.0,0.0,300.0,3382.2,7609950.0,0.15,IF88,3319.348,7609950.0,-942780.0,50.0,沪深主力连续
2017-05-23,0.0,0.0,0.0,0.0,300.0,3402.0,7654500.0,0.15,IF88,3319.348,7654500.0,-1239780.0,50.0,沪深主力连续
2017-05-24,0.0,0.0,0.0,0.0,300.0,3402.0,7654500.0,0.15,IF88,3319.348,7654500.0,-1239780.0,50.0,沪深主力连续
2017-05-25,0.0,0.0,0.0,0.0,300.0,3486.0,7843500.0,0.15,IF88,3319.348,7843500.0,-2499780.0,50.0,沪深主力连续
2017-05-26,0.0,0.0,0.0,0.0,300.0,3480.6,7831350.0,0.15,IF88,3319.348,7831350.0,-2418780.0,50.0,沪深主力连续
2017-05-31,0.0,0.0,0.0,0.0,300.0,3482.0,7834500.0,0.15,IF88,3319.348,7834500.0,-2439780.0,50.0,沪深主力连续
2017-06-01,0.0,0.0,0.0,0.0,300.0,3489.0,7850250.0,0.15,IF88,3319.348,7850250.0,-2544780.0,50.0,沪深主力连续
2017-06-02,0.0,0.0,0.0,0.0,300.0,3480.8,7831800.0,0.15,IF88,3319.348,7831800.0,-2421780.0,50.0,沪深主力连续
2017-06-05,0.0,0.0,0.0,0.0,300.0,3456.6,7777350.0,0.15,IF88,3319.348,7777350.0,-2058780.0,50.0,沪深主力连续
2017-06-06,0.0,0.0,0.0,0.0,300.0,3484.6,7840350.0,0.15,IF88,3319.348,7840350.0,-2478780.0,50.0,沪深主力连续
2017-06-07,0.0,0.0,0.0,0.0,300.0,3533.0,7949250.0,0.15,IF88,3319.348,7949250.0,-3204780.0,50.0,沪深主力连续
2017-06-08,0.0,0.0,0.0,0.0,300.0,3559.8,8009550.0,0.15,IF88,3319.348,8009550.0,-3606780.0,50.0,沪深主力连续
2017-06-09,0.0,0.0,0.0,0.0,300.0,3578.6,8051850.0,0.15,IF88,3319.348,8051850.0,-3888780.0,50.0,沪深主力连续
2017-06-12,0.0,0.0,0.0,0.0,300.0,3568.0,8028000.0,0.15,IF88,3319.348,8028000.0,-3729780.0,50.0,沪深主力连续
2017-06-13,0.0,0.0,0.0,0.0,300.0,3576.2,8046450.0,0.15,IF88,3319.348,8046450.0,-3852780.0,50.0,沪深主力连续
2017-06-14,0.0,0.0,0.0,0.0,300.0,3532.0,7947000.0,0.15,IF88,3319.348,7947000.0,-3189780.0,50.0,沪深主力连续
2017-06-15,0.0,0.0,0.0,0.0,300.0,3524.0,7929000.0,0.15,IF88,3319.348,7929000.0,-3069780.0,50.0,沪深主力连续
2017-06-16,0.0,0.0,0.0,0.0,300.0,3488.0,7848000.0,0.15,IF88,3319.348,7848000.0,-2529780.0,50.0,沪深主力连续
2017-06-19,0.0,0.0,0.0,0.0,300.0,3530.0,7942500.0,0.15,IF88,3319.348,7942500.0,-3159780.0,50.0,沪深主力连续
2017-06-20,0.0,0.0,0.0,0.0,300.0,3521.0,7922250.0,0.15,IF88,3319.348,7922250.0,-3024780.0,50.0,沪深主力连续
2017-06-21,0.0,0.0,0.0,0.0,300.0,3558.4,8006400.0,0.15,IF88,3319.348,8006400.0,-3585780.0,50.0,沪深主力连续
2017-06-22,0.0,0.0,0.0,0.0,300.0,3560.8,8011800.0,0.15,IF88,3319.348,8011800.0,-3621780.0,50.0,沪深主力连续
2017-06-23,0.0,0.0,0.0,0.0,300.0,3597.4,8094150.0,0.15,IF88,3319.348,8094150.0,-4170780.0,50.0,沪深主力连续
2017-06-26,0.0,0.0,0.0,0.0,300.0,3647.2,8206200.0,0.15,IF88,3319.348,8206200.0,-4917780.0,50.0,沪深主力连续
2017-06-27,0.0,0.0,0.0,0.0,300.0,3650.4,8213400.0,0.15,IF88,3319.348,8213400.0,-4965780.0,50.0,沪深主力连续
2017-06-28,0.0,0.0,0.0,0.0,300.0,3627.0,8160750.0,0.15,IF88,3319.348,8160750.0,-4614780.0,50.0,沪深主力连续
2017-06-29,0.0,0.0,0.0,0.0,300.0,3649.0,8210250.0,0.15,IF88,3319.348,8210250.0,-4944780.0,50.0,沪深主力连续
2017-06-30,0.0,0.0,0.0,0.0,300.0,3642.6,8195850.0,0.15,IF88,3319.348,8195850.0,-4848780.0,50.0,沪深主力连续
2017-07-03,0.0,0.0,0.0,0.0,300.0,3625.8,8158050.0,0.15,IF88,3319.348,8158050.0,-4596780.0,50.0,沪深主力连续
2017-07-04,0.0,0.0,0.0,0.0,300.0,3587.0,8070750.0,0.15,IF88,3319.348,8070750.0,-4014780.0,50.0,沪深主力连续
2017-07-05,0.0,0.0,0.0,0.0,300.0,3640.8,8191800.0,0.15,IF88,3319.348,8191800.0,-4821780.0,50.0,沪深主力连续
2017-07-06,0.0,0.0,0.0,0.0,300.0,3633.2,8174700.0,0.15,IF88,3319.348,8174700.0,-4707780.0,50.0,沪深主力连续
2017-07-07,0.0,0.0,0.0,0.0,300.0,3627.2,8161200.0,0.15,IF88,3319.348,8161200.0,-4617780.0,50.0,沪深主力连续
2017-07-10,0.0,0.0,0.0,0.0,300.0,3634.0,8176500.0,0.15,IF88,3319.348,8176500.0,-4719780.0,50.0,沪深主力连续
2017-07-11,0.0,0.0,0.0,0.0,300.0,3661.8,8239050.0,0.15,IF88,3319.348,8239050.0,-5136780.0,50.0,沪深主力连续
2017-07-12,0.0,0.0,0.0,0.0,300.0,3638.8,8187300.0,0.15,IF88,3319.348,8187300.0,-4791780.0,50.0,沪深主力连续
2017-07-13,0.0,0.0,0.0,0.0,300.0,3679.2,8278200.0,0.15,IF88,3319.348,8278200.0,-5397780.0,50.0,沪深主力连续
2017-07-14,0.0,0.0,0.0,0.0,300.0,3698.8,8322300.0,0.15,IF88,3319.348,8322300.0,-5691780.0,50.0,沪深主力连续
2017-07-17,0.0,0.0,0.0,0.0,300.0,3649.8,8212050.0,0.15,IF88,3319.348,8212050.0,-4956780.0,50.0,沪深主力连续
2017-07-18,0.0,0.0,0.0,0.0,300.0,3650.0,8212500.0,0.15,IF88,3319.348,8212500.0,-4959780.0,50.0,沪深主力连续
2017-07-19,0.0,0.0,0.0,0.0,300.0,3729.4,8391150.0,0.15,IF88,3319.348,8391150.0,-6150780.0,50.0,沪深主力连续
2017-07-20,0.0,0.0,0.0,0.0,300.0,3747.2,8431200.0,0.15,IF88,3319.348,8431200.0,-6417780.0,50.0,沪深主力连续
2017-07-21,0.0,0.0,0.0,0.0,300.0,3716.0,8361000.0,0.15,IF88,3319.348,8361000.0,-5949780.0,50.0,沪深主力连续
2017-07-24,0.0,0.0,0.0,0.0,300.0,3733.0,8399250.0,0.15,IF88,3319.348,8399250.0,-6204780.0,50.0,沪深主力连续
2017-07-25,0.0,0.0,0.0,0.0,300.0,3704.8,8335800.0,0.15,IF88,3319.348,8335800.0,-5781780.0,50.0,沪深主力连续
2017-07-26,0.0,0.0,0.0,0.0,300.0,3684.0,8289000.0,0.15,IF88,3319.348,8289000.0,-5469780.0,50.0,沪深主力连续
2017-07-27,0.0,0.0,0.0,0.0,300.0,3690.6,8303850.0,0.15,IF88,3319.348,8303850.0,-5568780.0,50.0,沪深主力连续
2017-07-28,0.0,0.0,0.0,0.0,300.0,3708.4,8343900.0,0.15,IF88,3319.348,8343900.0,-5835780.0,50.0,沪深主力连续
2017-07-31,0.0,0.0,0.0,0.0,300.0,3722.2,8374950.0,0.15,IF88,3319.348,8374950.0,-6042780.0,50.0,沪深主力连续
2017-08-01,0.0,0.0,0.0,0.0,300.0,3748.8,8434800.0,0.15,IF88,3319.348,8434800.0,-6441780.0,50.0,沪深主力连续
2017-08-02,0.0,0.0,0.0,0.0,300.0,3753.4,8445150.0,0.15,IF88,3319.348,8445150.0,-6510780.0,50.0,沪深主力连续
2017-08-03,0.0,0.0,0.0,0.0,300.0,3715.8,8360550.0,0.15,IF88,3319.348,8360550.0,-5946780.0,50.0,沪深主力连续
2017-08-04,0.0,0.0,0.0,0.0,300.0,3692.0,8307000.0,0.15,IF88,3319.348,8307000.0,-5589780.0,50.0,沪深主力连续
2017-08-07,0.0,0.0,0.0,0.0,300.0,3715.0,8358750.0,0.15,IF88,3319.348,8358750.0,-5934780.0,50.0,沪深主力连续
2017-08-08,0.0,0.0,0.0,0.0,300.0,3717.4,8364150.0,0.15,IF88,3319.348,8364150.0,-5970780.0,50.0,沪深主力连续
2017-08-09,0.0,0.0,0.0,0.0,300.0,3715.0,8358750.0,0.15,IF88,3319.348,8358750.0,-5934780.0,50.0,沪深主力连续
2017-08-10,0.0,0.0,0.0,0.0,300.0,3701.0,8327250.0,0.15,IF88,3319.348,8327250.0,-5724780.0,50.0,沪深主力连续
2017-08-11,0.0,0.0,0.0,0.0,300.0,3627.8,8162550.0,0.15,IF88,3319.348,8162550.0,-4626780.0,50.0,沪深主力连续
2017-08-14,0.0,0.0,0.0,0.0,300.0,3681.4,8283150.0,0.15,IF88,3319.348,8283150.0,-5430780.0,50.0,沪深主力连续
2017-08-15,0.0,0.0,0.0,0.0,300.0,3694.4,8312400.0,0.15,IF88,3319.348,8312400.0,-5625780.0,50.0,沪深主力连续
2017-08-16,0.0,0.0,0.0,0.0,300.0,3673.8,8266050.0,0.15,IF88,3319.348,8266050.0,-5316780.0,50.0,沪深主力连续
2017-08-17,0.0,0.0,0.0,0.0,300.0,3703.0,8331750.0,0.15,IF88,3319.348,8331750.0,-5754780.0,50.0,沪深主力连续
2017-08-18,0.0,0.0,0.0,0.0,300.0,3705.0,8336250.0,0.15,IF88,3319.348,8336250.0,-5784780.0,50.0,沪深主力连续
2017-08-21,0.0,0.0,0.0,0.0,300.0,3721.2,8372700.0,0.15,IF88,3319.348,8372700.0,-6027780.0,50.0,沪深主力连续
2017-08-22,0.0,0.0,0.0,0.0,300.0,3732.6,8398350.0,0.15,IF88,3319.348,8398350.0,-6198780.0,50.0,沪深主力连续
2017-08-23,0.0,0.0,0.0,0.0,300.0,3741.6,8418600.0,0.15,IF88,3319.348,8418600.0,-6333780.0,50.0,沪深主力连续
2017-08-24,0.0,0.0,0.0,0.0,300.0,3724.0,8379000.0,0.15,IF88,3319.348,8379000.0,-6069780.0,50.0,沪深主力连续
2017-08-25,0.0,0.0,0.0,0.0,300.0,3794.8,8538300.0,0.15,IF88,3319.348,8538300.0,-7131780.0,50.0,沪深主力连续
2017-08-28,0.0,0.0,0.0,0.0,300.0,3843.8,8648550.0,0.15,IF88,3319.348,8648550.0,-7866780.0,50.0,沪深主力连续
2017-08-29,0.0,0.0,0.0,0.0,300.0,3837.8,8635050.0,0.15,IF88,3319.348,8635050.0,-7776780.0,50.0,沪深主力连续
2017-08-30,0.0,0.0,0.0,0.0,300.0,3834.2,8626950.0,0.15,IF88,3319.348,8626950.0,-7722780.0,50.0,沪深主力连续
2017-08-31,0.0,0.0,0.0,0.0,300.0,3829.6,8616600.0,0.15,IF88,3319.348,8616600.0,-7653780.0,50.0,沪深主力连续
2017-09-01,0.0,0.0,0.0,0.0,300.0,3837.8,8635050.0,0.15,IF88,3319.348,8635050.0,-7776780.0,50.0,沪深主力连续
2017-09-04,0.0,0.0,0.0,0.0,300.0,3842.6,8645850.0,0.15,IF88,3319.348,8645850.0,-7848780.0,50.0,沪深主力连续
2017-09-05,0.0,0.0,0.0,0.0,300.0,3854.2,8671950.0,0.15,IF88,3319.348,8671950.0,-8022780.0,50.0,沪深主力连续
2017-09-06,0.0,0.0,0.0,0.0,300.0,3846.6,8654850.0,0.15,IF88,3319.348,8654850.0,-7908780.0,50.0,沪深主力连续
2017-09-07,0.0,0.0,0.0,0.0,300.0,3828.2,8613450.0,0.15,IF88,3319.348,8613450.0,-7632780.0,50.0,沪深主力连续
2017-09-08,0.0,0.0,0.0,0.0,300.0,3820.8,8596800.0,0.15,IF88,3319.348,8596800.0,-7521780.0,50.0,沪深主力连续
2017-09-11,0.0,0.0,0.0,0.0,300.0,3831.4,8620650.0,0.15,IF88,3319.348,8620650.0,-7680780.0,50.0,沪深主力连续
2017-09-12,0.0,0.0,0.0,0.0,300.0,3844.2,8649450.0,0.15,IF88,3319.348,8649450.0,-7872780.0,50.0,沪深主力连续
2017-09-13,0.0,0.0,0.0,0.0,300.0,3844.2,8649450.0,0.15,IF88,3319.348,8649450.0,-7872780.0,50.0,沪深主力连续
2017-09-14,0.0,0.0,0.0,0.0,300.0,3830.4,8618400.0,0.15,IF88,3319.348,8618400.0,-7665780.0,50.0,沪深主力连续
2017-09-15,0.0,0.0,0.0,0.0,300.0,3823.0,8601750.0,0.15,IF88,3319.348,8601750.0,-7554780.0,50.0,沪深主力连续
2017-09-18,0.0,0.0,0.0,0.0,300.0,3854.8,8673300.0,0.15,IF88,3319.348,8673300.0,-8031780.0,50.0,沪深主力连续
2017-09-19,0.0,0.0,0.0,0.0,300.0,3823.8,8603550.0,0.15,IF88,3319.348,8603550.0,-7566780.0,50.0,沪深主力连续
2017-09-20,0.0,0.0,0.0,0.0,300.0,3845.4,8652150.0,0.15,IF88,3319.348,8652150.0,-7890780.0,50.0,沪深主力连续
2017-09-21,0.0,0.0,0.0,0.0,300.0,3837.2,8633700.0,0.15,IF88,3319.348,8633700.0,-7767780.0,50.0,沪深主力连续
2017-09-22,0.0,0.0,0.0,0.0,300.0,3829.4,8616150.0,0.15,IF88,3319.348,8616150.0,-7650780.0,50.0,沪深主力连续
2017-09-25,0.0,0.0,0.0,0.0,300.0,3801.4,8553150.0,0.15,IF88,3319.348,8553150.0,-7230780.0,50.0,沪深主力连续
2017-09-26,0.0,0.0,0.0,0.0,300.0,3813.8,8581050.0,0.15,IF88,3319.348,8581050.0,-7416780.0,50.0,沪深主力连续
2017-09-27,0.0,0.0,0.0,0.0,300.0,3819.8,8594550.0,0.15,IF88,3319.348,8594550.0,-7506780.0,50.0,沪深主力连续
2017-09-28,0.0,0.0,0.0,0.0,300.0,3831.0,8619750.0,0.15,IF88,3319.348,8619750.0,-7674780.0,50.0,沪深主力连续
2017-09-29,0.0,0.0,0.0,0.0,300.0,3849.2,8660700.0,0.15,IF88,3319.348,8660700.0,-7947780.0,50.0,沪深主力连续
2017-10-09,0.0,0.0,0.0,0.0,300.0,3888.8,8749800.0,0.15,IF88,3319.348,8749800.0,-8541780.0,50.0,沪深主力连续
2017-10-10,0.0,0.0,0.0,0.0,300.0,3893.0,8759250.0,0.15,IF88,3319.348,8759250.0,-8604780.0,50.0,沪深主力连续
2017-10-11,0.0,0.0,0.0,0.0,300.0,3902.2,8779950.0,0.15,IF88,3319.348,8779950.0,-8742780.0,50.0,沪深主力连续
2017-10-12,0.0,0.0,0.0,0.0,300.0,3916.0,8811000.0,0.15,IF88,3319.348,8811000.0,-8949780.0,50.0,沪深主力连续
2017-10-13,0.0,0.0,0.0,0.0,300.0,3933.0,8849250.0,0.15,IF88,3319.348,8849250.0,-9204780.0,50.0,沪深主力连续
2017-10-16,0.0,0.0,0.0,0.0,300.0,3918.0,8815500.0,0.15,IF88,3319.348,8815500.0,-8979780.0,50.0,沪深主力连续
2017-10-17,0.0,0.0,0.0,0.0,300.0,3911.0,8799750.0,0.15,IF88,3319.348,8799750.0,-8874780.0,50.0,沪深主力连续
2017-10-18,0.0,0.0,0.0,0.0,300.0,3930.8,8844300.0,0.15,IF88,3319.348,8844300.0,-9171780.0,50.0,沪深主力连续
2017-10-19,0.0,0.0,0.0,0.0,300.0,3922.6,8825850.0,0.15,IF88,3319.348,8825850.0,-9048780.0,50.0,沪深主力连续
2017-10-20,0.0,0.0,0.0,0.0,300.0,3911.8,8801550.0,0.15,IF88,3319.348,8801550.0,-8886780.0,50.0,沪深主力连续
2017-10-23,0.0,0.0,0.0,0.0,300.0,3922.0,8824500.0,0.15,IF88,3319.348,8824500.0,-9039780.0,50.0,沪深主力连续
2017-10-24,0.0,0.0,0.0,0.0,300.0,3945.6,8877600.0,0.15,IF88,3319.348,8877600.0,-9393780.0,50.0,沪深主力连续
2017-10-25,0.0,0.0,0.0,0.0,300.0,3967.0,8925750.0,0.15,IF88,3319.348,8925750.0,-9714780.0,50.0,沪深主力连续
2017-10-26,0.0,0.0,0.0,0.0,300.0,3993.8,8986050.0,0.15,IF88,3319.348,8986050.0,-10116780.0,50.0,沪深主力连续
2017-10-27,0.0,0.0,0.0,0.0,300.0,4021.8,9049050.0,0.15,IF88,3319.348,9049050.0,-10536780.0,50.0,沪深主力连续
2017-10-30,0.0,0.0,0.0,0.0,300.0,3981.6,8958600.0,0.15,IF88,3319.348,8958600.0,-9933780.0,50.0,沪深主力连续
2017-10-31,0.0,0.0,0.0,0.0,300.0,3993.8,8986050.0,0.15,IF88,3319.348,8986050.0,-10116780.0,50.0,沪深主力连续
2017-11-01,0.0,0.0,0.0,0.0,300.0,3981.6,8958600.0,0.15,IF88,3319.348,8958600.0,-9933780.0,50.0,沪深主力连续
2017-11-02,0.0,0.0,0.0,0.0,300.0,3987.4,8971650.0,0.15,IF88,3319.348,8971650.0,-10020780.0,50.0,沪深主力连续
2017-11-03,0.0,0.0,0.0,0.0,300.0,3963.4,8917650.0,0.15,IF88,3319.348,8917650.0,-9660780.0,50.0,沪深主力连续
2017-11-06,0.0,0.0,0.0,0.0,300.0,4008.4,9018900.0,0.15,IF88,3319.348,9018900.0,-10335780.0,50.0,沪深主力连续
2017-11-07,0.0,0.0,0.0,0.0,300.0,4049.0,9110250.0,0.15,IF88,3319.348,9110250.0,-10944780.0,50.0,沪深主力连续
2017-11-08,0.0,0.0,0.0,0.0,300.0,4046.6,9104850.0,0.15,IF88,3319.348,9104850.0,-10908780.0,50.0,沪深主力连续
2017-11-09,0.0,0.0,0.0,0.0,300.0,4080.2,9180450.0,0.15,IF88,3319.348,9180450.0,-11412780.0,50.0,沪深主力连续
2017-11-10,0.0,0.0,0.0,0.0,300.0,4115.6,9260100.0,0.15,IF88,3319.348,9260100.0,-11943780.0,50.0,沪深主力连续
2017-11-13,0.0,0.0,0.0,0.0,300.0,4127.4,9286650.0,0.15,IF88,3319.348,9286650.0,-12120780.0,50.0,沪深主力连续
2017-11-14,0.0,0.0,0.0,0.0,300.0,4101.0,9227250.0,0.15,IF88,3319.348,9227250.0,-11724780.0,50.0,沪深主力连续
2017-11-15,0.0,0.0,0.0,0.0,300.0,4070.8,9159300.0,0.15,IF88,3319.348,9159300.0,-11271780.0,50.0,沪深主力连续
2017-11-16,0.0,0.0,0.0,0.0,300.0,4107.0,9240750.0,0.15,IF88,3319.348,9240750.0,-11814780.0,50.0,沪深主力连续
2017-11-17,0.0,0.0,0.0,0.0,300.0,4118.2,9265950.0,0.15,IF88,3319.348,9265950.0,-11982780.0,50.0,沪深主力连续
2017-11-20,0.0,0.0,0.0,0.0,300.0,4146.0,9328500.0,0.15,IF88,3319.348,9328500.0,-12399780.0,50.0,沪深主力连续
2017-11-21,0.0,0.0,0.0,0.0,300.0,4232.4,9522900.0,0.15,IF88,3319.348,9522900.0,-13695780.0,50.0,沪深主力连续
2017-11-22,0.0,0.0,0.0,0.0,300.0,4235.6,9530100.0,0.15,IF88,3319.348,9530100.0,-13743780.0,50.0,沪深主力连续
2017-11-23,0.0,0.0,0.0,0.0,300.0,4099.0,9222750.0,0.15,IF88,3319.348,9222750.0,-11694780.0,50.0,沪深主力连续
2017-11-24,0.0,0.0,0.0,0.0,300.0,4099.2,9223200.0,0.15,IF88,3319.348,9223200.0,-11697780.0,50.0,沪深主力连续
2017-11-27,0.0,0.0,0.0,0.0,300.0,4022.0,9049500.0,0.15,IF88,3319.348,9049500.0,-10539780.0,50.0,沪深主力连续
2017-11-28,0.0,0.0,0.0,0.0,300.0,4041.2,9092700.0,0.15,IF88,3319.348,9092700.0,-10827780.0,50.0,沪深主力连续
2017-11-29,0.0,0.0,0.0,0.0,300.0,4035.8,9080550.0,0.15,IF88,3319.348,9080550.0,-10746780.0,50.0,沪深主力连续
2017-11-30,0.0,0.0,0.0,0.0,300.0,3982.0,8959500.0,0.15,IF88,3319.348,8959500.0,-9939780.0,50.0,沪深主力连续
2017-12-01,0.0,0.0,0.0,0.0,300.0,3978.8,8952300.0,0.15,IF88,3319.348,8952300.0,-9891780.0,50.0,沪深主力连续
2017-12-04,0.0,0.0,0.0,0.0,300.0,3999.0,8997750.0,0.15,IF88,3319.348,8997750.0,-10194780.0,50.0,沪深主力连续
2017-12-05,0.0,0.0,0.0,0.0,300.0,4017.2,9038700.0,0.15,IF88,3319.348,9038700.0,-10467780.0,50.0,沪深主力连续
2017-12-06,0.0,0.0,0.0,0.0,300.0,3988.0,8973000.0,0.15,IF88,3319.348,8973000.0,-10029780.0,50.0,沪深主力连续
2017-12-07,0.0,0.0,0.0,0.0,300.0,3948.6,8884350.0,0.15,IF88,3319.348,8884350.0,-9438780.0,50.0,沪深主力连续
2017-12-08,0.0,0.0,0.0,0.0,300.0,3998.0,8995500.0,0.15,IF88,3319.348,8995500.0,-10179780.0,50.0,沪深主力连续
2017-12-11,0.0,0.0,0.0,0.0,300.0,4067.4,9151650.0,0.15,IF88,3319.348,9151650.0,-11220780.0,50.0,沪深主力连续
2017-12-12,0.0,0.0,0.0,0.0,300.0,4010.2,9022950.0,0.15,IF88,3319.348,9022950.0,-10362780.0,50.0,沪深主力连续
2017-12-13,0.0,0.0,0.0,0.0,300.0,4046.6,9104850.0,0.15,IF88,3319.348,9104850.0,-10908780.0,50.0,沪深主力连续
2017-12-14,0.0,0.0,0.0,0.0,300.0,4027.2,9061200.0,0.15,IF88,3319.348,9061200.0,-10617780.0,50.0,沪深主力连续
2017-12-15,0.0,0.0,0.0,0.0,300.0,3977.0,8948250.0,0.15,IF88,3319.348,8948250.0,-9864780.0,50.0,沪深主力连续
2017-12-18,0.0,0.0,0.0,0.0,300.0,3984.8,8965800.0,0.15,IF88,3319.348,8965800.0,-9981780.0,50.0,沪深主力连续
2017-12-19,0.0,0.0,0.0,0.0,300.0,4044.0,9099000.0,0.15,IF88,3319.348,9099000.0,-10869780.0,50.0,沪深主力连续
2017-12-20,0.0,0.0,0.0,0.0,300.0,4029.0,9065250.0,0.15,IF88,3319.348,9065250.0,-10644780.0,50.0,沪深主力连续
2017-12-21,0.0,0.0,0.0,0.0,300.0,4082.0,9184500.0,0.15,IF88,3319.348,9184500.0,-11439780.0,50.0,沪深主力连续
2017-12-22,0.0,0.0,0.0,0.0,300.0,4069.2,9155700.0,0.15,IF88,3319.348,9155700.0,-11247780.0,50.0,沪深主力连续
2017-12-25,0.0,0.0,0.0,0.0,300.0,4049.2,9110700.0,0.15,IF88,3319.348,9110700.0,-10947780.0,50.0,沪深主力连续
2017-12-26,0.0,0.0,0.0,0.0,300.0,4068.8,9154800.0,0.15,IF88,3319.348,9154800.0,-11241780.0,50.0,沪深主力连续
2017-12-27,0.0,0.0,0.0,0.0,300.0,3991.4,8980650.0,0.15,IF88,3319.348,8980650.0,-10080780.0,50.0,沪深主力连续
2017-12-28,0.0,0.0,0.0,0.0,300.0,4030.0,9067500.0,0.15,IF88,3319.348,9067500.0,-10659780.0,50.0,沪深主力连续
2017-12-29,0.0,0.0,0.0,0.0,300.0,4039.8,9089550.0,0.15,IF88,3319.348,9089550.0,-10806780.0,50.0,沪深主力连续
2018-01-02,0.0,0.0,0.0,0.0,300.0,4104.0,9234000.0,0.15,IF88,3319.348,9234000.0,-11769780.0,50.0,沪深主力连续
2018-01-03,0.0,0.0,0.0,0.0,300.0,4121.6,9273600.0,0.15,IF88,3319.348,9273600.0,-12033780.0,50.0,沪深主力连续
2018-01-04,0.0,0.0,0.0,0.0,300.0,4135.8,9305550.0,0.15,IF88,3319.348,9305550.0,-12246780.0,50.0,沪深主力连续
2018-01-05,0.0,0.0,0.0,0.0,300.0,4148.2,9333450.0,0.15,IF88,3319.348,9333450.0,-12432780.0,50.0,沪深主力连续
2018-01-08,0.0,0.0,0.0,0.0,300.0,4163.8,9368550.0,0.15,IF88,3319.348,9368550.0,-12666780.0,50.0,沪深主力连续
2018-01-09,0.0,0.0,0.0,0.0,300.0,4197.4,9444150.0,0.15,IF88,3319.348,9444150.0,-13170780.0,50.0,沪深主力连续
2018-01-10,0.0,0.0,0.0,0.0,300.0,4212.2,9477450.0,0.15,IF88,3319.348,9477450.0,-13392780.0,50.0,沪深主力连续
2018-01-11,0.0,0.0,0.0,0.0,300.0,4208.4,9468900.0,0.15,IF88,3319.348,9468900.0,-13335780.0,50.0,沪深主力连续
2018-01-12,0.0,0.0,0.0,0.0,300.0,4229.0,9515250.0,0.15,IF88,3319.348,9515250.0,-13644780.0,50.0,沪深主力连续
2018-01-15,0.0,0.0,0.0,0.0,300.0,4223.4,9502650.0,0.15,IF88,3319.348,9502650.0,-13560780.0,50.0,沪深主力连续
2018-01-16,0.0,0.0,0.0,0.0,300.0,4269.2,9605700.0,0.15,IF88,3319.348,9605700.0,-14247780.0,50.0,沪深主力连续
2018-01-17,0.0,0.0,0.0,0.0,300.0,4250.6,9563850.0,0.15,IF88,3319.348,9563850.0,-13968780.0,50.0,沪深主力连续
2018-01-18,0.0,0.0,0.0,0.0,300.0,4280.0,9630000.0,0.15,IF88,3319.348,9630000.0,-14409780.0,50.0,沪深主力连续
2018-01-19,0.0,0.0,0.0,0.0,300.0,4303.6,9683100.0,0.15,IF88,3319.348,9683100.0,-14763780.0,50.0,沪深主力连续
2018-01-22,0.0,0.0,0.0,0.0,300.0,4354.8,9798300.0,0.15,IF88,3319.348,9798300.0,-15531780.0,50.0,沪深主力连续
2018-01-23,0.0,0.0,0.0,0.0,300.0,4400.0,9900000.0,0.15,IF88,3319.348,9900000.0,-16209780.0,50.0,沪深主力连续
2018-01-24,0.0,0.0,0.0,0.0,300.0,4404.6,9910350.0,0.15,IF88,3319.348,9910350.0,-16278780.0,50.0,沪深主力连续
2018-01-25,0.0,0.0,0.0,0.0,300.0,4373.0,9839250.0,0.15,IF88,3319.348,9839250.0,-15804780.0,50.0,沪深主力连续
2018-01-26,0.0,0.0,0.0,0.0,300.0,4397.8,9895050.0,0.15,IF88,3319.348,9895050.0,-16176780.0,50.0,沪深主力连续
2018-01-29,0.0,0.0,0.0,0.0,300.0,4315.2,9709200.0,0.15,IF88,3319.348,9709200.0,-14937780.0,50.0,沪深主力连续
2018-01-30,0.0,0.0,0.0,0.0,300.0,4267.6,9602100.0,0.15,IF88,3319.348,9602100.0,-14223780.0,50.0,沪深主力连续
2018-01-31,0.0,0.0,0.0,0.0,300.0,4280.0,9630000.0,0.15,IF88,3319.348,9630000.0,-14409780.0,50.0,沪深主力连续
2018-02-01,0.0,0.0,0.0,0.0,300.0,4239.4,9538650.0,0.15,IF88,3319.348,9538650.0,-13800780.0,50.0,沪深主力连续
2018-02-02,0.0,0.0,0.0,0.0,300.0,4270.4,9608400.0,0.15,IF88,3319.348,9608400.0,-14265780.0,50.0,沪深主力连续
2018-02-05,0.0,0.0,0.0,0.0,300.0,4264.0,9594000.0,0.15,IF88,3319.348,9594000.0,-14169780.0,50.0,沪深主力连续
2018-02-06,0.0,0.0,0.0,0.0,300.0,4119.8,9269550.0,0.15,IF88,3319.348,9269550.0,-12006780.0,50.0,沪深主力连续
2018-02-07,0.0,0.0,0.0,0.0,300.0,4023.0,9051750.0,0.15,IF88,3319.348,9051750.0,-10554780.0,50.0,沪深主力连续
2018-02-08,0.0,0.0,0.0,0.0,300.0,3996.8,8992800.0,0.15,IF88,3319.348,8992800.0,-10161780.0,50.0,沪深主力连续
2018-02-09,0.0,0.0,0.0,0.0,300.0,3774.6,8492850.0,0.15,IF88,3319.348,8492850.0,-6828780.0,50.0,沪深主力连续
2018-02-12,0.0,0.0,0.0,0.0,300.0,3855.0,8673750.0,0.15,IF88,3319.348,8673750.0,-8034780.0,50.0,沪深主力连续
2018-02-13,0.0,0.0,0.0,0.0,300.0,3904.6,8785350.0,0.15,IF88,3319.348,8785350.0,-8778780.0,50.0,沪深主力连续
2018-02-14,0.0,0.0,0.0,0.0,300.0,3952.4,8892900.0,0.15,IF88,3319.348,8892900.0,-9495780.0,50.0,沪深主力连续
2018-02-22,0.0,0.0,0.0,0.0,300.0,4025.4,9057150.0,0.15,IF88,3319.348,9057150.0,-10590780.0,50.0,沪深主力连续
2018-02-23,0.0,0.0,0.0,0.0,300.0,4049.6,9111600.0,0.15,IF88,3319.348,9111600.0,-10953780.0,50.0,沪深主力连续
2018-02-26,0.0,0.0,0.0,0.0,300.0,4108.2,9243450.0,0.15,IF88,3319.348,9243450.0,-11832780.0,50.0,沪深主力连续
2018-02-27,0.0,0.0,0.0,0.0,300.0,4042.0,9094500.0,0.15,IF88,3319.348,9094500.0,-10839780.0,50.0,沪深主力连续
2018-02-28,0.0,0.0,0.0,0.0,300.0,4002.0,9004500.0,0.15,IF88,3319.348,9004500.0,-10239780.0,50.0,沪深主力连续
2018-03-01,0.0,0.0,0.0,0.0,300.0,4035.0,9078750.0,0.15,IF88,3319.348,9078750.0,-10734780.0,50.0,沪深主力连续
2018-03-02,0.0,0.0,0.0,0.0,300.0,4010.0,9022500.0,0.15,IF88,3319.348,9022500.0,-10359780.0,50.0,沪深主力连续
2018-03-05,0.0,0.0,0.0,0.0,300.0,3992.0,8982000.0,0.15,IF88,3319.348,8982000.0,-10089780.0,50.0,沪深主力连续
2018-03-06,0.0,0.0,0.0,0.0,300.0,4064.0,9144000.0,0.15,IF88,3319.348,9144000.0,-11169780.0,50.0,沪深主力连续
2018-03-07,0.0,0.0,0.0,0.0,300.0,4009.4,9021150.0,0.15,IF88,3319.348,9021150.0,-10350780.0,50.0,沪深主力连续
2018-03-08,0.0,0.0,0.0,0.0,300.0,4065.2,9146700.0,0.15,IF88,3319.348,9146700.0,-11187780.0,50.0,沪深主力连续
2018-03-09,0.0,0.0,0.0,0.0,300.0,4103.6,9233100.0,0.15,IF88,3319.348,9233100.0,-11763780.0,50.0,沪深主力连续
2018-03-12,0.0,0.0,0.0,0.0,300.0,4119.4,9268650.0,0.15,IF88,3319.348,9268650.0,-12000780.0,50.0,沪深主力连续
2018-03-13,0.0,0.0,0.0,0.0,300.0,4075.2,9169200.0,0.15,IF88,3319.348,9169200.0,-11337780.0,50.0,沪深主力连续
2018-03-14,0.0,0.0,0.0,0.0,300.0,4065.0,9146250.0,0.15,IF88,3319.348,9146250.0,-11184780.0,50.0,沪深主力连续
2018-03-15,0.0,0.0,0.0,0.0,300.0,4097.6,9219600.0,0.15,IF88,3319.348,9219600.0,-11673780.0,50.0,沪深主力连续
2018-03-16,0.0,0.0,0.0,0.0,300.0,4027.2,9061200.0,0.15,IF88,3319.348,9061200.0,-10617780.0,50.0,沪深主力连续
2018-03-19,0.0,0.0,0.0,0.0,300.0,4049.2,9110700.0,0.15,IF88,3319.348,9110700.0,-10947780.0,50.0,沪深主力连续
2018-03-20,0.0,0.0,0.0,0.0,300.0,4049.6,9111600.0,0.15,IF88,3319.348,9111600.0,-10953780.0,50.0,沪深主力连续
2018-03-21,0.0,0.0,0.0,0.0,300.0,4025.0,9056250.0,0.15,IF88,3319.348,9056250.0,-10584780.0,50.0,沪深主力连续
2018-03-22,0.0,0.0,0.0,0.0,300.0,3983.4,8962650.0,0.15,IF88,3319.348,8962650.0,-9960780.0,50.0,沪深主力连续
2018-03-23,0.0,0.0,0.0,0.0,300.0,3816.4,8586900.0,0.15,IF88,3319.348,8586900.0,-7455780.0,50.0,沪深主力连续
2018-03-26,0.0,0.0,0.0,0.0,300.0,3854.0,8671500.0,0.15,IF88,3319.348,8671500.0,-8019780.0,50.0,沪深主力连续
2018-03-27,0.0,0.0,0.0,0.0,300.0,3898.0,8770500.0,0.15,IF88,3319.348,8770500.0,-8679780.0,50.0,沪深主力连续
2018-03-28,0.0,0.0,0.0,0.0,300.0,3809.2,8570700.0,0.15,IF88,3319.348,8570700.0,-7347780.0,50.0,沪深主力连续
2018-03-29,0.0,0.0,0.0,0.0,300.0,3886.4,8744400.0,0.15,IF88,3319.348,8744400.0,-8505780.0,50.0,沪深主力连续
2018-03-30,0.0,0.0,0.0,0.0,300.0,3884.2,8739450.0,0.15,IF88,3319.348,8739450.0,-8472780.0,50.0,沪深主力连续
2018-04-02,0.0,0.0,0.0,0.0,300.0,3856.4,8676900.0,0.15,IF88,3319.348,8676900.0,-8055780.0,50.0,沪深主力连续
2018-04-03,0.0,0.0,0.0,0.0,300.0,3853.6,8670600.0,0.15,IF88,3319.348,8670600.0,-8013780.0,50.0,沪深主力连续
2018-04-04,0.0,0.0,0.0,0.0,300.0,3841.6,8643600.0,0.15,IF88,3319.348,8643600.0,-7833780.0,50.0,沪深主力连续
2018-04-09,0.0,0.0,0.0,0.0,300.0,3845.8,8653050.0,0.15,IF88,3319.348,8653050.0,-7896780.0,50.0,沪深主力连续
2018-04-10,0.0,0.0,0.0,0.0,300.0,3925.8,8833050.0,0.15,IF88,3319.348,8833050.0,-9096780.0,50.0,沪深主力连续
2018-04-11,0.0,0.0,0.0,0.0,300.0,3932.6,8848350.0,0.15,IF88,3319.348,8848350.0,-9198780.0,50.0,沪深主力连续
2018-04-12,0.0,0.0,0.0,0.0,300.0,3892.4,8757900.0,0.15,IF88,3319.348,8757900.0,-8595780.0,50.0,沪深主力连续
2018-04-13,0.0,0.0,0.0,0.0,300.0,3860.4,8685900.0,0.15,IF88,3319.348,8685900.0,-8115780.0,50.0,沪深主力连续
2018-04-16,0.0,0.0,0.0,0.0,300.0,3796.6,8542350.0,0.15,IF88,3319.348,8542350.0,-7158780.0,50.0,沪深主力连续
2018-04-17,0.0,0.0,0.0,0.0,300.0,3738.8,8412300.0,0.15,IF88,3319.348,8412300.0,-6291780.0,50.0,沪深主力连续
2018-04-18,0.0,0.0,0.0,0.0,300.0,3754.0,8446500.0,0.15,IF88,3319.348,8446500.0,-6519780.0,50.0,沪深主力连续
2018-04-19,0.0,0.0,0.0,0.0,300.0,3811.0,8574750.0,0.15,IF88,3319.348,8574750.0,-7374780.0,50.0,沪深主力连续
2018-04-20,0.0,0.0,0.0,0.0,300.0,3732.6,8398350.0,0.15,IF88,3319.348,8398350.0,-6198780.0,50.0,沪深主力连续
2018-04-23,0.0,0.0,0.0,0.0,300.0,3748.0,8433000.0,0.15,IF88,3319.348,8433000.0,-6429780.0,50.0,沪深主力连续
2018-04-24,0.0,0.0,0.0,0.0,300.0,3835.4,8629650.0,0.15,IF88,3319.348,8629650.0,-7740780.0,50.0,沪深主力连续
2018-04-25,0.0,0.0,0.0,0.0,300.0,3818.0,8590500.0,0.15,IF88,3319.348,8590500.0,-7479780.0,50.0,沪深主力连续
2018-04-26,0.0,0.0,0.0,0.0,300.0,3735.4,8404650.0,0.15,IF88,3319.348,8404650.0,-6240780.0,50.0,沪深主力连续
2018-04-27,0.0,0.0,0.0,0.0,300.0,3746.0,8428500.0,0.15,IF88,3319.348,8428500.0,-6399780.0,50.0,沪深主力连续
2018-05-02,0.0,0.0,0.0,0.0,300.0,3758.8,8457300.0,0.15,IF88,3319.348,8457300.0,-6591780.0,50.0,沪深主力连续
2018-05-03,0.0,0.0,0.0,0.0,300.0,3786.0,8518500.0,0.15,IF88,3319.348,8518500.0,-6999780.0,50.0,沪深主力连续
2018-05-04,0.0,0.0,0.0,0.0,300.0,3763.4,8467650.0,0.15,IF88,3319.348,8467650.0,-6660780.0,50.0,沪深主力连续
2018-05-07,0.0,0.0,0.0,0.0,300.0,3827.2,8611200.0,0.15,IF88,3319.348,8611200.0,-7617780.0,50.0,沪深主力连续
2018-05-08,0.0,0.0,0.0,0.0,300.0,3880.0,8730000.0,0.15,IF88,3319.348,8730000.0,-8409780.0,50.0,沪深主力连续
2018-05-09,0.0,0.0,0.0,0.0,300.0,3869.0,8705250.0,0.15,IF88,3319.348,8705250.0,-8244780.0,50.0,沪深主力连续
2018-05-10,0.0,0.0,0.0,0.0,300.0,3897.8,8770050.0,0.15,IF88,3319.348,8770050.0,-8676780.0,50.0,沪深主力连续
2018-05-11,0.0,0.0,0.0,0.0,300.0,3876.2,8721450.0,0.15,IF88,3319.348,8721450.0,-8352780.0,50.0,沪深主力连续
2018-05-14,0.0,0.0,0.0,0.0,300.0,3912.2,8802450.0,0.15,IF88,3319.348,8802450.0,-8892780.0,50.0,沪深主力连续
2018-05-15,0.0,0.0,0.0,0.0,300.0,3924.6,8830350.0,0.15,IF88,3319.348,8830350.0,-9078780.0,50.0,沪深主力连续
2018-05-16,0.0,0.0,0.0,0.0,300.0,3873.0,8714250.0,0.15,IF88,3319.348,8714250.0,-8304780.0,50.0,沪深主力连续
2018-05-17,0.0,0.0,0.0,0.0,300.0,3840.8,8641800.0,0.15,IF88,3319.348,8641800.0,-7821780.0,50.0,沪深主力连续
2018-05-18,0.0,0.0,0.0,0.0,300.0,3903.0,8781750.0,0.15,IF88,3319.348,8781750.0,-8754780.0,50.0,沪深主力连续
2018-05-21,0.0,0.0,0.0,0.0,300.0,3907.4,8791650.0,0.15,IF88,3319.348,8791650.0,-8820780.0,50.0,沪深主力连续
2018-05-22,0.0,0.0,0.0,0.0,300.0,3895.0,8763750.0,0.15,IF88,3319.348,8763750.0,-8634780.0,50.0,沪深主力连续
2018-05-23,0.0,0.0,0.0,0.0,300.0,3835.4,8629650.0,0.15,IF88,3319.348,8629650.0,-7740780.0,50.0,沪深主力连续
2018-05-24,0.0,0.0,0.0,0.0,300.0,3805.2,8561700.0,0.15,IF88,3319.348,8561700.0,-7287780.0,50.0,沪深主力连续
2018-05-25,0.0,0.0,0.0,0.0,300.0,3789.2,8525700.0,0.15,IF88,3319.348,8525700.0,-7047780.0,50.0,沪深主力连续
2018-05-28,0.0,0.0,0.0,0.0,300.0,3821.2,8597700.0,0.15,IF88,3319.348,8597700.0,-7527780.0,50.0,沪深主力连续
2018-05-29,0.0,0.0,0.0,0.0,300.0,3775.0,8493750.0,0.15,IF88,3319.348,8493750.0,-6834780.0,50.0,沪深主力连续
2018-05-30,0.0,0.0,0.0,0.0,300.0,3699.2,8323200.0,0.15,IF88,3319.348,8323200.0,-5697780.0,50.0,沪深主力连续
2018-05-31,0.0,0.0,0.0,0.0,300.0,3784.0,8514000.0,0.15,IF88,3319.348,8514000.0,-6969780.0,50.0,沪深主力连续
2018-06-01,0.0,0.0,0.0,0.0,300.0,3752.8,8443800.0,0.15,IF88,3319.348,8443800.0,-6501780.0,50.0,沪深主力连续
2018-06-04,0.0,0.0,0.0,0.0,300.0,3786.0,8518500.0,0.15,IF88,3319.348,8518500.0,-6999780.0,50.0,沪深主力连续
2018-06-05,0.0,0.0,0.0,0.0,300.0,3822.8,8601300.0,0.15,IF88,3319.348,8601300.0,-7551780.0,50.0,沪深主力连续
2018-06-06,0.0,0.0,0.0,0.0,300.0,3823.6,8603100.0,0.15,IF88,3319.348,8603100.0,-7563780.0,50.0,沪深主力连续
2018-06-07,0.0,0.0,0.0,0.0,300.0,3817.2,8588700.0,0.15,IF88,3319.348,8588700.0,-7467780.0,50.0,沪深主力连续
2018-06-08,0.0,0.0,0.0,0.0,300.0,3761.0,8462250.0,0.15,IF88,3319.348,8462250.0,-6624780.0,50.0,沪深主力连续
2018-06-11,0.0,0.0,0.0,0.0,300.0,3773.4,8490150.0,0.15,IF88,3319.348,8490150.0,-6810780.0,50.0,沪深主力连续
2018-06-12,0.0,0.0,0.0,0.0,300.0,3818.0,8590500.0,0.15,IF88,3319.348,8590500.0,-7479780.0,50.0,沪深主力连续
2018-06-13,0.0,0.0,0.0,0.0,300.0,3778.4,8501400.0,0.15,IF88,3319.348,8501400.0,-6885780.0,50.0,沪深主力连续
2018-06-14,0.0,0.0,0.0,0.0,300.0,3768.6,8479350.0,0.15,IF88,3319.348,8479350.0,-6738780.0,50.0,沪深主力连续
2018-06-15,0.0,0.0,0.0,0.0,300.0,3722.0,8374500.0,0.15,IF88,3319.348,8374500.0,-6039780.0,50.0,沪深主力连续
2018-06-19,0.0,0.0,0.0,0.0,300.0,3569.6,8031600.0,0.15,IF88,3319.348,8031600.0,-3753780.0,50.0,沪深主力连续
2018-06-20,0.0,0.0,0.0,0.0,300.0,3596.4,8091900.0,0.15,IF88,3319.348,8091900.0,-4155780.0,50.0,沪深主力连续
2018-06-21,0.0,0.0,0.0,0.0,300.0,3546.6,7979850.0,0.15,IF88,3319.348,7979850.0,-3408780.0,50.0,沪深主力连续
2018-06-22,0.0,0.0,0.0,0.0,300.0,3572.4,8037900.0,0.15,IF88,3319.348,8037900.0,-3795780.0,50.0,沪深主力连续
2018-06-25,0.0,0.0,0.0,0.0,300.0,3509.2,7895700.0,0.15,IF88,3319.348,7895700.0,-2847780.0,50.0,沪深主力连续
2018-06-26,0.0,0.0,0.0,0.0,300.0,3492.0,7857000.0,0.15,IF88,3319.348,7857000.0,-2589780.0,50.0,沪深主力连续
2018-06-27,0.0,0.0,0.0,0.0,300.0,3388.2,7623450.0,0.15,IF88,3319.348,7623450.0,-1032780.0,50.0,沪深主力连续
2018-06-28,0.0,0.0,0.0,0.0,300.0,3380.2,7605450.0,0.15,IF88,3319.348,7605450.0,-912780.0,50.0,沪深主力连续
2018-06-29,0.0,0.0,0.0,0.0,300.0,3477.2,7823700.0,0.15,IF88,3319.348,7823700.0,-2367780.0,50.0,沪深主力连续
2018-07-02,0.0,0.0,0.0,0.0,300.0,3352.6,7543350.0,0.15,IF88,3319.348,7543350.0,-498780.0,50.0,沪深主力连续
2018-07-03,0.0,0.0,0.0,0.0,300.0,3364.8,7570800.0,0.15,IF88,3319.348,7570800.0,-681780.0,50.0,沪深主力连续
2018-07-04,0.0,0.0,0.0,0.0,300.0,3330.6,7493850.0,0.15,IF88,3319.348,7493850.0,-168780.0,50.0,沪深主力连续
2018-07-05,0.0,0.0,0.0,0.0,300.0,3303.4,7432650.0,0.15,IF88,3319.348,7432650.0,239220.0,50.0,沪深主力连续
2018-07-06,0.0,0.0,0.0,0.0,300.0,3328.2,7488450.0,0.15,IF88,3319.348,7488450.0,-132780.0,50.0,沪深主力连续
2018-07-09,0.0,0.0,0.0,0.0,300.0,3439.8,7739550.0,0.15,IF88,3319.348,7739550.0,-1806780.0,50.0,沪深主力连续
2018-07-10,0.0,0.0,0.0,0.0,300.0,3445.8,7753050.0,0.15,IF88,3319.348,7753050.0,-1896780.0,50.0,沪深主力连续
2018-07-11,0.0,0.0,0.0,0.0,300.0,3379.4,7603650.0,0.15,IF88,3319.348,7603650.0,-900780.0,50.0,沪深主力连续
2018-07-12,0.0,0.0,0.0,0.0,300.0,3475.2,7819200.0,0.15,IF88,3319.348,7819200.0,-2337780.0,50.0,沪深主力连续
2018-07-13,0.0,0.0,0.0,0.0,300.0,3476.6,7822350.0,0.15,IF88,3319.348,7822350.0,-2358780.0,50.0,沪深主力连续
2018-07-16,0.0,0.0,0.0,0.0,300.0,3459.0,7782750.0,0.15,IF88,3319.348,7782750.0,-2094780.0,50.0,沪深主力连续
2018-07-17,0.0,0.0,0.0,0.0,300.0,3442.0,7744500.0,0.15,IF88,3319.348,7744500.0,-1839780.0,50.0,沪深主力连续
2018-07-18,0.0,0.0,0.0,0.0,300.0,3424.0,7704000.0,0.15,IF88,3319.348,7704000.0,-1569780.0,50.0,沪深主力连续
2018-07-19,0.0,0.0,0.0,0.0,300.0,3431.8,7721550.0,0.15,IF88,3319.348,7721550.0,-1686780.0,50.0,沪深主力连续
2018-07-20,0.0,0.0,0.0,0.0,300.0,3482.4,7835400.0,0.15,IF88,3319.348,7835400.0,-2445780.0,50.0,沪深主力连续
2018-07-23,0.0,0.0,0.0,0.0,300.0,3509.2,7895700.0,0.15,IF88,3319.348,7895700.0,-2847780.0,50.0,沪深主力连续
2018-07-24,0.0,0.0,0.0,0.0,300.0,3574.2,8041950.0,0.15,IF88,3319.348,8041950.0,-3822780.0,50.0,沪深主力连续
2018-07-25,0.0,0.0,0.0,0.0,300.0,3568.2,8028450.0,0.15,IF88,3319.348,8028450.0,-3732780.0,50.0,沪深主力连续
2018-07-26,0.0,0.0,0.0,0.0,300.0,3525.0,7931250.0,0.15,IF88,3319.348,7931250.0,-3084780.0,50.0,沪深主力连续
2018-07-27,0.0,0.0,0.0,0.0,300.0,3520.0,7920000.0,0.15,IF88,3319.348,7920000.0,-3009780.0,50.0,沪深主力连续
2018-07-30,0.0,0.0,0.0,0.0,300.0,3503.2,7882200.0,0.15,IF88,3319.348,7882200.0,-2757780.0,50.0,沪深主力连续
2018-07-31,0.0,0.0,0.0,0.0,300.0,3512.6,7903350.0,0.15,IF88,3319.348,7903350.0,-2898780.0,50.0,沪深主力连续
2018-08-01,0.0,0.0,0.0,0.0,300.0,3423.2,7702200.0,0.15,IF88,3319.348,7702200.0,-1557780.0,50.0,沪深主力连续
2018-08-02,0.0,0.0,0.0,0.0,300.0,3345.0,7526250.0,0.15,IF88,3319.348,7526250.0,-384780.0,50.0,沪深主力连续
2018-08-03,0.0,0.0,0.0,0.0,300.0,3283.6,7388100.0,0.15,IF88,3319.348,7388100.0,536220.0,50.0,沪深主力连续
2018-08-06,0.0,0.0,0.0,0.0,300.0,3259.8,7334550.0,0.15,IF88,3319.348,7334550.0,893220.0,50.0,沪深主力连续
2018-08-07,0.0,0.0,0.0,0.0,300.0,3358.8,7557300.0,0.15,IF88,3319.348,7557300.0,-591780.0,50.0,沪深主力连续
2018-08-08,0.0,0.0,0.0,0.0,300.0,3304.8,7435800.0,0.15,IF88,3319.348,7435800.0,218220.0,50.0,沪深主力连续
2018-08-09,0.0,0.0,0.0,0.0,300.0,3386.0,7618500.0,0.15,IF88,3319.348,7618500.0,-999780.0,50.0,沪深主力连续
2018-08-10,0.0,0.0,0.0,0.0,300.0,3397.0,7643250.0,0.15,IF88,3319.348,7643250.0,-1164780.0,50.0,沪深主力连续
2018-08-13,0.0,0.0,0.0,0.0,300.0,3382.2,7609950.0,0.15,IF88,3319.348,7609950.0,-942780.0,50.0,沪深主力连续
2018-08-14,0.0,0.0,0.0,0.0,300.0,3369.6,7581600.0,0.15,IF88,3319.348,7581600.0,-753780.0,50.0,沪深主力连续
2018-08-15,0.0,0.0,0.0,0.0,300.0,3255.4,7324650.0,0.15,IF88,3319.348,7324650.0,959220.0,50.0,沪深主力连续
2018-08-16,0.0,0.0,0.0,0.0,300.0,3249.0,7310250.0,0.15,IF88,3319.348,7310250.0,1055220.0,50.0,沪深主力连续
2018-08-17,0.0,0.0,0.0,0.0,300.0,3202.2,7204950.0,0.15,IF88,3319.348,7204950.0,1757220.0,50.0,沪深主力连续
2018-08-20,0.0,0.0,0.0,0.0,300.0,3251.0,7314750.0,0.15,IF88,3319.348,7314750.0,1025220.0,50.0,沪深主力连续
2018-08-21,0.0,0.0,0.0,0.0,300.0,3301.0,7427250.0,0.15,IF88,3319.348,7427250.0,275220.0,50.0,沪深主力连续
2018-08-22,0.0,0.0,0.0,0.0,300.0,3300.2,7425450.0,0.15,IF88,3319.348,7425450.0,287220.0,50.0,沪深主力连续
2018-08-23,0.0,0.0,0.0,0.0,300.0,3302.2,7429950.0,0.15,IF88,3319.348,7429950.0,257220.0,50.0,沪深主力连续
2018-08-24,0.0,0.0,0.0,0.0,300.0,3309.8,7447050.0,0.15,IF88,3319.348,7447050.0,143220.0,50.0,沪深主力连续
2018-08-27,0.0,0.0,0.0,0.0,300.0,3397.8,7645050.0,0.15,IF88,3319.348,7645050.0,-1176780.0,50.0,沪深主力连续
2018-08-28,0.0,0.0,0.0,0.0,300.0,3387.0,7620750.0,0.15,IF88,3319.348,7620750.0,-1014780.0,50.0,沪深主力连续
2018-08-29,0.0,0.0,0.0,0.0,300.0,3379.8,7604550.0,0.15,IF88,3319.348,7604550.0,-906780.0,50.0,沪深主力连续
2018-08-30,0.0,0.0,0.0,0.0,300.0,3343.0,7521750.0,0.15,IF88,3319.348,7521750.0,-354780.0,50.0,沪深主力连续
2018-08-31,0.0,0.0,0.0,0.0,300.0,3321.2,7472700.0,0.15,IF88,3319.348,7472700.0,-27780.0,50.0,沪深主力连续
2018-09-03,0.0,0.0,0.0,0.0,300.0,3310.4,7448400.0,0.15,IF88,3319.348,7448400.0,134220.0,50.0,沪深主力连续
2018-09-04,0.0,0.0,0.0,0.0,300.0,3357.2,7553700.0,0.15,IF88,3319.348,7553700.0,-567780.0,50.0,沪深主力连续
2018-09-05,0.0,0.0,0.0,0.0,300.0,3277.8,7375050.0,0.15,IF88,3319.348,7375050.0,623220.0,50.0,沪深主力连续
2018-09-06,0.0,0.0,0.0,0.0,300.0,3248.6,7309350.0,0.15,IF88,3319.348,7309350.0,1061220.0,50.0,沪深主力连续
2018-09-07,0.0,0.0,0.0,0.0,300.0,3273.2,7364700.0,0.15,IF88,3319.348,7364700.0,692220.0,50.0,沪深主力连续
2018-09-10,0.0,0.0,0.0,0.0,300.0,3227.0,7260750.0,0.15,IF88,3319.348,7260750.0,1385220.0,50.0,沪深主力连续
2018-09-11,0.0,0.0,0.0,0.0,300.0,3219.0,7242750.0,0.15,IF88,3319.348,7242750.0,1505220.0,50.0,沪深主力连续
2018-09-12,0.0,0.0,0.0,0.0,300.0,3196.4,7191900.0,0.15,IF88,3319.348,7191900.0,1844220.0,50.0,沪深主力连续
2018-09-13,0.0,0.0,0.0,0.0,300.0,3238.4,7286400.0,0.15,IF88,3319.348,7286400.0,1214220.0,50.0,沪深主力连续
2018-09-14,0.0,0.0,0.0,0.0,300.0,3240.6,7291350.0,0.15,IF88,3319.348,7291350.0,1181220.0,50.0,沪深主力连续
2018-09-17,0.0,0.0,0.0,0.0,300.0,3207.2,7216200.0,0.15,IF88,3319.348,7216200.0,1682220.0,50.0,沪深主力连续
2018-09-18,0.0,0.0,0.0,0.0,300.0,3273.4,7365150.0,0.15,IF88,3319.348,7365150.0,689220.0,50.0,沪深主力连续
2018-09-19,0.0,0.0,0.0,0.0,300.0,3311.0,7449750.0,0.15,IF88,3319.348,7449750.0,125220.0,50.0,沪深主力连续
2018-09-20,0.0,0.0,0.0,0.0,300.0,3315.0,7458750.0,0.15,IF88,3319.348,7458750.0,65220.0,50.0,沪深主力连续
2018-09-21,0.0,0.0,0.0,0.0,300.0,3428.2,7713450.0,0.15,IF88,3319.348,7713450.0,-1632780.0,50.0,沪深主力连续
2018-09-25,0.0,0.0,0.0,0.0,300.0,3389.2,7625700.0,0.15,IF88,3319.348,7625700.0,-1047780.0,50.0,沪深主力连续
2018-09-26,0.0,0.0,0.0,0.0,300.0,3422.2,7699950.0,0.15,IF88,3319.348,7699950.0,-1542780.0,50.0,沪深主力连续
2018-09-27,0.0,0.0,0.0,0.0,300.0,3415.8,7685550.0,0.15,IF88,3319.348,7685550.0,-1446780.0,50.0,沪深主力连续
2018-09-28,0.0,0.0,0.0,0.0,300.0,3448.8,7759800.0,0.15,IF88,3319.348,7759800.0,-1941780.0,50.0,沪深主力连续
2018-10-08,0.0,0.0,0.0,0.0,300.0,3288.8,7399800.0,0.15,IF88,3319.348,7399800.0,458220.0,50.0,沪深主力连续
2018-10-09,0.0,0.0,0.0,0.0,300.0,3287.0,7395750.0,0.15,IF88,3319.348,7395750.0,485220.0,50.0,沪深主力连续
2018-10-10,0.0,0.0,0.0,0.0,300.0,3289.0,7400250.0,0.15,IF88,3319.348,7400250.0,455220.0,50.0,沪深主力连续
2018-10-11,0.0,0.0,0.0,0.0,300.0,3106.8,6990300.0,0.15,IF88,3319.348,6990300.0,3188220.0,50.0,沪深主力连续
2018-10-12,0.0,0.0,0.0,0.0,300.0,3169.0,7130250.0,0.15,IF88,3319.348,7130250.0,2255220.0,50.0,沪深主力连续
2018-10-15,0.0,0.0,0.0,0.0,300.0,3122.4,7025400.0,0.15,IF88,3319.348,7025400.0,2954220.0,50.0,沪深主力连续
2018-10-16,0.0,0.0,0.0,0.0,300.0,3110.2,6997950.0,0.15,IF88,3319.348,6997950.0,3137220.0,50.0,沪深主力连续
2018-10-17,0.0,0.0,0.0,0.0,300.0,3121.0,7022250.0,0.15,IF88,3319.348,7022250.0,2975220.0,50.0,沪深主力连续
2018-10-18,0.0,0.0,0.0,0.0,300.0,3048.0,6858000.0,0.15,IF88,3319.348,6858000.0,4070220.0,50.0,沪深主力连续
2018-10-19,0.0,0.0,0.0,0.0,300.0,3128.6,7039350.0,0.15,IF88,3319.348,7039350.0,2861220.0,50.0,沪深主力连续
2018-10-22,0.0,0.0,0.0,0.0,300.0,3288.4,7398900.0,0.15,IF88,3319.348,7398900.0,464220.0,50.0,沪深主力连续
2018-10-23,0.0,0.0,0.0,0.0,300.0,3180.2,7155450.0,0.15,IF88,3319.348,7155450.0,2087220.0,50.0,沪深主力连续
2018-10-24,0.0,0.0,0.0,0.0,300.0,3186.2,7168950.0,0.15,IF88,3319.348,7168950.0,1997220.0,50.0,沪深主力连续
2018-10-25,0.0,0.0,0.0,0.0,300.0,3203.6,7208100.0,0.15,IF88,3319.348,7208100.0,1736220.0,50.0,沪深主力连续
2018-10-26,0.0,0.0,0.0,0.0,300.0,3165.8,7123050.0,0.15,IF88,3319.348,7123050.0,2303220.0,50.0,沪深主力连续
2018-10-29,0.0,0.0,0.0,0.0,300.0,3077.0,6923250.0,0.15,IF88,3319.348,6923250.0,3635220.0,50.0,沪深主力连续
2018-10-30,0.0,0.0,0.0,0.0,300.0,3113.0,7004250.0,0.15,IF88,3319.348,7004250.0,3095220.0,50.0,沪深主力连续
2018-10-31,0.0,0.0,0.0,0.0,300.0,3151.0,7089750.0,0.15,IF88,3319.348,7089750.0,2525220.0,50.0,沪深主力连续
2018-11-01,0.0,0.0,0.0,0.0,300.0,3174.6,7142850.0,0.15,IF88,3319.348,7142850.0,2171220.0,50.0,沪深主力连续
2018-11-02,0.0,0.0,0.0,0.0,300.0,3306.6,7439850.0,0.15,IF88,3319.348,7439850.0,191220.0,50.0,沪深主力连续
2018-11-05,0.0,0.0,0.0,0.0,300.0,3262.6,7340850.0,0.15,IF88,3319.348,7340850.0,851220.0,50.0,沪深主力连续
2018-11-06,0.0,0.0,0.0,0.0,300.0,3245.0,7301250.0,0.15,IF88,3319.348,7301250.0,1115220.0,50.0,沪深主力连续
2018-11-07,0.0,0.0,0.0,0.0,300.0,3214.4,7232400.0,0.15,IF88,3319.348,7232400.0,1574220.0,50.0,沪深主力连续
2018-11-08,0.0,0.0,0.0,0.0,300.0,3215.2,7234200.0,0.15,IF88,3319.348,7234200.0,1562220.0,50.0,沪深主力连续
2018-11-09,0.0,0.0,0.0,0.0,300.0,3169.8,7132050.0,0.15,IF88,3319.348,7132050.0,2243220.0,50.0,沪深主力连续
2018-11-12,0.0,0.0,0.0,0.0,300.0,3204.0,7209000.0,0.15,IF88,3319.348,7209000.0,1730220.0,50.0,沪深主力连续
2018-11-13,0.0,0.0,0.0,0.0,300.0,3237.2,7283700.0,0.15,IF88,3319.348,7283700.0,1232220.0,50.0,沪深主力连续
2018-11-14,0.0,0.0,0.0,0.0,300.0,3203.6,7208100.0,0.15,IF88,3319.348,7208100.0,1736220.0,50.0,沪深主力连续
2018-11-15,0.0,0.0,0.0,0.0,300.0,3247.4,7306650.0,0.15,IF88,3319.348,7306650.0,1079220.0,50.0,沪深主力连续
2018-11-16,0.0,0.0,0.0,0.0,300.0,3259.8,7334550.0,0.15,IF88,3319.348,7334550.0,893220.0,50.0,沪深主力连续
2018-11-19,0.0,0.0,0.0,0.0,300.0,3296.4,7416900.0,0.15,IF88,3319.348,7416900.0,344220.0,50.0,沪深主力连续
2018-11-20,0.0,0.0,0.0,0.0,300.0,3223.4,7252650.0,0.15,IF88,3319.348,7252650.0,1439220.0,50.0,沪深主力连续
2018-11-21,0.0,0.0,0.0,0.0,300.0,3222.0,7249500.0,0.15,IF88,3319.348,7249500.0,1460220.0,50.0,沪深主力连续
2018-11-22,0.0,0.0,0.0,0.0,300.0,3212.0,7227000.0,0.15,IF88,3319.348,7227000.0,1610220.0,50.0,沪深主力连续
2018-11-23,0.0,0.0,0.0,0.0,300.0,3136.2,7056450.0,0.15,IF88,3319.348,7056450.0,2747220.0,50.0,沪深主力连续
2018-11-26,0.0,0.0,0.0,0.0,300.0,3130.4,7043400.0,0.15,IF88,3319.348,7043400.0,2834220.0,50.0,沪深主力连续
2018-11-27,0.0,0.0,0.0,0.0,300.0,3126.6,7034850.0,0.15,IF88,3319.348,7034850.0,2891220.0,50.0,沪深主力连续
2018-11-28,0.0,0.0,0.0,0.0,300.0,3171.4,7135650.0,0.15,IF88,3319.348,7135650.0,2219220.0,50.0,沪深主力连续
2018-11-29,0.0,0.0,0.0,0.0,300.0,3138.6,7061850.0,0.15,IF88,3319.348,7061850.0,2711220.0,50.0,沪深主力连续
2018-11-30,0.0,0.0,0.0,0.0,300.0,3168.0,7128000.0,0.15,IF88,3319.348,7128000.0,2270220.0,50.0,沪深主力连续
2018-12-03,0.0,0.0,0.0,0.0,300.0,3259.2,7333200.0,0.15,IF88,3319.348,7333200.0,902220.0,50.0,沪深主力连续
2018-12-04,0.0,0.0,0.0,0.0,300.0,3270.0,7357500.0,0.15,IF88,3319.348,7357500.0,740220.0,50.0,沪深主力连续
2018-12-05,0.0,0.0,0.0,0.0,300.0,3253.8,7321050.0,0.15,IF88,3319.348,7321050.0,983220.0,50.0,沪深主力连续
2018-12-06,0.0,0.0,0.0,0.0,300.0,3187.8,7172550.0,0.15,IF88,3319.348,7172550.0,1973220.0,50.0,沪深主力连续
2018-12-07,0.0,0.0,0.0,0.0,300.0,3179.6,7154100.0,0.15,IF88,3319.348,7154100.0,2096220.0,50.0,沪深主力连续
2018-12-10,0.0,0.0,0.0,0.0,300.0,3148.6,7084350.0,0.15,IF88,3319.348,7084350.0,2561220.0,50.0,沪深主力连续
2018-12-11,0.0,0.0,0.0,0.0,300.0,3164.6,7120350.0,0.15,IF88,3319.348,7120350.0,2321220.0,50.0,沪深主力连续
2018-12-12,0.0,0.0,0.0,0.0,300.0,3172.4,7137900.0,0.15,IF88,3319.348,7137900.0,2204220.0,50.0,沪深主力连续
2018-12-13,0.0,0.0,0.0,0.0,300.0,3222.8,7251300.0,0.15,IF88,3319.348,7251300.0,1448220.0,50.0,沪深主力连续
2018-12-14,0.0,0.0,0.0,0.0,300.0,3169.4,7131150.0,0.15,IF88,3319.348,7131150.0,2249220.0,50.0,沪深主力连续
2018-12-17,0.0,0.0,0.0,0.0,300.0,3167.8,7127550.0,0.15,IF88,3319.348,7127550.0,2273220.0,50.0,沪深主力连续
2018-12-18,0.0,0.0,0.0,0.0,300.0,3128.4,7038900.0,0.15,IF88,3319.348,7038900.0,2864220.0,50.0,沪深主力连续
2018-12-19,0.0,0.0,0.0,0.0,300.0,3091.8,6956550.0,0.15,IF88,3319.348,6956550.0,3413220.0,50.0,沪深主力连续
2018-12-20,0.0,0.0,0.0,0.0,300.0,3073.2,6914700.0,0.15,IF88,3319.348,6914700.0,3692220.0,50.0,沪深主力连续
2018-12-21,0.0,0.0,0.0,0.0,300.0,3034.2,6826950.0,0.15,IF88,3319.348,6826950.0,4277220.0,50.0,沪深主力连续
2018-12-24,0.0,0.0,0.0,0.0,300.0,3037.0,6833250.0,0.15,IF88,3319.348,6833250.0,4235220.0,50.0,沪深主力连续
2018-12-25,0.0,0.0,0.0,0.0,300.0,3018.0,6790500.0,0.15,IF88,3319.348,6790500.0,4520220.0,50.0,沪深主力连续
2018-12-26,0.0,0.0,0.0,0.0,300.0,3005.0,6761250.0,0.15,IF88,3319.348,6761250.0,4715220.0,50.0,沪深主力连续
2018-12-27,0.0,0.0,0.0,0.0,300.0,2995.8,6740550.0,0.15,IF88,3319.348,6740550.0,4853220.0,50.0,沪深主力连续
2018-12-28,0.0,0.0,0.0,0.0,300.0,2996.0,6741000.0,0.15,IF88,3319.348,6741000.0,4850220.0,50.0,沪深主力连续
2019-01-02,0.0,0.0,0.0,0.0,300.0,2962.2,6664950.0,0.15,IF88,3319.348,6664950.0,5357220.0,50.0,沪深主力连续
2019-01-03,0.0,0.0,0.0,0.0,300.0,2962.6,6665850.0,0.15,IF88,3319.348,6665850.0,5351220.0,50.0,沪深主力连续
2019-01-04,0.0,0.0,0.0,0.0,300.0,3041.4,6843150.0,0.15,IF88,3319.348,6843150.0,4169220.0,50.0,沪深主力连续
2019-01-07,0.0,0.0,0.0,0.0,300.0,3047.2,6856200.0,0.15,IF88,3319.348,6856200.0,4082220.0,50.0,沪深主力连续
2019-01-08,0.0,0.0,0.0,0.0,300.0,3050.6,6863850.0,0.15,IF88,3319.348,6863850.0,4031220.0,50.0,沪深主力连续
2019-01-09,0.0,0.0,0.0,0.0,300.0,3072.0,6912000.0,0.15,IF88,3319.348,6912000.0,3710220.0,50.0,沪深主力连续
2019-01-10,0.0,0.0,0.0,0.0,300.0,3075.6,6920100.0,0.15,IF88,3319.348,6920100.0,3656220.0,50.0,沪深主力连续
2019-01-11,0.0,0.0,0.0,0.0,300.0,3099.2,6973200.0,0.15,IF88,3319.348,6973200.0,3302220.0,50.0,沪深主力连续
2019-01-14,0.0,0.0,0.0,0.0,300.0,3070.8,6909300.0,0.15,IF88,3319.348,6909300.0,3728220.0,50.0,沪深主力连续
2019-01-15,0.0,0.0,0.0,0.0,300.0,3130.0,7042500.0,0.15,IF88,3319.348,7042500.0,2840220.0,50.0,沪深主力连续
2019-01-16,0.0,0.0,0.0,0.0,300.0,3129.4,7041150.0,0.15,IF88,3319.348,7041150.0,2849220.0,50.0,沪深主力连续
2019-01-17,0.0,0.0,0.0,0.0,300.0,3114.6,7007850.0,0.15,IF88,3319.348,7007850.0,3071220.0,50.0,沪深主力连续
2019-01-18,0.0,0.0,0.0,0.0,300.0,3170.0,7132500.0,0.15,IF88,3319.348,7132500.0,2240220.0,50.0,沪深主力连续
2019-01-21,0.0,0.0,0.0,0.0,300.0,3186.6,7169850.0,0.15,IF88,3319.348,7169850.0,1991220.0,50.0,沪深主力连续
2019-01-22,0.0,0.0,0.0,0.0,300.0,3147.2,7081200.0,0.15,IF88,3319.348,7081200.0,2582220.0,50.0,沪深主力连续
2019-01-23,0.0,0.0,0.0,0.0,300.0,3138.4,7061400.0,0.15,IF88,3319.348,7061400.0,2714220.0,50.0,沪深主力连续
2019-01-24,0.0,0.0,0.0,0.0,300.0,3164.4,7119900.0,0.15,IF88,3319.348,7119900.0,2324220.0,50.0,沪深主力连续
2019-01-25,0.0,0.0,0.0,0.0,300.0,3188.8,7174800.0,0.15,IF88,3319.348,7174800.0,1958220.0,50.0,沪深主力连续
2019-01-28,0.0,0.0,0.0,0.0,300.0,3185.2,7166700.0,0.15,IF88,3319.348,7166700.0,2012220.0,50.0,沪深主力连续
2019-01-29,0.0,0.0,0.0,0.0,300.0,3200.0,7200000.0,0.15,IF88,3319.348,7200000.0,1790220.0,50.0,沪深主力连续
2019-01-30,0.0,0.0,0.0,0.0,300.0,3178.6,7151850.0,0.15,IF88,3319.348,7151850.0,2111220.0,50.0,沪深主力连续
2019-01-31,0.0,0.0,0.0,0.0,300.0,3207.4,7216650.0,0.15,IF88,3319.348,7216650.0,1679220.0,50.0,沪深主力连续
2019-02-01,0.0,0.0,0.0,0.0,300.0,3261.4,7338150.0,0.15,IF88,3319.348,7338150.0,869220.0,50.0,沪深主力连续
2019-02-11,0.0,0.0,0.0,0.0,300.0,3305.6,7437600.0,0.15,IF88,3319.348,7437600.0,206220.0,50.0,沪深主力连续
2019-02-12,0.0,0.0,0.0,0.0,300.0,3330.0,7492500.0,0.15,IF88,3319.348,7492500.0,-159780.0,50.0,沪深主力连续
2019-02-13,0.0,0.0,0.0,0.0,300.0,3405.2,7661700.0,0.15,IF88,3319.348,7661700.0,-1287780.0,50.0,沪深主力连续
2019-02-14,0.0,0.0,0.0,0.0,300.0,3411.8,7676550.0,0.15,IF88,3319.348,7676550.0,-1386780.0,50.0,沪深主力连续
2019-02-15,0.0,0.0,0.0,0.0,300.0,3352.6,7543350.0,0.15,IF88,3319.348,7543350.0,-498780.0,50.0,沪深主力连续
2019-02-18,0.0,0.0,0.0,0.0,300.0,3447.4,7756650.0,0.15,IF88,3319.348,7756650.0,-1920780.0,50.0,沪深主力连续
2019-02-19,0.0,0.0,0.0,0.0,300.0,3438.0,7735500.0,0.15,IF88,3319.348,7735500.0,-1779780.0,50.0,沪深主力连续
2019-02-20,0.0,0.0,0.0,0.0,300.0,3449.6,7761600.0,0.15,IF88,3319.348,7761600.0,-1953780.0,50.0,沪深主力连续
2019-02-21,0.0,0.0,0.0,0.0,300.0,3448.0,7758000.0,0.15,IF88,3319.348,7758000.0,-1929780.0,50.0,沪深主力连续
2019-02-22,0.0,0.0,0.0,0.0,300.0,3539.8,7964550.0,0.15,IF88,3319.348,7964550.0,-3306780.0,50.0,沪深主力连续
2019-02-25,0.0,0.0,0.0,0.0,300.0,3800.2,8550450.0,0.15,IF88,3319.348,8550450.0,-7212780.0,50.0,沪深主力连续
2019-02-26,0.0,0.0,0.0,0.0,300.0,3701.8,8329050.0,0.15,IF88,3319.348,8329050.0,-5736780.0,50.0,沪深主力连续
2019-02-27,0.0,0.0,0.0,0.0,300.0,3685.2,8291700.0,0.15,IF88,3319.348,8291700.0,-5487780.0,50.0,沪深主力连续
2019-02-28,0.0,0.0,0.0,0.0,300.0,3677.4,8274150.0,0.15,IF88,3319.348,8274150.0,-5370780.0,50.0,沪深主力连续
2019-03-01,0.0,0.0,0.0,0.0,300.0,3750.0,8437500.0,0.15,IF88,3319.348,8437500.0,-6459780.0,50.0,沪深主力连续
2019-03-04,0.0,0.0,0.0,0.0,300.0,3786.8,8520300.0,0.15,IF88,3319.348,8520300.0,-7011780.0,50.0,沪深主力连续
2019-03-05,0.0,0.0,0.0,0.0,300.0,3822.8,8601300.0,0.15,IF88,3319.348,8601300.0,-7551780.0,50.0,沪深主力连续
2019-03-06,0.0,0.0,0.0,0.0,300.0,3846.6,8654850.0,0.15,IF88,3319.348,8654850.0,-7908780.0,50.0,沪深主力连续
2019-03-07,0.0,0.0,0.0,0.0,300.0,3808.8,8569800.0,0.15,IF88,3319.348,8569800.0,-7341780.0,50.0,沪深主力连续
2019-03-08,0.0,0.0,0.0,0.0,300.0,3673.2,8264700.0,0.15,IF88,3319.348,8264700.0,-5307780.0,50.0,沪深主力连续
2019-03-11,0.0,0.0,0.0,0.0,300.0,3721.0,8372250.0,0.15,IF88,3319.348,8372250.0,-6024780.0,50.0,沪深主力连续
2019-03-12,0.0,0.0,0.0,0.0,300.0,3747.4,8431650.0,0.15,IF88,3319.348,8431650.0,-6420780.0,50.0,沪深主力连续
2019-03-13,0.0,0.0,0.0,0.0,300.0,3720.8,8371800.0,0.15,IF88,3319.348,8371800.0,-6021780.0,50.0,沪深主力连续
2019-03-14,0.0,0.0,0.0,0.0,300.0,3699.0,8322750.0,0.15,IF88,3319.348,8322750.0,-5694780.0,50.0,沪深主力连续
2019-03-15,0.0,0.0,0.0,0.0,300.0,3751.6,8441100.0,0.15,IF88,3319.348,8441100.0,-6483780.0,50.0,沪深主力连续
2019-03-18,0.0,0.0,0.0,0.0,300.0,3868.2,8703450.0,0.15,IF88,3319.348,8703450.0,-8232780.0,50.0,沪深主力连续
2019-03-19,0.0,0.0,0.0,0.0,300.0,3836.0,8631000.0,0.15,IF88,3319.348,8631000.0,-7749780.0,50.0,沪深主力连续
2019-03-20,0.0,0.0,0.0,0.0,300.0,3837.4,8634150.0,0.15,IF88,3319.348,8634150.0,-7770780.0,50.0,沪深主力连续
2019-03-21,0.0,0.0,0.0,0.0,300.0,3830.0,8617500.0,0.15,IF88,3319.348,8617500.0,-7659780.0,50.0,沪深主力连续
2019-03-22,0.0,0.0,0.0,0.0,300.0,3843.4,8647650.0,0.15,IF88,3319.348,8647650.0,-7860780.0,50.0,沪深主力连续
2019-03-25,0.0,0.0,0.0,0.0,300.0,3740.8,8416800.0,0.15,IF88,3319.348,8416800.0,-6321780.0,50.0,沪深主力连续
2019-03-26,0.0,0.0,0.0,0.0,300.0,3709.0,8345250.0,0.15,IF88,3319.348,8345250.0,-5844780.0,50.0,沪深主力连续
2019-03-27,0.0,0.0,0.0,0.0,300.0,3730.0,8392500.0,0.15,IF88,3319.348,8392500.0,-6159780.0,50.0,沪深主力连续
2019-03-28,0.0,0.0,0.0,0.0,300.0,3721.8,8374050.0,0.15,IF88,3319.348,8374050.0,-6036780.0,50.0,沪深主力连续
2019-03-29,0.0,0.0,0.0,0.0,300.0,3876.2,8721450.0,0.15,IF88,3319.348,8721450.0,-8352780.0,50.0,沪深主力连续
2019-04-01,0.0,0.0,0.0,0.0,300.0,3982.0,8959500.0,0.15,IF88,3319.348,8959500.0,-9939780.0,50.0,沪深主力连续
2019-04-02,0.0,0.0,0.0,0.0,300.0,3971.2,8935200.0,0.15,IF88,3319.348,8935200.0,-9777780.0,50.0,沪深主力连续
2019-04-03,0.0,0.0,0.0,0.0,300.0,4030.8,9069300.0,0.15,IF88,3319.348,9069300.0,-10671780.0,50.0,沪深主力连续
2019-04-04,0.0,0.0,0.0,0.0,300.0,4085.6,9192600.0,0.15,IF88,3319.348,9192600.0,-11493780.0,50.0,沪深主力连续
2019-04-08,0.0,0.0,0.0,0.0,300.0,4052.2,9117450.0,0.15,IF88,3319.348,9117450.0,-10992780.0,50.0,沪深主力连续
2019-04-09,0.0,0.0,0.0,0.0,300.0,4081.6,9183600.0,0.15,IF88,3319.348,9183600.0,-11433780.0,50.0,沪深主力连续
2019-04-10,0.0,0.0,0.0,0.0,300.0,4089.6,9201600.0,0.15,IF88,3319.348,9201600.0,-11553780.0,50.0,沪深主力连续
2019-04-11,0.0,0.0,0.0,0.0,300.0,4013.0,9029250.0,0.15,IF88,3319.348,9029250.0,-10404780.0,50.0,沪深主力连续
2019-04-12,0.0,0.0,0.0,0.0,300.0,3996.8,8992800.0,0.15,IF88,3319.348,8992800.0,-10161780.0,50.0,沪深主力连续
2019-04-15,0.0,0.0,0.0,0.0,300.0,3967.8,8927550.0,0.15,IF88,3319.348,8927550.0,-9726780.0,50.0,沪深主力连续
2019-04-16,0.0,0.0,0.0,0.0,300.0,4093.0,9209250.0,0.15,IF88,3319.348,9209250.0,-11604780.0,50.0,沪深主力连续
2019-04-17,0.0,0.0,0.0,0.0,300.0,4080.6,9181350.0,0.15,IF88,3319.348,9181350.0,-11418780.0,50.0,沪深主力连续
2019-04-18,0.0,0.0,0.0,0.0,300.0,4070.6,9158850.0,0.15,IF88,3319.348,9158850.0,-11268780.0,50.0,沪深主力连续
2019-04-19,0.0,0.0,0.0,0.0,300.0,4130.2,9292950.0,0.15,IF88,3319.348,9292950.0,-12162780.0,50.0,沪深主力连续
2019-04-22,0.0,0.0,0.0,0.0,300.0,4020.2,9045450.0,0.15,IF88,3319.348,9045450.0,-10512780.0,50.0,沪深主力连续
2019-04-23,0.0,0.0,0.0,0.0,300.0,4018.8,9042300.0,0.15,IF88,3319.348,9042300.0,-10491780.0,50.0,沪深主力连续
2019-04-24,0.0,0.0,0.0,0.0,300.0,4025.0,9056250.0,0.15,IF88,3319.348,9056250.0,-10584780.0,50.0,沪深主力连续
2019-04-25,0.0,0.0,0.0,0.0,300.0,3948.6,8884350.0,0.15,IF88,3319.348,8884350.0,-9438780.0,50.0,沪深主力连续
2019-04-26,0.0,0.0,0.0,0.0,300.0,3891.4,8755650.0,0.15,IF88,3319.348,8755650.0,-8580780.0,50.0,沪深主力连续
2019-04-29,0.0,0.0,0.0,0.0,300.0,3914.8,8808300.0,0.15,IF88,3319.348,8808300.0,-8931780.0,50.0,沪深主力连续
2019-04-30,0.0,0.0,0.0,0.0,300.0,3913.8,8806050.0,0.15,IF88,3319.348,8806050.0,-8916780.0,50.0,沪深主力连续
2019-05-06,0.0,0.0,0.0,0.0,300.0,3668.0,8253000.0,0.15,IF88,3319.348,8253000.0,-5229780.0,50.0,沪深主力连续
2019-05-07,0.0,0.0,0.0,0.0,300.0,3714.4,8357400.0,0.15,IF88,3319.348,8357400.0,-5925780.0,50.0,沪深主力连续
2019-05-08,0.0,0.0,0.0,0.0,300.0,3664.2,8244450.0,0.15,IF88,3319.348,8244450.0,-5172780.0,50.0,沪深主力连续
2019-05-09,0.0,0.0,0.0,0.0,300.0,3597.6,8094600.0,0.15,IF88,3319.348,8094600.0,-4173780.0,50.0,沪深主力连续
2019-05-10,0.0,0.0,0.0,0.0,300.0,3711.0,8349750.0,0.15,IF88,3319.348,8349750.0,-5874780.0,50.0,沪深主力连续
2019-05-13,0.0,0.0,0.0,0.0,300.0,3657.2,8228700.0,0.15,IF88,3319.348,8228700.0,-5067780.0,50.0,沪深主力连续
2019-05-14,0.0,0.0,0.0,0.0,300.0,3638.6,8186850.0,0.15,IF88,3319.348,8186850.0,-4788780.0,50.0,沪深主力连续
2019-05-15,0.0,0.0,0.0,0.0,300.0,3715.2,8359200.0,0.15,IF88,3319.348,8359200.0,-5937780.0,50.0,沪深主力连续
2019-05-16,0.0,0.0,0.0,0.0,300.0,3703.0,8331750.0,0.15,IF88,3319.348,8331750.0,-5754780.0,50.0,沪深主力连续
2019-05-17,0.0,0.0,0.0,0.0,300.0,3617.4,8139150.0,0.15,IF88,3319.348,8139150.0,-4470780.0,50.0,沪深主力连续
2019-05-20,0.0,0.0,0.0,0.0,300.0,3587.8,8072550.0,0.15,IF88,3319.348,8072550.0,-4026780.0,50.0,沪深主力连续
2019-05-21,0.0,0.0,0.0,0.0,300.0,3625.2,8156700.0,0.15,IF88,3319.348,8156700.0,-4587780.0,50.0,沪深主力连续
2019-05-22,0.0,0.0,0.0,0.0,300.0,3622.0,8149500.0,0.15,IF88,3319.348,8149500.0,-4539780.0,50.0,沪深主力连续
2019-05-23,0.0,0.0,0.0,0.0,300.0,3557.6,8004600.0,0.15,IF88,3319.348,8004600.0,-3573780.0,50.0,沪深主力连续
2019-05-24,0.0,0.0,0.0,0.0,300.0,3569.4,8031150.0,0.15,IF88,3319.348,8031150.0,-3750780.0,50.0,沪深主力连续
2019-05-27,0.0,0.0,0.0,0.0,300.0,3607.2,8116200.0,0.15,IF88,3319.348,8116200.0,-4317780.0,50.0,沪深主力连续
2019-05-28,0.0,0.0,0.0,0.0,300.0,3626.0,8158500.0,0.15,IF88,3319.348,8158500.0,-4599780.0,50.0,沪深主力连续
2019-05-29,0.0,0.0,0.0,0.0,300.0,3627.4,8161650.0,0.15,IF88,3319.348,8161650.0,-4620780.0,50.0,沪深主力连续
2019-05-30,0.0,0.0,0.0,0.0,300.0,3619.4,8143650.0,0.15,IF88,3319.348,8143650.0,-4500780.0,50.0,沪深主力连续
2019-05-31,0.0,0.0,0.0,0.0,300.0,3594.8,8088300.0,0.15,IF88,3319.348,8088300.0,-4131780.0,50.0,沪深主力连续
2019-06-03,0.0,0.0,0.0,0.0,300.0,3613.8,8131050.0,0.15,IF88,3319.348,8131050.0,-4416780.0,50.0,沪深主力连续
2019-06-04,0.0,0.0,0.0,0.0,300.0,3586.2,8068950.0,0.15,IF88,3319.348,8068950.0,-4002780.0,50.0,沪深主力连续
2019-06-05,0.0,0.0,0.0,0.0,300.0,3574.6,8042850.0,0.15,IF88,3319.348,8042850.0,-3828780.0,50.0,沪深主力连续
2019-06-06,0.0,0.0,0.0,0.0,300.0,3544.6,7975350.0,0.15,IF88,3319.348,7975350.0,-3378780.0,50.0,沪深主力连续
2019-06-10,0.0,0.0,0.0,0.0,300.0,3591.8,8081550.0,0.15,IF88,3319.348,8081550.0,-4086780.0,50.0,沪深主力连续
2019-06-11,0.0,0.0,0.0,0.0,300.0,3706.2,8338950.0,0.15,IF88,3319.348,8338950.0,-5802780.0,50.0,沪深主力连续
2019-06-12,0.0,0.0,0.0,0.0,300.0,3676.0,8271000.0,0.15,IF88,3319.348,8271000.0,-5349780.0,50.0,沪深主力连续
2019-06-13,0.0,0.0,0.0,0.0,300.0,3668.6,8254350.0,0.15,IF88,3319.348,8254350.0,-5238780.0,50.0,沪深主力连续
2019-06-14,0.0,0.0,0.0,0.0,300.0,3645.0,8201250.0,0.15,IF88,3319.348,8201250.0,-4884780.0,50.0,沪深主力连续
2019-06-17,0.0,0.0,0.0,0.0,300.0,3652.0,8217000.0,0.15,IF88,3319.348,8217000.0,-4989780.0,50.0,沪深主力连续
2019-06-18,0.0,0.0,0.0,0.0,300.0,3661.2,8237700.0,0.15,IF88,3319.348,8237700.0,-5127780.0,50.0,沪深主力连续
2019-06-19,0.0,0.0,0.0,0.0,300.0,3718.4,8366400.0,0.15,IF88,3319.348,8366400.0,-5985780.0,50.0,沪深主力连续
2019-06-20,0.0,0.0,0.0,0.0,300.0,3821.6,8598600.0,0.15,IF88,3319.348,8598600.0,-7533780.0,50.0,沪深主力连续
2019-06-21,0.0,0.0,0.0,0.0,300.0,3809.2,8570700.0,0.15,IF88,3319.348,8570700.0,-7347780.0,50.0,沪深主力连续
2019-06-24,0.0,0.0,0.0,0.0,300.0,3814.0,8581500.0,0.15,IF88,3319.348,8581500.0,-7419780.0,50.0,沪深主力连续
2019-06-25,0.0,0.0,0.0,0.0,300.0,3773.0,8489250.0,0.15,IF88,3319.348,8489250.0,-6804780.0,50.0,沪深主力连续
2019-06-26,0.0,0.0,0.0,0.0,300.0,3769.0,8480250.0,0.15,IF88,3319.348,8480250.0,-6744780.0,50.0,沪深主力连续
2019-06-27,0.0,0.0,0.0,0.0,300.0,3813.8,8581050.0,0.15,IF88,3319.348,8581050.0,-7416780.0,50.0,沪深主力连续
2019-06-28,0.0,0.0,0.0,0.0,300.0,3817.6,8589600.0,0.15,IF88,3319.348,8589600.0,-7473780.0,50.0,沪深主力连续
2019-07-01,0.0,0.0,0.0,0.0,300.0,3911.0,8799750.0,0.15,IF88,3319.348,8799750.0,-8874780.0,50.0,沪深主力连续
2019-07-02,0.0,0.0,0.0,0.0,300.0,3913.0,8804250.0,0.15,IF88,3319.348,8804250.0,-8904780.0,50.0,沪深主力连续
2019-07-03,0.0,0.0,0.0,0.0,300.0,3879.2,8728200.0,0.15,IF88,3319.348,8728200.0,-8397780.0,50.0,沪深主力连续
2019-07-04,0.0,0.0,0.0,0.0,300.0,3855.8,8675550.0,0.15,IF88,3319.348,8675550.0,-8046780.0,50.0,沪深主力连续
2019-07-05,0.0,0.0,0.0,0.0,300.0,3874.6,8717850.0,0.15,IF88,3319.348,8717850.0,-8328780.0,50.0,沪深主力连续
2019-07-08,0.0,0.0,0.0,0.0,300.0,3780.0,8505000.0,0.15,IF88,3319.348,8505000.0,-6909780.0,50.0,沪深主力连续
2019-07-09,0.0,0.0,0.0,0.0,300.0,3771.4,8485650.0,0.15,IF88,3319.348,8485650.0,-6780780.0,50.0,沪深主力连续
2019-07-10,0.0,0.0,0.0,0.0,300.0,3772.6,8488350.0,0.15,IF88,3319.348,8488350.0,-6798780.0,50.0,沪深主力连续
2019-07-11,0.0,0.0,0.0,0.0,300.0,3769.2,8480700.0,0.15,IF88,3319.348,8480700.0,-6747780.0,50.0,沪深主力连续
2019-07-12,0.0,0.0,0.0,0.0,300.0,3799.8,8549550.0,0.15,IF88,3319.348,8549550.0,-7206780.0,50.0,沪深主力连续
2019-07-15,0.0,0.0,0.0,0.0,300.0,3817.8,8590050.0,0.15,IF88,3319.348,8590050.0,-7476780.0,50.0,沪深主力连续
2019-07-16,0.0,0.0,0.0,0.0,300.0,3803.4,8557650.0,0.15,IF88,3319.348,8557650.0,-7260780.0,50.0,沪深主力连续
2019-07-17,0.0,0.0,0.0,0.0,300.0,3794.6,8537850.0,0.15,IF88,3319.348,8537850.0,-7128780.0,50.0,沪深主力连续
2019-07-18,0.0,0.0,0.0,0.0,300.0,3770.6,8483850.0,0.15,IF88,3319.348,8483850.0,-6768780.0,50.0,沪深主力连续
2019-07-19,0.0,0.0,0.0,0.0,300.0,3799.4,8548650.0,0.15,IF88,3319.348,8548650.0,-7200780.0,50.0,沪深主力连续
2019-07-22,0.0,0.0,0.0,0.0,300.0,3769.2,8480700.0,0.15,IF88,3319.348,8480700.0,-6747780.0,50.0,沪深主力连续
2019-07-23,0.0,0.0,0.0,0.0,300.0,3780.0,8505000.0,0.15,IF88,3319.348,8505000.0,-6909780.0,50.0,沪深主力连续
2019-07-24,0.0,0.0,0.0,0.0,300.0,3810.0,8572500.0,0.15,IF88,3319.348,8572500.0,-7359780.0,50.0,沪深主力连续
2019-07-25,0.0,0.0,0.0,0.0,300.0,3848.8,8659800.0,0.15,IF88,3319.348,8659800.0,-7941780.0,50.0,沪深主力连续
2019-07-26,0.0,0.0,0.0,0.0,300.0,3851.8,8666550.0,0.15,IF88,3319.348,8666550.0,-7986780.0,50.0,沪深主力连续
2019-07-29,0.0,0.0,0.0,0.0,300.0,3843.6,8648100.0,0.15,IF88,3319.348,8648100.0,-7863780.0,50.0,沪深主力连续
2019-07-30,0.0,0.0,0.0,0.0,300.0,3861.4,8688150.0,0.15,IF88,3319.348,8688150.0,-8130780.0,50.0,沪深主力连续
2019-07-31,0.0,0.0,0.0,0.0,300.0,3838.0,8635500.0,0.15,IF88,3319.348,8635500.0,-7779780.0,50.0,沪深主力连续
2019-08-01,0.0,0.0,0.0,0.0,300.0,3798.4,8546400.0,0.15,IF88,3319.348,8546400.0,-7185780.0,50.0,沪深主力连续
2019-08-02,0.0,0.0,0.0,0.0,300.0,3740.0,8415000.0,0.15,IF88,3319.348,8415000.0,-6309780.0,50.0,沪深主力连续
2019-08-05,0.0,0.0,0.0,0.0,300.0,3667.0,8250750.0,0.15,IF88,3319.348,8250750.0,-5214780.0,50.0,沪深主力连续
2019-08-06,0.0,0.0,0.0,0.0,300.0,3625.8,8158050.0,0.15,IF88,3319.348,8158050.0,-4596780.0,50.0,沪深主力连续
2019-08-07,0.0,0.0,0.0,0.0,300.0,3598.2,8095950.0,0.15,IF88,3319.348,8095950.0,-4182780.0,50.0,沪深主力连续
2019-08-08,0.0,0.0,0.0,0.0,300.0,3638.8,8187300.0,0.15,IF88,3319.348,8187300.0,-4791780.0,50.0,沪深主力连续
2019-08-09,0.0,0.0,0.0,0.0,300.0,3621.6,8148600.0,0.15,IF88,3319.348,8148600.0,-4533780.0,50.0,沪深主力连续
2019-08-12,0.0,0.0,0.0,0.0,300.0,3672.8,8263800.0,0.15,IF88,3319.348,8263800.0,-5301780.0,50.0,沪深主力连续
2019-08-13,0.0,0.0,0.0,0.0,300.0,3652.2,8217450.0,0.15,IF88,3319.348,8217450.0,-4992780.0,50.0,沪深主力连续
2019-08-14,0.0,0.0,0.0,0.0,300.0,3673.4,8265150.0,0.15,IF88,3319.348,8265150.0,-5310780.0,50.0,沪深主力连续
2019-08-15,0.0,0.0,0.0,0.0,300.0,3674.6,8267850.0,0.15,IF88,3319.348,8267850.0,-5328780.0,50.0,沪深主力连续
2019-08-16,0.0,0.0,0.0,0.0,300.0,3684.8,8290800.0,0.15,IF88,3319.348,8290800.0,-5481780.0,50.0,沪深主力连续
2019-08-19,0.0,0.0,0.0,0.0,300.0,3783.4,8512650.0,0.15,IF88,3319.348,8512650.0,-6960780.0,50.0,沪深主力连续
2019-08-20,0.0,0.0,0.0,0.0,300.0,3772.0,8487000.0,0.15,IF88,3319.348,8487000.0,-6789780.0,50.0,沪深主力连续
2019-08-21,0.0,0.0,0.0,0.0,300.0,3775.0,8493750.0,0.15,IF88,3319.348,8493750.0,-6834780.0,50.0,沪深主力连续
2019-08-22,0.0,0.0,0.0,0.0,300.0,3777.2,8498700.0,0.15,IF88,3319.348,8498700.0,-6867780.0,50.0,沪深主力连续
2019-08-23,0.0,0.0,0.0,0.0,300.0,3805.2,8561700.0,0.15,IF88,3319.348,8561700.0,-7287780.0,50.0,沪深主力连续
2019-08-26,0.0,0.0,0.0,0.0,300.0,3762.2,8464950.0,0.15,IF88,3319.348,8464950.0,-6642780.0,50.0,沪深主力连续
2019-08-27,0.0,0.0,0.0,0.0,300.0,3803.4,8557650.0,0.15,IF88,3319.348,8557650.0,-7260780.0,50.0,沪深主力连续
2019-08-28,0.0,0.0,0.0,0.0,300.0,3795.0,8538750.0,0.15,IF88,3319.348,8538750.0,-7134780.0,50.0,沪深主力连续
2019-08-29,0.0,0.0,0.0,0.0,300.0,3782.2,8509950.0,0.15,IF88,3319.348,8509950.0,-6942780.0,50.0,沪深主力连续
2019-08-30,0.0,0.0,0.0,0.0,300.0,3791.8,8531550.0,0.15,IF88,3319.348,8531550.0,-7086780.0,50.0,沪深主力连续
2019-09-02,0.0,0.0,0.0,0.0,300.0,3832.6,8623350.0,0.15,IF88,3319.348,8623350.0,-7698780.0,50.0,沪深主力连续
2019-09-03,0.0,0.0,0.0,0.0,300.0,3835.0,8628750.0,0.15,IF88,3319.348,8628750.0,-7734780.0,50.0,沪深主力连续
2019-09-04,0.0,0.0,0.0,0.0,300.0,3888.0,8748000.0,0.15,IF88,3319.348,8748000.0,-8529780.0,50.0,沪深主力连续
2019-09-05,0.0,0.0,0.0,0.0,300.0,3923.6,8828100.0,0.15,IF88,3319.348,8828100.0,-9063780.0,50.0,沪深主力连续
2019-09-06,0.0,0.0,0.0,0.0,300.0,3958.0,8905500.0,0.15,IF88,3319.348,8905500.0,-9579780.0,50.0,沪深主力连续
2019-09-09,0.0,0.0,0.0,0.0,300.0,3968.2,8928450.0,0.15,IF88,3319.348,8928450.0,-9732780.0,50.0,沪深主力连续
2019-09-10,0.0,0.0,0.0,0.0,300.0,3960.6,8911350.0,0.15,IF88,3319.348,8911350.0,-9618780.0,50.0,沪深主力连续
2019-09-11,0.0,0.0,0.0,0.0,300.0,3933.8,8851050.0,0.15,IF88,3319.348,8851050.0,-9216780.0,50.0,沪深主力连续
2019-09-12,0.0,0.0,0.0,0.0,300.0,3976.8,8947800.0,0.15,IF88,3319.348,8947800.0,-9861780.0,50.0,沪深主力连续
2019-09-16,0.0,0.0,0.0,0.0,300.0,3959.8,8909550.0,0.15,IF88,3319.348,8909550.0,-9606780.0,50.0,沪深主力连续
2019-09-17,0.0,0.0,0.0,0.0,300.0,3888.4,8748900.0,0.15,IF88,3319.348,8748900.0,-8535780.0,50.0,沪深主力连续
2019-09-18,0.0,0.0,0.0,0.0,300.0,3904.2,8784450.0,0.15,IF88,3319.348,8784450.0,-8772780.0,50.0,沪深主力连续
2019-09-19,0.0,0.0,0.0,0.0,300.0,3925.0,8831250.0,0.15,IF88,3319.348,8831250.0,-9084780.0,50.0,沪深主力连续
2019-09-20,0.0,0.0,0.0,0.0,300.0,3926.0,8833500.0,0.15,IF88,3319.348,8833500.0,-9099780.0,50.0,沪深主力连续
2019-09-23,0.0,0.0,0.0,0.0,300.0,3894.8,8763300.0,0.15,IF88,3319.348,8763300.0,-8631780.0,50.0,沪深主力连续
2019-09-24,0.0,0.0,0.0,0.0,300.0,3894.6,8762850.0,0.15,IF88,3319.348,8762850.0,-8628780.0,50.0,沪深主力连续
2019-09-25,0.0,0.0,0.0,0.0,300.0,3869.6,8706600.0,0.15,IF88,3319.348,8706600.0,-8253780.0,50.0,沪深主力连续
2019-09-26,0.0,0.0,0.0,0.0,300.0,3844.4,8649900.0,0.15,IF88,3319.348,8649900.0,-7875780.0,50.0,沪深主力连续
2019-09-27,0.0,0.0,0.0,0.0,300.0,3855.8,8675550.0,0.15,IF88,3319.348,8675550.0,-8046780.0,50.0,沪深主力连续
2019-09-30,0.0,0.0,0.0,0.0,300.0,3794.0,8536500.0,0.15,IF88,3319.348,8536500.0,-7119780.0,50.0,沪深主力连续
2019-10-08,0.0,0.0,0.0,0.0,300.0,3828.0,8613000.0,0.15,IF88,3319.348,8613000.0,-7629780.0,50.0,沪深主力连续
2019-10-09,0.0,0.0,0.0,0.0,300.0,3832.8,8623800.0,0.15,IF88,3319.348,8623800.0,-7701780.0,50.0,沪深主力连续
2019-10-10,0.0,0.0,0.0,0.0,300.0,3863.8,8693550.0,0.15,IF88,3319.348,8693550.0,-8166780.0,50.0,沪深主力连续
2019-10-11,0.0,0.0,0.0,0.0,300.0,3913.4,8805150.0,0.15,IF88,3319.348,8805150.0,-8910780.0,50.0,沪深主力连续
2019-10-14,0.0,0.0,0.0,0.0,300.0,3945.2,8876700.0,0.15,IF88,3319.348,8876700.0,-9387780.0,50.0,沪深主力连续
2019-10-15,0.0,0.0,0.0,0.0,300.0,3934.8,8853300.0,0.15,IF88,3319.348,8853300.0,-9231780.0,50.0,沪深主力连续
2019-10-16,0.0,0.0,0.0,0.0,300.0,3917.8,8815050.0,0.15,IF88,3319.348,8815050.0,-8976780.0,50.0,沪深主力连续
2019-10-17,0.0,0.0,0.0,0.0,300.0,3926.8,8835300.0,0.15,IF88,3319.348,8835300.0,-9111780.0,50.0,沪深主力连续
2019-10-18,0.0,0.0,0.0,0.0,300.0,3854.2,8671950.0,0.15,IF88,3319.348,8671950.0,-8022780.0,50.0,沪深主力连续
2019-10-21,0.0,0.0,0.0,0.0,300.0,3866.8,8700300.0,0.15,IF88,3319.348,8700300.0,-8211780.0,50.0,沪深主力连续
2019-10-22,0.0,0.0,0.0,0.0,300.0,3878.8,8727300.0,0.15,IF88,3319.348,8727300.0,-8391780.0,50.0,沪深主力连续
2019-10-23,0.0,0.0,0.0,0.0,300.0,3862.8,8691300.0,0.15,IF88,3319.348,8691300.0,-8151780.0,50.0,沪深主力连续
2019-10-24,0.0,0.0,0.0,0.0,300.0,3870.4,8708400.0,0.15,IF88,3319.348,8708400.0,-8265780.0,50.0,沪深主力连续
2019-10-25,0.0,0.0,0.0,0.0,300.0,3899.0,8772750.0,0.15,IF88,3319.348,8772750.0,-8694780.0,50.0,沪深主力连续
2019-10-28,0.0,0.0,0.0,0.0,300.0,3919.0,8817750.0,0.15,IF88,3319.348,8817750.0,-8994780.0,50.0,沪深主力连续
2019-10-29,0.0,0.0,0.0,0.0,300.0,3905.0,8786250.0,0.15,IF88,3319.348,8786250.0,-8784780.0,50.0,沪深主力连续
2019-10-30,0.0,0.0,0.0,0.0,300.0,3877.0,8723250.0,0.15,IF88,3319.348,8723250.0,-8364780.0,50.0,沪深主力连续
2019-10-31,0.0,0.0,0.0,0.0,300.0,3879.0,8727750.0,0.15,IF88,3319.348,8727750.0,-8394780.0,50.0,沪深主力连续
2019-11-01,0.0,0.0,0.0,0.0,300.0,3959.4,8908650.0,0.15,IF88,3319.348,8908650.0,-9600780.0,50.0,沪深主力连续
2019-11-04,0.0,0.0,0.0,0.0,300.0,3974.2,8941950.0,0.15,IF88,3319.348,8941950.0,-9822780.0,50.0,沪深主力连续
2019-11-05,0.0,0.0,0.0,0.0,300.0,3996.4,8991900.0,0.15,IF88,3319.348,8991900.0,-10155780.0,50.0,沪深主力连续
2019-11-06,0.0,0.0,0.0,0.0,300.0,3983.0,8961750.0,0.15,IF88,3319.348,8961750.0,-9954780.0,50.0,沪深主力连续
2019-11-07,0.0,0.0,0.0,0.0,300.0,3990.2,8977950.0,0.15,IF88,3319.348,8977950.0,-10062780.0,50.0,沪深主力连续
2019-11-08,0.0,0.0,0.0,0.0,300.0,3968.8,8929800.0,0.15,IF88,3319.348,8929800.0,-9741780.0,50.0,沪深主力连续
2019-11-11,0.0,0.0,0.0,0.0,300.0,3906.6,8789850.0,0.15,IF88,3319.348,8789850.0,-8808780.0,50.0,沪深主力连续
2019-11-12,0.0,0.0,0.0,0.0,300.0,3897.6,8769600.0,0.15,IF88,3319.348,8769600.0,-8673780.0,50.0,沪深主力连续
2019-11-13,0.0,0.0,0.0,0.0,300.0,3900.0,8775000.0,0.15,IF88,3319.348,8775000.0,-8709780.0,50.0,沪深主力连续
2019-11-14,0.0,0.0,0.0,0.0,300.0,3895.4,8764650.0,0.15,IF88,3319.348,8764650.0,-8640780.0,50.0,沪深主力连续
2019-11-15,0.0,0.0,0.0,0.0,300.0,3879.0,8727750.0,0.15,IF88,3319.348,8727750.0,-8394780.0,50.0,沪深主力连续
2019-11-18,0.0,0.0,0.0,0.0,300.0,3908.8,8794800.0,0.15,IF88,3319.348,8794800.0,-8841780.0,50.0,沪深主力连续
2019-11-19,0.0,0.0,0.0,0.0,300.0,3953.6,8895600.0,0.15,IF88,3319.348,8895600.0,-9513780.0,50.0,沪深主力连续
2019-11-20,0.0,0.0,0.0,0.0,300.0,3907.8,8792550.0,0.15,IF88,3319.348,8792550.0,-8826780.0,50.0,沪深主力连续
2019-11-21,0.0,0.0,0.0,0.0,300.0,3888.4,8748900.0,0.15,IF88,3319.348,8748900.0,-8535780.0,50.0,沪深主力连续
2019-11-22,0.0,0.0,0.0,0.0,300.0,3839.6,8639100.0,0.15,IF88,3319.348,8639100.0,-7803780.0,50.0,沪深主力连续
2019-11-25,0.0,0.0,0.0,0.0,300.0,3873.4,8715150.0,0.15,IF88,3319.348,8715150.0,-8310780.0,50.0,沪深主力连续
2019-11-26,0.0,0.0,0.0,0.0,300.0,3875.8,8720550.0,0.15,IF88,3319.348,8720550.0,-8346780.0,50.0,沪深主力连续
2019-11-27,0.0,0.0,0.0,0.0,300.0,3878.8,8727300.0,0.15,IF88,3319.348,8727300.0,-8391780.0,50.0,沪深主力连续
2019-11-28,0.0,0.0,0.0,0.0,300.0,3868.6,8704350.0,0.15,IF88,3319.348,8704350.0,-8238780.0,50.0,沪深主力连续
2019-11-29,0.0,0.0,0.0,0.0,300.0,3827.4,8611650.0,0.15,IF88,3319.348,8611650.0,-7620780.0,50.0,沪深主力连续
2019-12-02,0.0,0.0,0.0,0.0,300.0,3838.0,8635500.0,0.15,IF88,3319.348,8635500.0,-7779780.0,50.0,沪深主力连续
2019-12-03,0.0,0.0,0.0,0.0,300.0,3856.6,8677350.0,0.15,IF88,3319.348,8677350.0,-8058780.0,50.0,沪深主力连续
2019-12-04,0.0,0.0,0.0,0.0,300.0,3852.4,8667900.0,0.15,IF88,3319.348,8667900.0,-7995780.0,50.0,沪深主力连续
2019-12-05,0.0,0.0,0.0,0.0,300.0,3880.0,8730000.0,0.15,IF88,3319.348,8730000.0,-8409780.0,50.0,沪深主力连续
2019-12-06,0.0,0.0,0.0,0.0,300.0,3909.6,8796600.0,0.15,IF88,3319.348,8796600.0,-8853780.0,50.0,沪深主力连续
2019-12-09,0.0,0.0,0.0,0.0,300.0,3900.4,8775900.0,0.15,IF88,3319.348,8775900.0,-8715780.0,50.0,沪深主力连续
2019-12-10,0.0,0.0,0.0,0.0,300.0,3903.0,8781750.0,0.15,IF88,3319.348,8781750.0,-8754780.0,50.0,沪深主力连续
2019-12-11,0.0,0.0,0.0,0.0,300.0,3909.2,8795700.0,0.15,IF88,3319.348,8795700.0,-8847780.0,50.0,沪深主力连续
2019-12-12,0.0,0.0,0.0,0.0,300.0,3895.4,8764650.0,0.15,IF88,3319.348,8764650.0,-8640780.0,50.0,沪深主力连续
2019-12-13,0.0,0.0,0.0,0.0,300.0,3979.6,8954100.0,0.15,IF88,3319.348,8954100.0,-9903780.0,50.0,沪深主力连续
2019-12-16,0.0,0.0,0.0,0.0,300.0,3988.0,8973000.0,0.15,IF88,3319.348,8973000.0,-10029780.0,50.0,沪深主力连续
2019-12-17,0.0,0.0,0.0,0.0,300.0,4048.2,9108450.0,0.15,IF88,3319.348,9108450.0,-10932780.0,50.0,沪深主力连续
2019-12-18,0.0,0.0,0.0,0.0,300.0,4038.4,9086400.0,0.15,IF88,3319.348,9086400.0,-10785780.0,50.0,沪深主力连续
2019-12-19,0.0,0.0,0.0,0.0,300.0,4028.8,9064800.0,0.15,IF88,3319.348,9064800.0,-10641780.0,50.0,沪深主力连续
2019-12-20,0.0,0.0,0.0,0.0,300.0,4035.0,9078750.0,0.15,IF88,3319.348,9078750.0,-10734780.0,50.0,沪深主力连续
2019-12-23,0.0,0.0,0.0,0.0,300.0,3979.4,8953650.0,0.15,IF88,3319.348,8953650.0,-9900780.0,50.0,沪深主力连续
2019-12-24,0.0,0.0,0.0,0.0,300.0,3998.4,8996400.0,0.15,IF88,3319.348,8996400.0,-10185780.0,50.0,沪深主力连续
2019-12-25,0.0,0.0,0.0,0.0,300.0,4002.8,9006300.0,0.15,IF88,3319.348,9006300.0,-10251780.0,50.0,沪深主力连续
2019-12-26,0.0,0.0,0.0,0.0,300.0,4034.6,9077850.0,0.15,IF88,3319.348,9077850.0,-10728780.0,50.0,沪深主力连续
2019-12-27,0.0,0.0,0.0,0.0,300.0,4028.0,9063000.0,0.15,IF88,3319.348,9063000.0,-10629780.0,50.0,沪深主力连续
2019-12-30,0.0,0.0,0.0,0.0,300.0,4090.8,9204300.0,0.15,IF88,3319.348,9204300.0,-11571780.0,50.0,沪深主力连续
2019-12-31,0.0,0.0,0.0,0.0,300.0,4109.4,9246150.0,0.15,IF88,3319.348,9246150.0,-11850780.0,50.0,沪深主力连续
