date,cash,market_value,static_unit_net_value,total_value,unit_net_value,units
2017-01-03,45902.593,49814537.0,1.0,49860439.593,0.997209,50000000.0
2017-01-04,45902.593,50345085.0,0.997,50390987.593,1.00782,50000000.0
2017-01-05,45902.593,50172263.0,1.008,50218165.593,1.004363,50000000.0
2017-01-06,45902.593,49875888.0,1.004,49921790.593,0.998436,50000000.0
2017-01-09,42692.235,50030630.0,0.998,50073322.235,1.001466,50000000.0
2017-01-10,42692.235,49964298.0,1.001,50006990.235,1.00014,50000000.0
2017-01-11,42692.235,49545312.0,1.0,49588004.235,0.99176,50000000.0
2017-01-12,42692.235,49362862.0,0.992,49405554.235,0.988111,50000000.0
2017-01-13,42692.235,49512599.0,0.988,49555291.235,0.991106,50000000.0
2017-01-16,39437.789,49630784.0,0.991,49670221.789,0.993404,50000000.0
2017-01-17,39437.789,49769110.0,0.993,49808547.789,0.996171,50000000.0
2017-01-18,39437.789,50042279.0,0.996,50081716.789,1.001634,50000000.0
2017-01-19,39437.789,49937486.0,1.002,49976923.789,0.999538,50000000.0
2017-01-20,39437.789,50332600.0,1.0,50372037.789,1.007441,50000000.0
2017-01-23,36862.689,50370331.0,1.007,50407193.689,1.008144,50000000.0
2017-01-24,36862.689,50528817.0,1.008,50565679.689,1.011314,50000000.0
2017-01-25,36862.689,50843355.0,1.011,50880217.689,1.017604,50000000.0
2017-01-26,36862.689,50973119.0,1.018,51009981.689,1.0202,50000000.0
2017-02-03,34711.435,50783507.0,1.02,50818218.435,1.016364,50000000.0
2017-02-06,32890.831,50962872.0,1.016,50995762.831,1.019915,50000000.0
2017-02-07,32890.831,50860309.0,1.02,50893199.831,1.017864,50000000.0
2017-02-08,32890.831,51010142.0,1.018,51043032.831,1.020861,50000000.0
2017-02-09,32890.831,51149872.0,1.021,51182762.831,1.023655,50000000.0
2017-02-10,32890.831,51357686.0,1.024,51390576.831,1.027812,50000000.0
2017-02-13,31040.167,51831875.0,1.028,51862915.167,1.037258,50000000.0
2017-02-14,31040.167,51762458.0,1.037,51793498.167,1.03587,50000000.0
2017-02-15,31040.167,51400202.0,1.036,51431242.167,1.028625,50000000.0
2017-02-16,31040.167,51721014.0,1.029,51752054.167,1.035041,50000000.0
2017-02-17,31040.167,51478102.0,1.035,51509142.167,1.030183,50000000.0
2017-02-20,29534.191,52460681.0,1.03,52490215.191,1.049804,50000000.0
2017-02-21,29534.191,52635329.0,1.05,52664863.191,1.053297,50000000.0
2017-02-22,29534.191,52785062.0,1.053,52814596.191,1.056292,50000000.0
2017-02-23,29534.191,52583653.0,1.056,52613187.191,1.052264,50000000.0
2017-02-24,29534.191,52471099.0,1.052,52500633.191,1.050013,50000000.0
2017-02-27,28028.215,52088321.0,1.05,52116349.215,1.042327,50000000.0
2017-02-28,28028.215,52354783.0,1.042,52382811.215,1.047656,50000000.0
2017-03-01,28028.215,52410680.0,1.048,52438708.215,1.048774,50000000.0
2017-03-02,28028.215,52156018.0,1.049,52184046.215,1.043681,50000000.0
2017-03-03,28028.215,52337477.0,1.044,52365505.215,1.04731,50000000.0
2017-03-06,1285952.418,51351554.18,1.047,52637506.598,1.05275,50000000.0
2017-03-07,1285952.418,51552134.97,1.053,52838087.388,1.056762,50000000.0
2017-03-08,1285952.418,51451806.52,1.057,52737758.938,1.054755,50000000.0
2017-03-09,1285952.418,51198673.09,1.055,52484625.508,1.049693,50000000.0
2017-03-10,1285952.418,51567260.99,1.05,52853213.408,1.057064,50000000.0
2017-03-13,100.695,53526742.21,1.057,53526842.905,1.070537,50000000.0
2017-03-14,100.695,53632598.32,1.071,53632699.015,1.072654,50000000.0
2017-03-15,100.695,53974051.98,1.073,53974152.675,1.079483,50000000.0
2017-03-16,100.695,54108330.74,1.079,54108431.435,1.082169,50000000.0
2017-03-17,100.695,53609240.61,1.082,53609341.305,1.072187,50000000.0
2017-03-20,100.695,53798346.07,1.072,53798446.765,1.075969,50000000.0
2017-03-21,100.695,54458235.38,1.076,54458336.075,1.089167,50000000.0
2017-03-22,100.695,54511723.43,1.089,54511824.125,1.090236,50000000.0
2017-03-23,100.695,54827718.03,1.09,54827818.725,1.096556,50000000.0
2017-03-24,100.695,55358595.14,1.097,55358695.835,1.107174,50000000.0
2017-03-27,100.695,54947148.54,1.107,54947249.235,1.098945,50000000.0
2017-03-28,100.695,54853791.37,1.099,54853892.065,1.097078,50000000.0
2017-03-29,31404.435,54746600.13,1.097,54778004.565,1.09556,50000000.0
2017-03-30,31404.435,54410383.35,1.096,54441787.785,1.088836,50000000.0
2017-03-31,31404.435,55131866.2,1.089,55163270.635,1.103265,50000000.0
2017-04-05,30199.059,55804768.4,1.103,55834967.459,1.116699,50000000.0
2017-04-06,30199.059,55878102.25,1.117,55908301.309,1.118166,50000000.0
2017-04-07,30199.059,55988589.43,1.118,56018788.489,1.120376,50000000.0
2017-04-10,29001.699,55865871.5,1.12,55894873.199,1.117897,50000000.0
2017-04-11,29001.699,55605985.49,1.118,55634987.189,1.1127,50000000.0
2017-04-12,29001.699,55422888.19,1.113,55451889.889,1.109038,50000000.0
2017-04-13,29001.699,55834566.31,1.109,55863568.009,1.117271,50000000.0
2017-04-14,29001.699,55348044.46,1.117,55377046.159,1.107541,50000000.0
2017-04-17,28096.776,55354414.01,1.108,55382510.786,1.10765,50000000.0
2017-04-18,28096.776,55649685.1,1.108,55677781.876,1.113556,50000000.0
2017-04-19,32356.776,55783373.37,1.114,55815730.146,1.116315,50000000.0
2017-04-20,32356.776,56566681.65,1.116,56599038.426,1.131981,50000000.0
2017-04-21,32356.776,56332846.22,1.132,56365202.996,1.127304,50000000.0
2017-04-24,443.775,55902768.42,1.127,55903212.195,1.118064,50000000.0
2017-04-25,17917.735,56295902.43,1.118,56313820.165,1.126276,50000000.0
2017-04-26,17917.735,56659650.22,1.126,56677567.955,1.133551,50000000.0
2017-04-27,17917.735,56645839.71,1.134,56663757.445,1.133275,50000000.0
2017-04-28,17917.735,56204359.33,1.133,56222277.065,1.124446,50000000.0
2017-05-02,17217.357,56111484.32,1.124,56128701.677,1.122574,50000000.0
2017-05-03,17217.357,56045983.97,1.123,56063201.327,1.121264,50000000.0
2017-05-04,17217.357,56021809.43,1.121,56039026.787,1.120781,50000000.0
2017-05-05,17217.357,55768869.84,1.121,55786087.197,1.115722,50000000.0
2017-05-08,16511.969,55397083.84,1.116,55413595.809,1.108272,50000000.0
2017-05-09,41531.969,55313611.01,1.108,55355142.979,1.107103,50000000.0
2017-05-10,78951.969,55420411.1,1.107,55499363.069,1.109987,50000000.0
2017-05-11,122987.169,55903028.93,1.11,56026016.099,1.12052,50000000.0
2017-05-12,158047.469,56361271.28,1.121,56519318.749,1.130386,50000000.0
2017-05-15,77546.981,56950352.75,1.13,57027899.731,1.140558,50000000.0
2017-05-16,97644.581,57707730.59,1.141,57805375.171,1.156108,50000000.0
2017-05-17,97644.581,57237769.94,1.156,57335414.521,1.146708,50000000.0
2017-05-18,118872.581,57152499.068,1.147,57271371.649,1.145427,50000000.0
2017-05-19,128322.581,57195682.126,1.145,57324004.707,1.14648,50000000.0
2017-05-22,69548.557,57715666.12,1.146,57785214.677,1.155704,50000000.0
2017-05-23,69548.557,58328879.402,1.156,58398427.959,1.167969,50000000.0
2017-05-24,84667.207,58254835.32,1.168,58339502.527,1.16679,50000000.0
2017-05-25,84667.207,58681812.104,1.167,58766479.311,1.17533,50000000.0
2017-05-26,110335.807,58449898.952,1.175,58560234.759,1.171205,50000000.0
2017-05-31,204874.431,58728668.38,1.171,58933542.811,1.178671,50000000.0
2017-06-01,211128.681,59156709.708,1.179,59367838.389,1.187357,50000000.0
2017-06-02,211128.681,58860411.096,1.187,59071539.777,1.181431,50000000.0
2017-06-05,83504.944,58742943.596,1.181,58826448.54,1.176529,50000000.0
2017-06-06,90735.944,59360020.206,1.177,59450756.15,1.189015,50000000.0
2017-06-07,126366.944,60250825.322,1.189,60377192.266,1.207544,50000000.0
2017-06-08,132742.244,61149226.46,1.208,61281968.704,1.225639,50000000.0
2017-06-09,132742.244,61542614.54,1.226,61675356.784,1.233507,50000000.0
2017-06-12,28580.235,61897219.47,1.234,61925799.705,1.238516,50000000.0
2017-06-13,35369.875,62084033.194,1.239,62119403.069,1.242388,50000000.0
2017-06-14,151732.835,60944900.448,1.242,61096633.283,1.221933,50000000.0
2017-06-15,162476.995,60588118.386,1.222,60750595.381,1.215012,50000000.0
2017-06-16,230757.145,60395075.032,1.215,60625832.177,1.212517,50000000.0
2017-06-19,91643.087,60924302.842,1.213,61015945.929,1.220319,50000000.0
2017-06-20,91643.087,60940005.722,1.22,61031648.809,1.220633,50000000.0
2017-06-21,91643.087,62268998.514,1.221,62360641.601,1.247213,50000000.0
2017-06-22,91823.087,62188591.66,1.247,62280414.747,1.245608,50000000.0
2017-06-23,91823.087,63198987.326,1.246,63290810.413,1.265816,50000000.0
2017-06-26,72122.885,64229580.972,1.266,64301703.857,1.286034,50000000.0
2017-06-27,72122.885,64354685.878,1.286,64426808.763,1.288536,50000000.0
2017-06-28,72122.885,63741085.696,1.289,63813208.581,1.276264,50000000.0
2017-06-29,81555.14,64222521.244,1.276,64304076.384,1.286082,50000000.0
2017-06-30,81555.14,64191107.152,1.286,64272662.292,1.285453,50000000.0
2017-07-03,68827.836,63512779.396,1.285,63581607.232,1.271632,50000000.0
2017-07-04,68827.836,63097150.334,1.272,63165978.17,1.26332,50000000.0
2017-07-05,131061.036,64137776.778,1.263,64268837.814,1.285377,50000000.0
2017-07-06,166557.036,64130616.22,1.285,64297173.256,1.285943,50000000.0
2017-07-07,192208.346,63834451.074,1.286,64026659.42,1.280533,50000000.0
2017-07-10,81404.56,63408608.704,1.281,63490013.264,1.2698,50000000.0
2017-07-11,209726.931,63923904.142,1.27,64133631.073,1.282673,50000000.0
2017-07-12,209726.931,63706238.566,1.283,63915965.497,1.278319,50000000.0
2017-07-13,286285.241,64028652.304,1.278,64314937.545,1.286299,50000000.0
2017-07-14,435868.109,64295473.672,1.286,64731341.781,1.294627,50000000.0
2017-07-17,91418.215,64188032.672,1.295,64279450.887,1.285589,50000000.0
2017-07-18,115468.09,63944619.826,1.286,64060087.916,1.281202,50000000.0
2017-07-19,115468.09,64892675.53,1.281,65008143.62,1.300163,50000000.0
2017-07-20,115468.09,65523048.642,1.3,65638516.732,1.31277,50000000.0
2017-07-21,115468.09,65279220.508,1.313,65394688.598,1.307894,50000000.0
2017-07-24,74334.206,65637170.488,1.308,65711504.694,1.31423,50000000.0
2017-07-25,74334.206,65015057.574,1.314,65089391.78,1.301788,50000000.0
2017-07-26,74334.206,64336292.2,1.302,64410626.406,1.288213,50000000.0
2017-07-27,74334.206,64304578.43,1.288,64378912.636,1.287578,50000000.0
2017-07-28,74334.206,64723705.688,1.288,64798039.894,1.295961,50000000.0
2017-07-31,61778.244,64822322.568,1.296,64884100.812,1.297682,50000000.0
2017-08-01,85360.316,65276156.214,1.298,65361516.53,1.30723,50000000.0
2017-08-02,85360.316,65267512.694,1.307,65352873.01,1.307057,50000000.0
2017-08-03,85360.316,64329805.904,1.307,64415166.22,1.288303,50000000.0
2017-08-04,88075.35,63593338.954,1.288,63681414.304,1.273628,50000000.0
2017-08-07,68222.874,64040216.0,1.274,64108438.874,1.282169,50000000.0
2017-08-08,68222.874,64021409.228,1.282,64089632.102,1.281793,50000000.0
2017-08-09,68222.874,64518915.532,1.282,64587138.406,1.291743,50000000.0
2017-08-10,84530.874,64465112.934,1.292,64549643.808,1.290993,50000000.0
2017-08-11,84530.874,63794749.762,1.291,63879280.636,1.277586,50000000.0
2017-08-14,68338.674,64784865.444,1.278,64853204.118,1.297064,50000000.0
2017-08-15,68338.674,65345619.352,1.297,65413958.026,1.308279,50000000.0
2017-08-16,68338.674,64845898.702,1.308,64914237.376,1.298285,50000000.0
2017-08-17,68338.674,64938804.798,1.298,65007143.472,1.300143,50000000.0
2017-08-18,68338.674,65038261.616,1.3,65106600.29,1.302132,50000000.0
2017-08-21,59948.006,65085016.906,1.302,65144964.912,1.302899,50000000.0
2017-08-22,59948.006,65295009.788,1.303,65354957.794,1.307099,50000000.0
2017-08-23,59948.006,65531383.942,1.307,65591331.948,1.311827,50000000.0
2017-08-24,59948.006,65136855.364,1.312,65196803.37,1.303936,50000000.0
2017-08-25,90672.004,65879930.334,1.304,65970602.338,1.319412,50000000.0
2017-08-28,70951.792,66567986.07,1.319,66638937.862,1.332779,50000000.0
2017-08-29,71425.792,66598263.878,1.333,66669689.67,1.333394,50000000.0
2017-08-30,71425.792,66551007.262,1.333,66622433.054,1.332449,50000000.0
2017-08-31,71425.792,66227295.92,1.332,66298721.712,1.325974,50000000.0
2017-09-01,71425.792,66196438.304,1.326,66267864.096,1.325357,50000000.0
2017-09-04,72780.236,66699295.166,1.325,66772075.402,1.335442,50000000.0
2017-09-05,72780.236,67083935.54,1.335,67156715.776,1.343134,50000000.0
2017-09-06,72780.236,67035004.148,1.343,67107784.384,1.342156,50000000.0
2017-09-07,72780.236,66762368.916,1.342,66835149.152,1.336703,50000000.0
2017-09-08,72780.236,66939042.694,1.337,67011822.93,1.340236,50000000.0
2017-09-11,60421.678,67129203.268,1.34,67189624.946,1.343792,50000000.0
2017-09-12,60421.678,67178602.198,1.344,67239023.876,1.34478,50000000.0
2017-09-13,60421.678,67298316.704,1.345,67358738.382,1.347175,50000000.0
2017-09-14,63557.878,66919018.866,1.347,66982576.744,1.339652,50000000.0
2017-09-15,63557.878,67112619.992,1.34,67176177.87,1.343524,50000000.0
2017-09-18,55107.09,67374392.124,1.344,67429499.214,1.34859,50000000.0
2017-09-19,55107.09,67102771.9,1.349,67157878.99,1.343158,50000000.0
2017-09-20,55107.09,67431374.538,1.343,67486481.628,1.34973,50000000.0
2017-09-21,55107.09,67522403.182,1.35,67577510.272,1.35155,50000000.0
2017-09-22,55107.09,67908488.156,1.352,67963595.246,1.359272,50000000.0
2017-09-25,47969.924,68052444.006,1.359,68100413.93,1.362008,50000000.0
2017-09-26,47969.924,68025176.892,1.362,68073146.816,1.361463,50000000.0
2017-09-27,47969.924,68207132.682,1.361,68255102.606,1.365102,50000000.0
2017-09-28,47969.924,68443567.13,1.365,68491537.054,1.369831,50000000.0
2017-09-29,47969.924,68799158.698,1.37,68847128.622,1.376943,50000000.0
2017-10-09,44122.294,69784512.252,1.377,69828634.546,1.396573,50000000.0
2017-10-10,44122.294,69759431.268,1.397,69803553.562,1.396071,50000000.0
2017-10-11,44122.294,70457669.086,1.396,70501791.38,1.410036,50000000.0
2017-10-12,44122.294,70774981.026,1.41,70819103.32,1.416382,50000000.0
2017-10-13,44122.294,70984109.444,1.416,71028231.738,1.420565,50000000.0
2017-10-16,41130.362,71091843.868,1.421,71132974.23,1.422659,50000000.0
2017-10-17,41130.362,71294255.156,1.423,71335385.518,1.426708,50000000.0
2017-10-18,41130.362,72323340.1,1.427,72364470.462,1.447289,50000000.0
2017-10-19,41130.362,72505261.426,1.447,72546391.788,1.450928,50000000.0
2017-10-20,41130.362,72142816.364,1.451,72183946.726,1.443679,50000000.0
2017-10-23,33259.722,72531610.834,1.444,72564870.556,1.451297,50000000.0
2017-10-24,33259.722,73073750.828,1.451,73107010.55,1.46214,50000000.0
2017-10-25,33259.722,73391047.306,1.462,73424307.028,1.468486,50000000.0
2017-10-26,33259.722,73296852.58,1.468,73330112.302,1.466602,50000000.0
2017-10-27,33259.722,73953846.728,1.467,73987106.45,1.479742,50000000.0
2017-10-30,31837.914,73985694.782,1.48,74017532.696,1.480351,50000000.0
2017-10-31,31837.914,74099276.084,1.48,74131113.998,1.482622,50000000.0
2017-11-01,31837.914,73755790.566,1.483,73787628.48,1.475753,50000000.0
2017-11-02,31837.914,73779975.236,1.476,73811813.15,1.476236,50000000.0
2017-11-03,31837.914,73876030.73,1.476,73907868.644,1.478157,50000000.0
2017-11-06,30460.194,75306959.208,1.478,75337419.402,1.506748,50000000.0
2017-11-07,30460.194,75589837.426,1.507,75620297.62,1.512406,50000000.0
2017-11-08,30460.194,75101751.814,1.512,75132212.008,1.502644,50000000.0
2017-11-09,30460.194,75860398.304,1.503,75890858.498,1.517817,50000000.0
2017-11-10,30460.194,77067390.85,1.518,77097851.044,1.541957,50000000.0
2017-11-13,29695.688,77629936.324,1.542,77659632.012,1.553193,50000000.0
2017-11-14,29695.688,76943813.264,1.553,76973508.952,1.53947,50000000.0
2017-11-15,29695.688,76211701.284,1.539,76241396.972,1.524828,50000000.0
2017-11-16,29695.688,77220675.43,1.525,77250371.118,1.545007,50000000.0
2017-11-17,29695.688,77290211.936,1.545,77319907.624,1.546398,50000000.0
2017-11-20,28923.166,78135687.208,1.546,78164610.374,1.563292,50000000.0
2017-11-21,28923.166,79752649.91,1.563,79781573.076,1.595631,50000000.0
2017-11-22,28923.166,79328813.906,1.596,79357737.072,1.587155,50000000.0
2017-11-23,28923.166,76126621.978,1.587,76155545.144,1.523111,50000000.0
2017-11-24,28923.166,76131518.49,1.523,76160441.656,1.523209,50000000.0
2017-11-27,331.287,74440744.368,1.523,74441075.655,1.488822,50000000.0
2017-11-28,331.287,74798916.596,1.489,74799247.883,1.495985,50000000.0
2017-11-29,331.287,74295788.014,1.496,74296119.301,1.485922,50000000.0
2017-11-30,331.287,73384108.434,1.486,73384439.721,1.467689,50000000.0
2017-12-01,331.287,73582282.678,1.468,73582613.965,1.471652,50000000.0
2017-12-04,331.287,74203816.594,1.472,74204147.881,1.484083,50000000.0
2017-12-05,331.287,74625268.438,1.484,74625599.725,1.492512,50000000.0
2017-12-06,331.287,74344858.076,1.493,74345189.363,1.486904,50000000.0
2017-12-07,331.287,73135738.004,1.487,73136069.291,1.462721,50000000.0
2017-12-08,331.287,73978144.036,1.463,73978475.323,1.47957,50000000.0
2017-12-11,331.287,75771073.76,1.48,75771405.047,1.515428,50000000.0
2017-12-12,331.287,74914355.366,1.515,74914686.653,1.498294,50000000.0
2017-12-13,331.287,75966329.794,1.498,75966661.081,1.519333,50000000.0
2017-12-14,331.287,75696737.312,1.519,75697068.599,1.513941,50000000.0
2017-12-15,331.287,74642939.588,1.514,74643270.875,1.492865,50000000.0
2017-12-18,331.287,74491260.672,1.493,74491591.959,1.489832,50000000.0
2017-12-19,331.287,75711417.012,1.49,75711748.299,1.514235,50000000.0
2017-12-20,331.287,75910847.506,1.514,75911178.793,1.518224,50000000.0
2017-12-21,331.287,77015597.428,1.518,77015928.715,1.540319,50000000.0
2017-12-22,331.287,76885879.416,1.54,76886210.703,1.537724,50000000.0
2017-12-25,331.287,76765294.384,1.538,76765625.671,1.535313,50000000.0
2017-12-26,331.287,76691975.754,1.535,76692307.041,1.533846,50000000.0
2017-12-27,331.287,75207294.608,1.534,75207625.895,1.504153,50000000.0
2017-12-28,331.287,75615366.05,1.504,75615697.337,1.512314,50000000.0
2017-12-29,331.287,76135508.886,1.512,76135840.173,1.522717,50000000.0
2018-01-02,331.287,76936548.41,1.523,76936879.697,1.538738,50000000.0
2018-01-03,331.287,77651534.596,1.539,77651865.883,1.553037,50000000.0
2018-01-04,331.287,77984421.79,1.553,77984753.077,1.559695,50000000.0
2018-01-05,331.287,77678633.39,1.56,77678964.677,1.553579,50000000.0
2018-01-08,331.287,77679752.744,1.554,77680084.031,1.553602,50000000.0
2018-01-09,331.287,78506228.458,1.554,78506559.745,1.570131,50000000.0
2018-01-10,331.287,78627730.388,1.57,78628061.675,1.572561,50000000.0
2018-01-11,331.287,78601256.62,1.573,78601587.907,1.572032,50000000.0
2018-01-12,331.287,78978339.734,1.572,78978671.021,1.579573,50000000.0
2018-01-15,331.287,78887434.912,1.58,78887766.199,1.577755,50000000.0
2018-01-16,331.287,79543823.698,1.578,79544154.985,1.590883,50000000.0
2018-01-17,331.287,78496552.932,1.591,78496884.219,1.569938,50000000.0
2018-01-18,331.287,78690204.548,1.57,78690535.835,1.573811,50000000.0
2018-01-19,331.287,78690860.874,1.574,78691192.161,1.573824,50000000.0
2018-01-22,331.287,80323174.552,1.574,80323505.839,1.60647,50000000.0
2018-01-23,331.287,81031573.802,1.606,81031905.089,1.620638,50000000.0
2018-01-24,331.287,80646532.69,1.621,80646863.977,1.612937,50000000.0
2018-01-25,331.287,80153568.424,1.613,80153899.711,1.603078,50000000.0
2018-01-26,77752.587,80371307.658,1.603,80449060.245,1.608981,50000000.0
2018-01-29,249.171,78230221.832,1.609,78230471.003,1.564609,50000000.0
2018-01-30,249.171,77762137.038,1.565,77762386.209,1.555248,50000000.0
2018-01-31,249.171,78632497.692,1.555,78632746.863,1.572655,50000000.0
2018-02-01,249.171,78033269.056,1.573,78033518.227,1.56067,50000000.0
2018-02-02,249.171,78405029.996,1.561,78405279.167,1.568106,50000000.0
2018-02-05,249.171,78112476.97,1.568,78112726.141,1.562255,50000000.0
2018-02-06,249.171,76000765.154,1.562,76001014.325,1.52002,50000000.0
2018-02-07,249.171,73911446.752,1.52,73911695.923,1.478234,50000000.0
2018-02-08,249.171,74156214.804,1.478,74156463.975,1.483129,50000000.0
2018-02-09,249.171,71690720.414,1.483,71690969.585,1.433819,50000000.0
2018-02-12,249.171,73416451.84,1.434,73416701.011,1.468334,50000000.0
2018-02-13,249.171,74105616.796,1.468,74105865.967,1.482117,50000000.0
2018-02-14,249.171,74747782.166,1.482,74748031.337,1.494961,50000000.0
2018-02-22,249.171,76549121.18,1.495,76549370.351,1.530987,50000000.0
2018-02-23,249.171,76593262.126,1.531,76593511.297,1.53187,50000000.0
2018-02-26,249.171,77806430.624,1.532,77806679.795,1.556134,50000000.0
2018-02-27,249.171,76632575.89,1.556,76632825.061,1.532657,50000000.0
2018-02-28,249.171,76360524.986,1.533,76360774.157,1.527215,50000000.0
2018-03-01,249.171,76971483.492,1.527,76971732.663,1.539435,50000000.0
2018-03-02,249.171,76189869.27,1.539,76190118.441,1.523802,50000000.0
2018-03-05,249.171,76278101.01,1.524,76278350.181,1.525567,50000000.0
2018-03-06,249.171,77066824.192,1.526,77067073.363,1.541341,50000000.0
2018-03-07,249.171,76411140.608,1.541,76411389.779,1.528228,50000000.0
2018-03-08,249.171,77323252.084,1.528,77323501.255,1.54647,50000000.0
2018-03-09,249.171,78226822.312,1.546,78227071.483,1.564541,50000000.0
2018-03-12,249.171,78709874.86,1.565,78710124.031,1.574202,50000000.0
2018-03-13,249.171,78009558.264,1.574,78009807.435,1.560196,50000000.0
2018-03-14,249.171,77578245.864,1.56,77578495.035,1.55157,50000000.0
2018-03-15,249.171,78071158.412,1.552,78071407.583,1.561428,50000000.0
2018-03-16,249.171,76972098.208,1.561,76972347.379,1.539447,50000000.0
2018-03-19,249.171,77330056.178,1.539,77330305.349,1.546606,50000000.0
2018-03-20,249.171,77632282.182,1.547,77632531.353,1.552651,50000000.0
2018-03-21,249.171,76997944.274,1.553,76998193.445,1.539964,50000000.0
2018-03-22,249.171,75807759.392,1.54,75808008.563,1.51616,50000000.0
2018-03-23,249.171,73730446.26,1.516,73730695.431,1.474614,50000000.0
2018-03-26,249.171,73501538.052,1.475,73501787.223,1.470036,50000000.0
2018-03-27,249.171,74183381.864,1.47,74183631.035,1.483673,50000000.0
2018-03-28,249.171,72544910.318,1.484,72545159.489,1.450903,50000000.0
2018-03-29,249.171,73269505.348,1.451,73269754.519,1.465395,50000000.0
2018-03-30,249.171,73703902.274,1.465,73704151.445,1.474083,50000000.0
2018-04-02,249.171,73101955.16,1.474,73102204.331,1.462044,50000000.0
2018-04-03,249.171,72495704.694,1.462,72495953.865,1.449919,50000000.0
2018-04-04,249.171,72413720.204,1.45,72413969.375,1.448279,50000000.0
2018-04-09,249.171,72179809.544,1.448,72180058.715,1.443601,50000000.0
2018-04-10,249.171,73801660.884,1.444,73801910.055,1.476038,50000000.0
2018-04-11,249.171,74179766.364,1.476,74180015.535,1.4836,50000000.0
2018-04-12,249.171,73370105.896,1.484,73370355.067,1.467407,50000000.0
2018-04-13,249.171,72764811.896,1.467,72765061.067,1.455301,50000000.0
2018-04-16,249.171,71620412.352,1.455,71620661.523,1.432413,50000000.0
2018-04-17,249.171,69913424.12,1.432,69913673.291,1.398273,50000000.0
2018-04-18,249.171,70065989.992,1.398,70066239.163,1.401325,50000000.0
2018-04-19,249.171,70936974.096,1.401,70937223.267,1.418744,50000000.0
2018-04-20,249.171,70008915.176,1.419,70009164.347,1.400183,50000000.0
2018-04-23,249.171,70030433.012,1.4,70030682.183,1.400614,50000000.0
2018-04-24,249.171,71515004.128,1.401,71515253.299,1.430305,50000000.0
2018-04-25,249.171,71367872.634,1.43,71368121.805,1.427362,50000000.0
2018-04-26,22516.621,69822691.18,1.427,69845207.801,1.396904,50000000.0
2018-04-27,63872.221,69693012.416,1.397,69756884.637,1.395138,50000000.0
2018-05-02,246.465,70231836.116,1.395,70232082.581,1.404642,50000000.0
2018-05-03,246.465,70857500.322,1.405,70857746.787,1.417155,50000000.0
2018-05-04,136925.965,70503381.798,1.417,70640307.763,1.412806,50000000.0
2018-05-07,-6.248,71927564.726,1.413,71927558.478,1.438551,50000000.0
2018-05-08,-6.248,72742762.646,1.439,72742756.398,1.454855,50000000.0
2018-05-09,-6.248,72672837.248,1.455,72672831.0,1.453457,50000000.0
2018-05-10,-6.248,73050788.396,1.453,73050782.148,1.461016,50000000.0
2018-05-11,12884.352,72889092.152,1.461,72901976.504,1.45804,50000000.0
2018-05-14,274.714,73666022.426,1.458,73666297.14,1.473326,50000000.0
2018-05-15,274.714,74154408.59,1.473,74154683.304,1.483094,50000000.0
2018-05-16,274.714,74056878.126,1.483,74057152.84,1.481143,50000000.0
2018-05-17,274.714,73356211.458,1.481,73356486.172,1.46713,50000000.0
2018-05-18,274.714,73696284.138,1.467,73696558.852,1.473931,50000000.0
2018-05-21,365.542,74197349.45,1.474,74197714.992,1.483954,50000000.0
2018-05-22,25787.542,74003061.876,1.484,74028849.418,1.480577,50000000.0
2018-05-23,25787.542,73098974.078,1.481,73124761.62,1.462495,50000000.0
2018-05-24,25787.542,72175982.976,1.462,72201770.518,1.444035,50000000.0
2018-05-25,107438.422,72046635.658,1.444,72154074.08,1.443081,50000000.0
2018-05-28,9.906,72838125.42,1.443,72838135.326,1.456763,50000000.0
2018-05-29,31956.156,72364573.01,1.457,72396529.166,1.447931,50000000.0
2018-05-30,33393.644,71264810.946,1.448,71298204.589,1.425964,50000000.0
2018-05-31,33393.644,73079538.236,1.426,73112931.88,1.462259,50000000.0
2018-06-01,33393.644,72233982.735,1.462,72267376.379,1.445348,50000000.0
2018-06-04,19.342,73248161.113,1.445,73248180.455,1.464964,50000000.0
2018-06-05,7733.742,74281366.264,1.465,74289100.006,1.485782,50000000.0
2018-06-06,57804.322,74169149.727,1.486,74226954.048,1.484539,50000000.0
2018-06-07,142123.96,73801043.405,1.485,73943167.364,1.478863,50000000.0
2018-06-08,142123.96,73106544.108,1.479,73248668.068,1.464973,50000000.0
2018-06-11,191.735,72933731.836,1.465,72933923.571,1.458678,50000000.0
2018-06-12,13677.395,74063522.007,1.459,74077199.402,1.481544,50000000.0
2018-06-13,30739.955,73209264.526,1.482,73240004.481,1.4648,50000000.0
2018-06-14,46813.205,72638147.375,1.465,72684960.58,1.453699,50000000.0
2018-06-15,91640.866,72130645.71,1.454,72222286.576,1.444446,50000000.0
2018-06-19,115.772,70073726.649,1.444,70073842.421,1.401477,50000000.0
2018-06-20,6399.603,70264463.011,1.401,70270862.614,1.405417,50000000.0
2018-06-21,6399.603,69451208.932,1.405,69457608.535,1.389152,50000000.0
2018-06-22,76230.163,69529756.796,1.389,69605986.959,1.39212,50000000.0
2018-06-25,122.263,68833945.22,1.392,68834067.483,1.376681,50000000.0
2018-06-26,122.263,68178940.578,1.377,68179062.842,1.363581,50000000.0
2018-06-27,122.263,66436862.32,1.364,66436984.583,1.32874,50000000.0
2018-06-28,25280.263,65401460.225,1.329,65426740.488,1.308535,50000000.0
2018-06-29,83580.823,67241449.218,1.309,67325030.042,1.346501,50000000.0
2018-07-02,33.129,65497983.84,1.347,65498016.969,1.30996,50000000.0
2018-07-03,33.129,65277243.2,1.31,65277276.33,1.305546,50000000.0
2018-07-04,18736.449,64252215.593,1.306,64270952.042,1.285419,50000000.0
2018-07-05,18736.449,63669654.317,1.285,63688390.766,1.273768,50000000.0
2018-07-06,89386.657,64084647.913,1.274,64174034.57,1.283481,50000000.0
2018-07-09,44.219,66093589.723,1.283,66093633.942,1.321873,50000000.0
2018-07-10,44.219,66302114.079,1.322,66302158.298,1.326043,50000000.0
2018-07-11,72919.219,65184646.496,1.326,65257565.716,1.305151,50000000.0
2018-07-12,192329.179,66608394.703,1.305,66800723.882,1.336014,50000000.0
2018-07-13,362598.417,66913942.609,1.336,67276541.026,1.345531,50000000.0
2018-07-16,68.424,66977270.626,1.346,66977339.051,1.339547,50000000.0
2018-07-17,104805.779,66512910.025,1.34,66617715.804,1.332354,50000000.0
2018-07-18,104805.779,66154796.642,1.332,66259602.421,1.325192,50000000.0
2018-07-19,104805.779,66374827.106,1.325,66479632.886,1.329593,50000000.0
2018-07-20,104805.779,67562768.725,1.33,67667574.505,1.353351,50000000.0
2018-07-23,243.657,67932524.456,1.353,67932768.112,1.358655,50000000.0
2018-07-24,243.657,68654843.17,1.359,68655086.826,1.373102,50000000.0
2018-07-25,243.657,68592280.812,1.373,68592524.469,1.37185,50000000.0
2018-07-26,243.657,67572384.512,1.372,67572628.169,1.351453,50000000.0
2018-07-27,20629.157,67337185.137,1.351,67357814.294,1.347156,50000000.0
2018-07-30,51.668,66938508.948,1.347,66938560.616,1.338771,50000000.0
2018-07-31,51.668,66944784.76,1.339,66944836.428,1.338897,50000000.0
2018-08-01,51.668,65672759.036,1.339,65672810.703,1.313456,50000000.0
2018-08-02,51.668,64198993.514,1.313,64199045.182,1.283981,50000000.0
2018-08-03,51.668,62744974.783,1.284,62745026.451,1.254901,50000000.0
2018-08-06,51.668,61761564.817,1.255,61761616.485,1.235232,50000000.0
2018-08-07,29957.314,63436985.916,1.235,63466943.231,1.269339,50000000.0
2018-08-08,29957.314,62337664.866,1.269,62367622.181,1.247352,50000000.0
2018-08-09,42818.314,64204291.831,1.247,64247110.146,1.284942,50000000.0
2018-08-10,60485.314,64429060.428,1.285,64489545.742,1.289791,50000000.0
2018-08-13,118.108,64219197.882,1.29,64219315.99,1.284386,50000000.0
2018-08-14,118.108,63866855.788,1.284,63866973.896,1.277339,50000000.0
2018-08-15,118.108,62202948.932,1.277,62203067.04,1.244061,50000000.0
2018-08-16,118.108,61747322.338,1.244,61747440.446,1.234949,50000000.0
2018-08-17,2677.681,60924777.602,1.235,60927455.282,1.218549,50000000.0
2018-08-20,3.353,61476478.45,1.219,61476481.803,1.22953,50000000.0
2018-08-21,3.353,62647565.43,1.23,62647568.782,1.252951,50000000.0
2018-08-22,3.353,62147982.949,1.253,62147986.302,1.24296,50000000.0
2018-08-23,543.353,62530354.59,1.243,62530897.942,1.250618,50000000.0
2018-08-24,543.353,62454705.978,1.251,62455249.331,1.249105,50000000.0
2018-08-27,173.625,63980820.709,1.249,63980994.334,1.27962,50000000.0
2018-08-28,173.625,63964642.586,1.28,63964816.211,1.279296,50000000.0
2018-08-29,173.625,63611682.975,1.279,63611856.6,1.272237,50000000.0
2018-08-30,173.625,62906159.758,1.272,62906333.383,1.258127,50000000.0
2018-08-31,173.625,62281816.88,1.258,62281990.505,1.24564,50000000.0
2018-09-03,173.625,62000664.133,1.246,62000837.758,1.240017,50000000.0
2018-09-04,173.625,62774284.936,1.24,62774458.56,1.255489,50000000.0
2018-09-05,173.625,61792089.057,1.255,61792262.682,1.235845,50000000.0
2018-09-06,26830.525,61003237.367,1.236,61030067.892,1.220601,50000000.0
2018-09-07,26830.525,61002506.845,1.221,61029337.369,1.220587,50000000.0
2018-09-10,26107.101,60052058.022,1.221,60078165.123,1.201563,50000000.0
2018-09-11,26107.101,59950894.217,1.202,59977001.318,1.19954,50000000.0
2018-09-12,26107.101,59246059.39,1.2,59272166.491,1.185443,50000000.0
2018-09-13,26107.101,59908841.756,1.185,59934948.856,1.198699,50000000.0
2018-09-14,26107.101,59928262.319,1.199,59954369.419,1.199087,50000000.0
2018-09-17,45.164,59130146.182,1.199,59130191.346,1.182604,50000000.0
2018-09-18,45.164,60199516.892,1.183,60199562.056,1.203991,50000000.0
2018-09-19,45.164,61196255.748,1.204,61196300.912,1.223926,50000000.0
2018-09-20,45.164,61199252.989,1.224,61199298.154,1.223986,50000000.0
2018-09-21,45.164,63339862.729,1.224,63339907.893,1.266798,50000000.0
2018-09-25,45.164,62829035.884,1.267,62829081.048,1.256582,50000000.0
2018-09-26,45.164,63546813.569,1.257,63546858.733,1.270937,50000000.0
2018-09-27,45.164,63261007.837,1.271,63261053.001,1.265221,50000000.0
2018-09-28,45.164,63955567.576,1.265,63955612.74,1.279112,50000000.0
2018-10-08,45.164,61071642.708,1.279,61071687.873,1.221434,50000000.0
2018-10-09,45.164,60753654.463,1.221,60753699.628,1.215074,50000000.0
2018-10-10,45.164,60359424.773,1.215,60359469.937,1.207189,50000000.0
2018-10-11,45.164,57417371.944,1.207,57417417.108,1.148348,50000000.0
2018-10-12,45.164,58294070.318,1.148,58294115.482,1.165882,50000000.0
2018-10-15,45.164,57341472.25,1.166,57341517.414,1.14683,50000000.0
2018-10-16,45.164,56718439.778,1.147,56718484.943,1.13437,50000000.0
2018-10-17,45.164,56756672.171,1.134,56756717.335,1.135134,50000000.0
2018-10-18,45.164,55726322.29,1.135,55726367.454,1.114527,50000000.0
2018-10-19,45.164,57273119.977,1.115,57273165.142,1.145463,50000000.0
2018-10-22,45.164,59685232.167,1.145,59685277.332,1.193706,50000000.0
2018-10-23,45.164,57803954.189,1.194,57803999.353,1.15608,50000000.0
2018-10-24,17083.164,57383550.566,1.156,57400633.73,1.148013,50000000.0
2018-10-25,17083.164,57024860.086,1.148,57041943.25,1.140839,50000000.0
2018-10-26,17083.164,56551831.914,1.141,56568915.078,1.131378,50000000.0
2018-10-29,370.473,54463719.609,1.131,54464090.082,1.089282,50000000.0
2018-10-30,370.473,54653312.398,1.089,54653682.87,1.093074,50000000.0
2018-10-31,370.473,55757236.663,1.093,55757607.136,1.115152,50000000.0
2018-11-01,370.473,56351738.959,1.115,56352109.432,1.127042,50000000.0
2018-11-02,370.473,59020706.475,1.127,59021076.948,1.180422,50000000.0
2018-11-05,370.473,58573317.203,1.18,58573687.676,1.171474,50000000.0
2018-11-06,370.473,58063431.53,1.171,58063802.003,1.161276,50000000.0
2018-11-07,370.473,57918167.987,1.161,57918538.46,1.158371,50000000.0
2018-11-08,370.473,57686605.65,1.158,57686976.123,1.15374,50000000.0
2018-11-09,370.473,56954113.808,1.154,56954484.281,1.13909,50000000.0
2018-11-12,0.745,57760586.854,1.139,57760587.599,1.155212,50000000.0
2018-11-13,0.745,58389076.81,1.155,58389077.555,1.167782,50000000.0
2018-11-14,0.745,57775633.697,1.168,57775634.442,1.155513,50000000.0
2018-11-15,0.745,58362580.177,1.156,58362580.922,1.167252,50000000.0
2018-11-16,0.745,58714543.006,1.167,58714543.751,1.174291,50000000.0
2018-11-19,0.745,59287188.853,1.174,59287189.597,1.185744,50000000.0
2018-11-20,0.745,57619040.725,1.186,57619041.47,1.152381,50000000.0
2018-11-21,0.745,57854851.077,1.152,57854851.822,1.157097,50000000.0
2018-11-22,0.745,57833801.239,1.157,57833801.984,1.156676,50000000.0
2018-11-23,0.745,56503405.439,1.157,56503406.184,1.130068,50000000.0
2018-11-26,0.745,56450344.977,1.13,56450345.722,1.129007,50000000.0
2018-11-27,0.745,56345147.201,1.129,56345147.946,1.126903,50000000.0
2018-11-28,0.745,56957032.433,1.127,56957033.178,1.139141,50000000.0
2018-11-29,0.745,56226390.605,1.139,56226391.35,1.124528,50000000.0
2018-11-30,0.745,56949726.928,1.125,56949727.673,1.138995,50000000.0
2018-12-03,0.745,58898950.59,1.139,58898951.335,1.177979,50000000.0
2018-12-04,0.745,58827797.892,1.178,58827798.637,1.176556,50000000.0
2018-12-05,0.745,58619203.019,1.177,58619203.764,1.172384,50000000.0
2018-12-06,0.745,56947295.539,1.172,56947296.284,1.138946,50000000.0
2018-12-07,33837.145,56826133.101,1.139,56859970.246,1.137199,50000000.0
2018-12-10,30411.367,56058505.944,1.137,56088917.311,1.121778,50000000.0
2018-12-11,30411.367,56404816.999,1.122,56435228.366,1.128705,50000000.0
2018-12-12,30411.367,56644126.882,1.129,56674538.249,1.133491,50000000.0
2018-12-13,30411.367,57688651.103,1.133,57719062.47,1.154381,50000000.0
2018-12-14,30411.367,56996077.137,1.154,57026488.504,1.14053,50000000.0
2018-12-17,29137.855,56757880.007,1.141,56787017.862,1.13574,50000000.0
2018-12-18,29137.855,56350717.691,1.136,56379855.546,1.127597,50000000.0
2018-12-19,29137.855,55715052.659,1.128,55744190.513,1.114884,50000000.0
2018-12-20,29137.855,55405834.56,1.115,55434972.415,1.108699,50000000.0
2018-12-21,29137.855,54634273.892,1.109,54663411.747,1.093268,50000000.0
2018-12-24,27886.387,55057192.722,1.093,55085079.108,1.101702,50000000.0
2018-12-25,27886.387,54958393.64,1.102,54986280.026,1.099726,50000000.0
2018-12-26,27886.387,54714483.999,1.1,54742370.386,1.094847,50000000.0
2018-12-27,27886.387,54403689.561,1.095,54431575.948,1.088632,50000000.0
2018-12-28,27886.387,54491221.927,1.089,54519108.314,1.090382,50000000.0
2019-01-02,25689.051,53478623.134,1.09,53504312.185,1.070086,50000000.0
2019-01-03,25689.051,53027756.079,1.07,53053445.13,1.061069,50000000.0
2019-01-04,25689.051,54316212.975,1.061,54341902.026,1.086838,50000000.0
2019-01-07,24963.623,54641454.977,1.087,54666418.599,1.093328,50000000.0
2019-01-08,24963.623,54422076.619,1.093,54447040.242,1.088941,50000000.0
2019-01-09,24963.623,55113468.29,1.089,55138431.913,1.102769,50000000.0
2019-01-10,24963.623,55030381.922,1.103,55055345.545,1.101107,50000000.0
2019-01-11,24963.623,55400259.664,1.101,55425223.287,1.108504,50000000.0
2019-01-14,24252.223,54720377.346,1.109,54744629.569,1.094893,50000000.0
2019-01-15,24252.223,56106310.024,1.095,56130562.247,1.122611,50000000.0
2019-01-16,24252.223,56106397.008,1.123,56130649.231,1.122613,50000000.0
2019-01-17,24252.223,55908633.747,1.123,55932885.969,1.118658,50000000.0
2019-01-18,24252.223,56793000.648,1.119,56817252.871,1.136345,50000000.0
2019-01-21,23525.793,57204493.307,1.136,57228019.099,1.14456,50000000.0
2019-01-22,23525.793,56374738.696,1.145,56398264.489,1.127965,50000000.0
2019-01-23,23525.793,56490969.126,1.128,56514494.919,1.13029,50000000.0
2019-01-24,23525.793,56837236.605,1.13,56860762.397,1.137215,50000000.0
2019-01-25,23525.793,57228448.332,1.137,57251974.125,1.145039,50000000.0
2019-01-28,81471.72,57004592.824,1.145,57086064.544,1.141721,50000000.0
2019-01-29,81471.72,57038511.034,1.142,57119982.754,1.1424,50000000.0
2019-01-30,81471.72,56713121.469,1.142,56794593.189,1.135892,50000000.0
2019-01-31,81471.72,57370345.109,1.136,57451816.829,1.149036,50000000.0
2019-02-01,81471.72,58436730.931,1.149,58518202.651,1.170364,50000000.0
2019-02-11,57704.48,59710146.857,1.17,59767851.337,1.195357,50000000.0
2019-02-12,57704.48,60388155.209,1.195,60445859.689,1.208917,50000000.0
2019-02-13,57704.48,61505573.474,1.209,61563277.954,1.231266,50000000.0
2019-02-14,57704.48,61735005.11,1.231,61792709.59,1.235854,50000000.0
2019-02-15,57704.48,60464608.604,1.236,60522313.084,1.210446,50000000.0
2019-02-18,47725.682,62479932.944,1.21,62527658.626,1.250553,50000000.0
2019-02-19,47725.682,62246602.078,1.251,62294327.76,1.245887,50000000.0
2019-02-20,47725.682,62412191.457,1.246,62459917.139,1.249198,50000000.0
2019-02-21,47725.682,62526499.712,1.249,62574225.394,1.251485,50000000.0
2019-02-22,47725.682,63741455.189,1.251,63789180.871,1.275784,50000000.0
2019-02-25,55932.348,67241572.788,1.276,67297505.136,1.34595,50000000.0
2019-02-26,55932.348,66498085.707,1.346,66554018.055,1.33108,50000000.0
2019-02-27,55932.348,66188759.074,1.331,66244691.422,1.324894,50000000.0
2019-02-28,55932.348,66106761.589,1.325,66162693.937,1.323254,50000000.0
2019-03-01,55932.348,67184370.208,1.323,67240302.556,1.344806,50000000.0
2019-03-04,46786.202,68023047.183,1.345,68069833.385,1.361397,50000000.0
2019-03-05,46786.202,68347885.96,1.361,68394672.162,1.367893,50000000.0
2019-03-06,46786.202,68817284.13,1.368,68864070.332,1.377281,50000000.0
2019-03-07,46786.202,67682436.031,1.377,67729222.233,1.354584,50000000.0
2019-03-08,46786.202,65311486.743,1.355,65358272.945,1.307165,50000000.0
2019-03-11,2868.911,66634697.039,1.307,66637565.95,1.332751,50000000.0
2019-03-12,2868.911,66899898.095,1.333,66902767.006,1.338055,50000000.0
2019-03-13,2868.911,66079450.375,1.338,66082319.286,1.321646,50000000.0
2019-03-14,2868.911,65922935.509,1.322,65925804.42,1.318516,50000000.0
2019-03-15,2868.911,66716663.347,1.319,66719532.258,1.334391,50000000.0
2019-03-18,2868.911,68827704.693,1.334,68830573.604,1.376611,50000000.0
2019-03-19,2868.911,68488135.028,1.377,68491003.939,1.36982,50000000.0
2019-03-20,2868.911,68663046.142,1.37,68665915.053,1.373318,50000000.0
2019-03-21,2868.911,68555095.206,1.373,68557964.117,1.371159,50000000.0
2019-03-22,2868.911,68653372.159,1.371,68656241.07,1.373125,50000000.0
2019-03-25,2868.911,66996514.906,1.373,66999383.818,1.339988,50000000.0
2019-03-26,2868.911,66091968.724,1.34,66094837.635,1.321897,50000000.0
2019-03-27,2868.911,66919899.687,1.322,66922768.598,1.338455,50000000.0
2019-03-28,6075.385,66733085.211,1.338,66739160.596,1.334783,50000000.0
2019-03-29,6075.385,69054867.789,1.335,69060943.174,1.381219,50000000.0
2019-04-01,6075.385,70901167.206,1.381,70907242.591,1.418145,50000000.0
2019-04-02,6075.385,70740474.357,1.418,70746549.742,1.414931,50000000.0
2019-04-03,6075.385,71509678.0,1.415,71515753.384,1.430315,50000000.0
2019-04-04,6075.385,72205440.634,1.43,72211516.018,1.44423,50000000.0
2019-04-08,20.883,71887245.161,1.444,71887266.044,1.437745,50000000.0
2019-04-09,20.883,72559842.467,1.438,72559863.35,1.451197,50000000.0
2019-04-10,20.883,73072513.631,1.451,73072534.514,1.461451,50000000.0
2019-04-11,20.883,71497735.804,1.461,71497756.687,1.429955,50000000.0
2019-04-12,20.883,71198444.785,1.43,71198465.668,1.423969,50000000.0
2019-04-15,20.883,70982350.013,1.424,70982370.896,1.419647,50000000.0
2019-04-16,26100.883,72726621.875,1.42,72752722.758,1.455054,50000000.0
2019-04-17,26100.883,72904777.187,1.455,72930878.07,1.458618,50000000.0
2019-04-18,26100.883,72489632.31,1.459,72515733.193,1.450315,50000000.0
2019-04-19,32676.183,73526929.698,1.45,73559605.881,1.471192,50000000.0
2019-04-22,83263.829,71693691.515,1.471,71776955.344,1.435539,50000000.0
2019-04-23,83263.829,71657894.313,1.436,71741158.142,1.434823,50000000.0
2019-04-24,83263.829,71662659.943,1.435,71745923.772,1.434918,50000000.0
2019-04-25,83263.829,70020078.886,1.435,70103342.715,1.402067,50000000.0
2019-04-26,83263.829,68785123.553,1.402,68868387.382,1.377368,50000000.0
2019-04-29,76193.369,69099608.999,1.377,69175802.368,1.383516,50000000.0
2019-04-30,76193.369,69076641.15,1.384,69152834.52,1.383057,50000000.0
2019-05-06,62626.656,65084081.185,1.383,65146707.841,1.302934,50000000.0
2019-05-07,88691.716,66063218.786,1.303,66151910.502,1.323038,50000000.0
2019-05-08,88691.716,65059275.17,1.323,65147966.886,1.302959,50000000.0
2019-05-09,88691.716,63666803.78,1.303,63755495.496,1.27511,50000000.0
2019-05-10,88691.716,66022755.513,1.275,66111447.229,1.322229,50000000.0
2019-05-13,324.313,64789372.231,1.322,64789696.544,1.295794,50000000.0
2019-05-14,324.313,64270444.012,1.296,64270768.325,1.285415,50000000.0
2019-05-15,22309.813,65816248.046,1.285,65838557.86,1.316771,50000000.0
2019-05-16,22309.813,66063080.183,1.317,66085389.996,1.321708,50000000.0
2019-05-17,22309.813,64583564.881,1.322,64605874.694,1.292117,50000000.0
2019-05-20,167.954,63640373.525,1.292,63640541.478,1.272811,50000000.0
2019-05-21,167.954,64627548.322,1.273,64627716.276,1.292554,50000000.0
2019-05-22,167.954,64347196.125,1.293,64347364.079,1.286947,50000000.0
2019-05-23,44232.854,62919303.994,1.287,62963536.847,1.259271,50000000.0
2019-05-24,75519.254,63086115.384,1.259,63161634.637,1.263233,50000000.0
2019-05-27,18.142,63740919.455,1.263,63740937.597,1.274819,50000000.0
2019-05-28,18.142,64502955.86,1.275,64502974.002,1.290059,50000000.0
2019-05-29,33314.392,64420090.456,1.29,64453404.848,1.289068,50000000.0
2019-05-30,109292.701,64132596.755,1.289,64241889.456,1.284838,50000000.0
2019-05-31,155601.301,63940236.065,1.285,64095837.366,1.281917,50000000.0
2019-06-03,82956.406,64301275.731,1.282,64384232.136,1.287685,50000000.0
2019-06-04,82956.406,63447159.591,1.288,63530115.997,1.270602,50000000.0
2019-06-05,108757.954,63475348.772,1.271,63584106.726,1.271682,50000000.0
2019-06-06,133025.454,62753121.365,1.272,62886146.819,1.257723,50000000.0
2019-06-10,108.153,64081957.514,1.258,64082065.667,1.281641,50000000.0
2019-06-11,10310.013,65967935.352,1.282,65978245.364,1.319565,50000000.0
2019-06-12,10310.013,65480244.327,1.32,65490554.34,1.309811,50000000.0
2019-06-13,19070.133,65167628.412,1.31,65186698.544,1.303734,50000000.0
2019-06-14,19070.133,64604668.37,1.304,64623738.502,1.292475,50000000.0
2019-06-17,82.084,64529659.253,1.292,64529741.337,1.290595,50000000.0
2019-06-18,82.084,64742809.096,1.291,64742891.18,1.294858,50000000.0
2019-06-19,89085.124,65625965.956,1.295,65715051.081,1.314301,50000000.0
2019-06-20,89085.124,67525571.437,1.314,67614656.561,1.352293,50000000.0
2019-06-21,128832.634,67384588.838,1.352,67513421.472,1.350268,50000000.0
2019-06-24,84976.746,67614665.558,1.35,67699642.304,1.353993,50000000.0
2019-06-25,98446.65,66848221.819,1.354,66946668.469,1.338933,50000000.0
2019-06-26,98446.65,67001256.658,1.339,67099703.308,1.341994,50000000.0
2019-06-27,126350.65,67934302.423,1.342,68060653.073,1.361213,50000000.0
2019-06-28,145818.358,67734726.519,1.361,67880544.877,1.357611,50000000.0
2019-07-01,5226.059,70152474.511,1.358,70157700.57,1.403154,50000000.0
2019-07-02,5226.059,70514747.567,1.403,70519973.627,1.410399,50000000.0
2019-07-03,96415.009,69702356.398,1.41,69798771.406,1.395975,50000000.0
2019-07-04,96415.009,69209910.999,1.396,69306326.008,1.386127,50000000.0
2019-07-05,96664.092,69728535.205,1.386,69825199.296,1.396504,50000000.0
2019-07-08,62053.523,68045131.683,1.397,68107185.205,1.362144,50000000.0
2019-07-09,62053.523,68165684.015,1.362,68227737.538,1.364555,50000000.0
2019-07-10,112908.323,68001009.189,1.365,68113917.512,1.362278,50000000.0
2019-07-11,130370.905,68037077.303,1.362,68167448.208,1.363349,50000000.0
2019-07-12,258823.825,68399835.671,1.363,68658659.496,1.373173,50000000.0
2019-07-15,98476.179,68338825.499,1.373,68437301.678,1.368746,50000000.0
2019-07-16,98476.179,67694319.475,1.369,67792795.655,1.355856,50000000.0
2019-07-17,98476.179,67573511.622,1.356,67671987.802,1.35344,50000000.0
2019-07-18,149334.739,66678513.485,1.353,66827848.224,1.336557,50000000.0
2019-07-19,270300.739,67085463.463,1.337,67355764.202,1.347115,50000000.0
2019-07-22,82453.597,67252373.564,1.347,67334827.161,1.346697,50000000.0
2019-07-23,84340.597,67452944.51,1.347,67537285.107,1.350746,50000000.0
2019-07-24,84340.597,67909116.511,1.351,67993457.108,1.359869,50000000.0
2019-07-25,84340.597,68506887.216,1.36,68591227.813,1.371825,50000000.0
2019-07-26,89939.173,68746734.349,1.372,68836673.522,1.376733,50000000.0
2019-07-29,61769.165,68747555.33,1.377,68809324.495,1.376186,50000000.0
2019-07-30,104653.715,68998816.827,1.376,69103470.543,1.382069,50000000.0
2019-07-31,104653.715,68320062.593,1.382,68424716.308,1.368494,50000000.0
2019-08-01,104653.715,67789410.078,1.368,67894063.793,1.357881,50000000.0
2019-08-02,104653.715,66650165.966,1.358,66754819.681,1.335096,50000000.0
2019-08-05,321.35,65362686.633,1.335,65363007.983,1.30726,50000000.0
2019-08-06,53982.35,64619122.634,1.307,64673104.984,1.293462,50000000.0
2019-08-07,53982.35,64520353.684,1.293,64574336.034,1.291487,50000000.0
2019-08-08,88867.889,65307883.225,1.291,65396751.114,1.307935,50000000.0
2019-08-09,118724.639,64501194.646,1.308,64619919.285,1.292398,50000000.0
2019-08-12,4805.324,65706315.686,1.292,65711121.01,1.314222,50000000.0
2019-08-13,4805.324,65048783.453,1.314,65053588.777,1.301072,50000000.0
2019-08-14,4805.324,65385883.751,1.301,65390689.075,1.307814,50000000.0
2019-08-15,23895.33,65554243.69,1.308,65578139.021,1.311563,50000000.0
2019-08-16,23895.33,66157999.814,1.312,66181895.144,1.323638,50000000.0
2019-08-19,17828.851,67655729.857,1.324,67673558.708,1.353471,50000000.0
2019-08-20,17828.851,67548376.507,1.353,67566205.358,1.351324,50000000.0
2019-08-21,17828.851,67307709.209,1.351,67325538.06,1.346511,50000000.0
2019-08-22,17828.851,67572946.574,1.347,67590775.425,1.351816,50000000.0
2019-08-23,17828.851,67969732.393,1.352,67987561.244,1.359751,50000000.0
2019-08-26,58405.973,67038080.962,1.36,67096486.936,1.34193,50000000.0
2019-08-27,58405.973,68110880.453,1.342,68169286.426,1.363386,50000000.0
2019-08-28,60189.437,67857633.721,1.363,67917823.159,1.358356,50000000.0
2019-08-29,60189.437,67301521.396,1.358,67361710.834,1.347234,50000000.0
2019-08-30,60189.437,67581721.766,1.347,67641911.204,1.352838,50000000.0
2019-09-02,3253.596,68366387.45,1.353,68369641.045,1.367393,50000000.0
2019-09-03,3253.596,68628942.126,1.367,68632195.721,1.372644,50000000.0
2019-09-04,31848.096,68988690.27,1.373,69020538.366,1.380411,50000000.0
2019-09-05,31848.096,69577663.284,1.38,69609511.379,1.39219,50000000.0
2019-09-06,31848.096,70363509.191,1.392,70395357.286,1.407907,50000000.0
2019-09-09,30573.582,71025391.279,1.408,71055964.861,1.421119,50000000.0
2019-09-10,30573.582,70786873.001,1.421,70817446.582,1.416349,50000000.0
2019-09-11,30573.582,70097922.656,1.416,70128496.238,1.40257,50000000.0
2019-09-12,30573.582,70815866.699,1.403,70846440.28,1.416929,50000000.0
2019-09-16,29294.058,70516003.072,1.417,70545297.13,1.410906,50000000.0
2019-09-17,29294.058,69331786.033,1.411,69361080.091,1.387222,50000000.0
2019-09-18,29294.058,69839080.371,1.387,69868374.429,1.397367,50000000.0
2019-09-19,29294.058,70226162.302,1.397,70255456.359,1.405109,50000000.0
2019-09-20,29294.058,70491557.294,1.405,70520851.352,1.410417,50000000.0
2019-09-23,27087.704,69618271.606,1.41,69645359.31,1.392907,50000000.0
2019-09-24,29547.794,69787416.842,1.393,69816964.635,1.396339,50000000.0
2019-09-25,29547.794,69148477.366,1.396,69178025.159,1.383561,50000000.0
2019-09-26,29547.794,68834002.359,1.384,68863550.153,1.377271,50000000.0
2019-09-27,29547.794,68780758.859,1.377,68810306.653,1.376206,50000000.0
2019-09-30,27924.594,68077735.484,1.376,68105660.078,1.362113,50000000.0
2019-10-08,26681.142,68591416.237,1.362,68618097.378,1.372362,50000000.0
2019-10-09,26681.142,68510673.12,1.372,68537354.261,1.370747,50000000.0
2019-10-10,26681.142,68894168.072,1.371,68920849.213,1.378417,50000000.0
2019-10-11,26681.142,69360798.511,1.378,69387479.653,1.38775,50000000.0
2019-10-14,53785.921,70202952.587,1.388,70256738.507,1.405135,50000000.0
2019-10-15,53785.921,69654760.648,1.405,69708546.569,1.394171,50000000.0
2019-10-16,53785.921,69521728.124,1.394,69575514.045,1.39151,50000000.0
2019-10-17,53785.921,69558241.364,1.392,69612027.284,1.392241,50000000.0
2019-10-18,53785.921,68689370.067,1.392,68743155.988,1.374863,50000000.0
2019-10-21,42989.511,68912164.298,1.375,68955153.809,1.379103,50000000.0
2019-10-22,42989.511,69090450.246,1.379,69133439.757,1.382669,50000000.0
2019-10-23,42989.511,68651434.638,1.383,68694424.149,1.373888,50000000.0
2019-10-24,42989.511,68540075.261,1.374,68583064.772,1.371661,50000000.0
2019-10-25,42989.511,69094121.295,1.372,69137110.805,1.382742,50000000.0
2019-10-28,37203.051,69680020.29,1.383,69717223.341,1.394344,50000000.0
2019-10-29,37203.051,69686996.59,1.394,69724199.641,1.394484,50000000.0
2019-10-30,37203.051,69085655.017,1.394,69122858.068,1.382457,50000000.0
2019-10-31,37203.051,69394152.134,1.382,69431355.184,1.388627,50000000.0
2019-11-01,37203.051,70796059.27,1.389,70833262.321,1.416665,50000000.0
2019-11-04,56492.648,71454321.443,1.417,71510814.092,1.430216,50000000.0
2019-11-05,56492.648,71835278.924,1.43,71891771.572,1.437835,50000000.0
2019-11-06,56492.648,71709621.744,1.438,71766114.392,1.435322,50000000.0
2019-11-07,56492.648,71870538.956,1.435,71927031.604,1.438541,50000000.0
2019-11-08,56492.648,71592503.591,1.439,71648996.239,1.43298,50000000.0
2019-11-11,46173.18,70278025.279,1.433,70324198.459,1.406484,50000000.0
2019-11-12,46173.18,70413759.418,1.406,70459932.598,1.409199,50000000.0
2019-11-13,46173.18,70438106.075,1.409,70484279.256,1.409686,50000000.0
2019-11-14,46173.18,70508815.301,1.41,70554988.481,1.4111,50000000.0
2019-11-15,46173.18,69974605.492,1.411,70020778.672,1.400416,50000000.0
2019-11-18,37571.528,70528934.666,1.4,70566506.194,1.41133,50000000.0
2019-11-19,37571.528,71287366.801,1.411,71324938.329,1.426499,50000000.0
2019-11-20,37571.528,70511724.365,1.426,70549295.893,1.410986,50000000.0
2019-11-21,37571.528,70199018.518,1.411,70236590.046,1.404732,50000000.0
2019-11-22,37571.528,69207216.441,1.405,69244787.969,1.384896,50000000.0
2019-11-25,34182.834,69733207.163,1.385,69767389.996,1.395348,50000000.0
2019-11-26,34182.834,69913744.381,1.395,69947927.215,1.398959,50000000.0
2019-11-27,34182.834,69663555.424,1.399,69697738.258,1.393955,50000000.0
2019-11-28,34182.834,69363512.667,1.394,69397695.501,1.387954,50000000.0
2019-11-29,34182.834,68788630.273,1.388,68822813.107,1.376456,50000000.0
2019-12-02,30845.242,68760213.789,1.376,68791059.03,1.375821,50000000.0
2019-12-03,30845.242,69090651.34,1.376,69121496.582,1.38243,50000000.0
2019-12-04,30845.242,69074007.754,1.382,69104852.995,1.382097,50000000.0
2019-12-05,30845.242,69679115.12,1.382,69709960.361,1.394199,50000000.0
2019-12-06,30845.242,69982105.935,1.394,70012951.176,1.400259,50000000.0
2019-12-09,28111.846,69570026.596,1.4,69598138.441,1.391963,50000000.0
2019-12-10,28111.846,69794981.671,1.392,69823093.517,1.396462,50000000.0
2019-12-11,28111.846,70039540.686,1.396,70067652.531,1.401353,50000000.0
2019-12-12,28111.846,69935339.67,1.401,69963451.516,1.399269,50000000.0
2019-12-13,28111.846,71339330.273,1.399,71367442.118,1.427349,50000000.0
2019-12-16,26515.7,71582419.822,1.427,71608935.521,1.432179,50000000.0
2019-12-17,26515.7,72362383.18,1.432,72388898.879,1.447778,50000000.0
2019-12-18,26515.7,72319569.982,1.448,72346085.682,1.446922,50000000.0
2019-12-19,26515.7,72401620.183,1.447,72428135.883,1.448563,50000000.0
2019-12-20,26515.7,72223546.763,1.449,72250062.463,1.445001,50000000.0
2019-12-23,321.384,71433190.353,1.445,71433511.737,1.42867,50000000.0
2019-12-24,321.384,72029944.395,1.429,72030265.779,1.440605,50000000.0
2019-12-25,321.384,72070545.893,1.441,72070867.277,1.441417,50000000.0
2019-12-26,321.384,72483072.445,1.441,72483393.83,1.449668,50000000.0
2019-12-27,321.384,72436630.282,1.45,72436951.666,1.448739,50000000.0
2019-12-30,321.384,73439766.723,1.449,73440088.107,1.468802,50000000.0
2019-12-31,321.384,73926664.967,1.469,73926986.351,1.47854,50000000.0
