date,医药生物,综合,化工,建筑材料,有色金属,采掘,钢铁,电气设备,轻工制造,食品饮料,公用事业,银行,交通运输,休闲服务,家用电器,纺织服装,建筑装饰,计算机,国防军工,房地产,传媒,汽车,机械设备,非银金融,通信,商业贸易,电子,农林牧渔
2017-01-03,13,0,3,2,3,1,0,5,0,11,4,5,2,2,4,0,3,6,1,6,4,7,3,6,5,2,6,3
2017-01-04,13,0,3,2,3,1,0,5,0,11,4,5,2,2,4,0,3,6,1,6,4,7,3,6,5,2,6,3
2017-01-05,13,0,3,2,3,1,0,5,0,11,4,5,2,2,4,0,3,6,1,6,4,7,3,6,5,2,6,3
2017-01-06,13,0,3,2,3,1,0,5,0,11,4,5,2,2,4,0,3,6,1,6,4,7,3,6,5,2,6,3
2017-01-09,13,0,3,2,3,1,0,5,0,11,4,5,2,2,4,0,3,6,1,6,4,7,3,6,5,2,6,3
2017-01-10,13,0,3,2,3,1,0,5,0,11,4,5,2,2,4,0,3,6,1,6,4,7,3,6,5,2,6,3
2017-01-11,13,0,3,2,3,1,0,5,0,11,4,5,2,2,4,0,3,6,1,6,4,7,3,6,5,2,6,3
2017-01-12,13,0,3,2,3,1,0,5,0,11,4,5,2,2,4,0,3,6,1,6,4,7,3,6,5,2,6,3
2017-01-13,13,0,3,2,3,1,0,5,0,11,4,5,2,2,4,0,3,6,1,6,4,7,3,6,5,2,6,3
2017-01-16,13,0,3,2,3,1,0,5,0,11,4,5,2,2,4,0,3,6,1,6,4,7,3,6,5,2,6,3
2017-01-17,13,0,3,2,3,1,0,5,0,11,4,5,2,2,4,0,3,6,1,6,4,7,3,6,5,2,6,3
2017-01-18,13,0,3,2,3,1,0,5,0,11,4,5,2,2,4,0,3,6,1,6,4,7,3,6,5,2,6,3
2017-01-19,13,0,3,2,3,1,0,5,0,11,4,5,2,2,4,0,3,6,1,6,4,7,3,6,5,2,6,3
2017-01-20,13,0,3,2,3,1,0,5,0,11,4,5,2,2,4,0,3,6,1,6,4,7,3,6,5,2,6,3
2017-01-23,13,0,3,2,3,1,0,5,0,11,4,5,2,2,4,0,3,6,1,6,4,7,3,6,5,2,6,3
2017-01-24,13,0,3,2,3,1,0,5,0,11,4,5,2,2,4,0,3,6,1,6,4,7,3,6,5,2,6,3
2017-01-25,13,0,3,2,3,1,0,5,0,11,4,5,2,2,4,0,3,6,1,6,4,7,3,6,5,2,6,3
2017-01-26,13,0,3,2,3,1,0,5,0,11,4,5,2,2,4,0,3,6,1,6,4,7,3,6,5,2,6,3
2017-02-03,13,0,3,2,3,1,0,5,0,11,4,5,2,2,4,0,3,6,1,6,4,7,3,6,5,2,6,3
2017-02-06,13,0,3,2,3,1,0,5,0,11,4,5,2,2,4,0,3,6,1,6,4,7,3,6,5,2,6,3
2017-02-07,13,0,3,2,3,1,0,5,0,11,4,5,2,2,4,0,3,6,1,6,4,7,3,6,5,2,6,3
2017-02-08,13,0,3,2,3,1,0,5,0,11,4,5,2,2,4,0,3,6,1,6,4,7,3,6,5,2,6,3
2017-02-09,13,0,3,2,3,1,0,5,0,11,4,5,2,2,4,0,3,6,1,6,4,7,3,6,5,2,6,3
2017-02-10,13,0,3,2,3,1,0,5,0,11,4,5,2,2,4,0,3,6,1,6,4,7,3,6,5,2,6,3
2017-02-13,13,0,3,2,3,1,0,5,0,11,4,5,2,2,4,0,3,6,1,6,4,7,3,6,5,2,6,3
2017-02-14,13,0,3,2,3,1,0,5,0,11,4,5,2,2,4,0,3,6,1,6,4,7,3,6,5,2,6,3
2017-02-15,13,0,3,2,3,1,0,5,0,11,4,5,2,2,4,0,3,6,1,6,4,7,3,6,5,2,6,3
2017-02-16,13,0,3,2,3,1,0,5,0,11,4,5,2,2,4,0,3,6,1,6,4,7,3,6,5,2,6,3
2017-02-17,13,0,3,2,3,1,0,5,0,11,4,5,2,2,4,0,3,6,1,6,4,7,3,6,5,2,6,3
2017-02-20,13,0,3,2,3,1,0,5,0,11,4,5,2,2,4,0,3,6,1,6,4,7,3,6,5,2,6,3
2017-02-21,13,0,3,2,3,1,0,5,0,11,4,5,2,2,4,0,3,6,1,6,4,7,3,6,5,2,6,3
2017-02-22,13,0,3,2,3,1,0,5,0,11,4,5,2,2,4,0,3,6,1,6,4,7,3,6,5,2,6,3
2017-02-23,13,0,3,2,3,1,0,5,0,11,4,5,2,2,4,0,3,6,1,6,4,7,3,6,5,2,6,3
2017-02-24,13,0,3,2,3,1,0,5,0,11,4,5,2,2,4,0,3,6,1,6,4,7,3,6,5,2,6,3
2017-02-27,13,0,3,2,3,1,0,5,0,11,4,5,2,2,4,0,3,6,1,6,4,7,3,6,5,2,6,3
2017-02-28,13,0,3,2,3,1,0,5,0,11,4,5,2,2,4,0,3,6,1,6,4,7,3,6,5,2,6,3
2017-03-01,13,0,3,2,3,1,0,5,0,11,4,5,2,2,4,0,3,6,1,6,4,7,3,6,5,2,6,3
2017-03-02,13,0,3,2,3,1,0,5,0,11,4,5,2,2,4,0,3,6,1,6,4,7,3,6,5,2,6,3
2017-03-03,13,0,3,2,3,1,0,5,0,11,4,5,2,2,4,0,3,6,1,6,4,7,3,6,5,2,6,3
2017-03-06,13,0,3,2,3,1,0,5,0,11,4,5,2,2,4,0,3,6,1,6,4,7,3,6,5,2,6,3
2017-03-07,13,0,3,2,3,1,0,5,0,11,4,5,2,2,4,0,3,6,1,6,4,7,3,6,5,2,6,3
2017-03-08,13,0,3,2,3,1,0,5,0,11,4,5,2,2,4,0,3,6,1,6,4,7,3,6,5,2,6,3
2017-03-09,13,0,3,2,3,1,0,5,0,11,4,5,2,2,4,0,3,6,1,6,4,7,3,6,5,2,6,3
2017-03-10,13,0,3,2,3,1,0,5,0,11,4,5,2,2,4,0,3,6,1,6,4,7,3,6,5,2,6,3
2017-03-13,13,0,3,2,3,1,0,5,0,11,4,5,2,2,4,0,3,6,1,6,4,7,3,6,5,2,6,3
2017-03-14,13,0,3,2,3,1,0,5,0,11,4,5,2,2,4,0,3,6,1,6,4,7,3,6,5,2,6,3
2017-03-15,13,0,3,2,3,1,0,5,0,11,4,5,2,2,4,0,3,6,1,6,4,7,3,6,5,2,6,3
2017-03-16,13,0,3,2,3,1,0,5,0,11,4,5,2,2,4,0,3,6,1,6,4,7,3,6,5,2,6,3
2017-03-17,13,0,3,2,3,1,0,5,0,11,4,5,2,2,4,0,3,6,1,6,4,7,3,6,5,2,6,3
2017-03-20,13,0,3,2,3,1,0,5,0,11,4,5,2,2,4,0,3,6,1,6,4,7,3,6,5,2,6,3
2017-03-21,13,0,2,2,3,1,0,5,0,11,4,5,2,2,4,0,3,6,1,6,4,7,3,6,5,2,6,3
2017-03-22,13,0,2,2,3,1,0,5,0,11,4,5,2,2,4,0,3,6,1,6,4,7,3,6,5,2,6,3
2017-03-23,13,0,2,2,3,1,0,5,0,11,4,5,2,2,4,0,3,6,1,6,4,7,3,6,5,2,6,3
2017-03-24,13,0,2,2,3,1,0,5,0,11,4,5,2,2,4,0,3,6,1,6,4,7,3,6,5,2,6,3
2017-03-27,13,0,2,2,3,1,0,5,0,11,4,5,2,2,4,0,3,6,1,6,4,7,3,6,5,2,6,3
2017-03-28,13,0,2,2,3,1,0,5,0,11,4,5,2,2,4,0,3,6,1,6,4,7,3,6,5,2,6,3
2017-03-29,13,0,2,2,3,1,0,5,0,11,4,5,2,2,4,0,3,6,1,6,4,7,3,6,5,2,6,3
2017-03-30,13,0,2,2,3,1,0,5,0,11,4,5,2,2,4,0,3,6,1,6,4,7,3,6,5,2,6,3
2017-03-31,13,0,2,2,3,1,0,5,0,11,4,5,2,2,4,0,3,6,1,6,4,7,3,6,5,2,6,3
2017-04-05,13,0,2,2,3,1,0,5,0,11,4,5,2,2,4,0,3,6,1,6,4,7,3,6,5,2,6,3
2017-04-06,13,0,2,2,3,1,0,5,0,11,4,5,2,2,4,0,3,6,1,6,4,7,3,6,5,2,6,3
2017-04-07,13,0,2,2,3,1,0,5,0,11,4,5,2,2,4,0,3,6,1,6,4,7,3,6,5,2,6,3
2017-04-10,14,0,2,2,3,1,0,5,0,11,4,5,2,2,4,0,3,6,1,6,4,7,3,6,5,2,6,3
2017-04-11,14,0,2,2,3,1,0,5,0,11,4,5,2,2,4,0,3,6,1,6,4,7,3,6,5,2,6,3
2017-04-12,14,0,2,2,3,1,0,5,0,11,4,5,2,2,4,0,3,6,1,6,4,7,3,6,5,2,6,3
2017-04-13,14,0,2,2,3,1,0,5,0,11,4,5,2,2,4,0,3,6,1,6,4,7,3,6,5,2,6,3
2017-04-14,14,0,2,2,3,1,0,5,0,11,4,5,2,2,4,0,3,6,1,6,4,7,3,6,5,2,6,3
2017-04-17,14,0,2,2,3,1,0,5,0,11,4,5,2,2,4,0,3,6,1,6,4,7,3,6,5,2,6,3
2017-04-18,14,0,2,2,3,1,0,5,0,11,4,5,2,2,4,0,3,6,1,6,4,7,3,6,5,2,6,3
2017-04-19,14,0,2,2,3,1,0,5,0,11,4,5,2,2,4,0,3,6,1,6,4,7,3,6,5,2,6,3
2017-04-20,14,0,2,2,3,1,0,5,0,11,4,5,2,2,4,0,3,6,1,6,4,7,3,6,5,2,6,3
2017-04-21,14,0,2,2,3,1,0,5,0,11,4,5,2,2,4,0,3,6,1,6,4,7,3,6,5,2,6,3
2017-04-24,14,0,2,2,3,1,0,5,0,11,4,5,2,2,4,0,3,6,1,6,4,7,3,6,5,2,6,3
2017-04-25,14,0,2,2,3,1,0,5,0,11,4,5,2,2,4,0,3,6,1,6,4,7,3,6,5,2,6,3
2017-04-26,14,0,2,2,3,1,0,5,0,11,4,5,2,2,4,0,3,6,1,6,4,7,3,6,5,2,6,3
2017-04-27,14,0,2,2,3,1,0,5,0,11,4,5,2,2,4,0,3,6,1,6,4,7,3,6,5,2,6,3
2017-04-28,14,0,2,2,3,1,0,5,0,11,4,5,2,2,4,0,3,6,1,6,4,7,3,6,5,2,6,3
2017-05-02,14,0,3,2,3,1,0,5,0,11,4,5,2,2,4,0,3,6,1,6,4,7,3,6,5,2,6,3
2017-05-03,14,0,3,2,3,1,0,5,0,11,4,5,2,2,4,0,3,6,1,6,4,7,3,6,5,2,6,3
2017-05-04,14,0,3,2,3,1,0,5,0,11,4,5,2,2,4,0,3,6,1,6,4,7,3,6,5,2,6,3
2017-05-05,14,0,3,2,3,1,0,5,0,11,4,5,2,2,4,0,3,6,1,6,4,7,3,6,5,2,6,3
2017-05-08,14,0,3,2,3,1,0,5,0,11,4,5,2,2,4,0,3,6,1,6,4,7,3,6,5,2,6,3
2017-05-09,14,0,3,2,3,1,0,5,0,11,4,5,2,2,4,0,3,6,1,6,4,7,3,6,5,2,6,3
2017-05-10,14,0,3,2,3,1,0,5,0,11,4,5,2,2,4,0,3,6,1,6,4,7,3,6,5,2,6,3
2017-05-11,14,0,3,2,3,1,0,5,0,11,4,5,2,2,4,0,3,6,1,6,4,7,3,6,5,2,6,3
2017-05-12,14,0,3,2,3,1,0,5,0,11,4,5,2,2,4,0,3,6,1,6,4,7,3,6,5,2,6,3
2017-05-15,14,0,3,2,3,1,0,5,0,11,4,5,2,2,4,0,3,6,1,6,4,7,3,6,5,2,6,3
2017-05-16,14,0,3,2,3,1,0,5,0,11,4,5,2,2,4,0,3,6,1,6,4,7,3,6,5,2,6,3
2017-05-17,14,0,3,2,3,1,0,5,0,11,4,5,2,2,4,0,3,6,1,6,4,7,3,6,5,2,6,3
2017-05-18,14,0,3,2,3,1,0,5,0,11,4,5,2,2,4,0,3,6,1,6,4,7,3,6,5,2,6,3
2017-05-19,14,0,3,2,3,1,0,5,0,11,4,5,2,2,4,0,3,6,1,6,4,7,3,6,5,2,6,3
2017-05-22,14,0,3,2,3,1,0,5,0,11,4,5,2,2,4,0,3,6,1,6,4,7,3,6,5,2,6,3
2017-05-23,14,0,3,2,3,1,0,5,0,11,4,5,2,2,4,0,3,6,1,6,4,7,3,6,5,2,6,3
2017-05-24,14,0,3,2,3,1,0,5,0,11,4,5,2,2,4,0,3,6,1,6,4,7,3,6,5,2,6,3
2017-05-25,14,0,3,2,3,1,0,5,0,11,4,5,2,2,4,0,3,6,1,6,4,7,3,6,5,2,6,3
2017-05-26,14,0,3,2,3,1,0,5,0,11,4,5,2,2,4,0,3,6,1,6,4,7,3,6,5,2,6,3
2017-05-31,14,0,3,2,3,1,0,5,0,11,4,5,2,2,4,0,3,6,1,6,4,7,3,6,5,2,6,3
2017-06-01,14,0,3,2,3,1,0,5,0,11,4,5,2,2,4,0,3,6,1,6,4,7,3,6,5,2,6,3
2017-06-02,14,0,3,2,3,1,0,5,0,11,4,5,2,2,4,0,3,6,1,6,4,7,3,6,5,2,6,3
2017-06-05,14,0,3,2,3,1,0,5,0,11,4,5,2,2,4,0,3,6,1,6,4,7,3,6,5,2,6,3
2017-06-06,14,0,3,2,3,1,0,5,0,11,4,5,2,2,4,0,3,6,1,6,4,7,3,6,5,2,6,3
2017-06-07,14,0,3,2,3,1,0,5,0,11,4,5,2,2,4,0,3,6,1,6,4,7,3,6,5,2,6,3
2017-06-08,14,0,3,2,3,1,0,5,0,11,4,5,2,2,4,0,3,6,1,6,4,7,3,6,5,2,6,3
2017-06-09,14,0,3,2,3,1,0,5,0,11,4,5,2,2,4,0,3,6,1,6,4,7,3,6,5,2,6,3
2017-06-12,14,0,3,2,3,1,0,5,0,11,4,5,2,2,4,0,3,6,1,6,4,7,3,6,5,2,6,3
2017-06-13,14,0,3,2,3,1,0,5,0,11,4,5,2,2,4,0,3,6,1,5,4,7,3,6,5,2,6,3
2017-06-14,14,0,3,2,3,1,0,5,0,11,4,5,2,2,4,0,3,6,1,5,4,7,3,6,5,2,6,3
2017-06-15,14,0,3,2,3,1,0,5,0,11,4,5,2,2,4,0,3,6,1,5,4,7,3,6,5,2,6,3
2017-06-16,14,0,3,2,3,1,0,5,0,11,4,5,2,2,4,0,3,6,1,5,4,7,3,6,5,2,6,3
2017-06-19,14,0,3,2,3,1,0,5,0,11,4,5,2,2,4,0,3,6,1,5,4,7,3,6,5,2,6,3
2017-06-20,14,0,3,2,3,1,0,5,0,11,4,5,2,2,4,0,3,6,1,5,4,7,3,6,5,2,6,3
2017-06-21,14,0,3,2,3,1,0,5,0,11,4,5,2,2,4,0,3,6,1,5,4,7,3,6,5,2,6,3
2017-06-22,14,0,3,2,3,1,0,5,0,11,4,5,2,2,4,0,3,6,1,5,4,7,3,6,5,2,6,3
2017-06-23,14,0,3,2,3,1,0,5,0,11,4,5,2,2,4,0,3,6,1,5,4,7,3,6,5,2,6,3
2017-06-26,14,0,3,2,3,1,0,5,0,11,4,5,2,2,4,0,3,6,1,5,4,7,3,6,5,2,6,3
2017-06-27,14,0,3,2,3,1,0,5,0,11,4,5,2,2,4,0,3,6,1,5,4,7,3,6,5,2,6,3
2017-06-28,14,0,3,2,3,1,0,5,0,11,4,5,2,2,4,0,3,6,1,5,4,7,3,6,5,2,6,3
2017-06-29,14,0,3,2,3,1,0,5,0,11,4,5,2,2,4,0,3,6,1,5,4,7,3,6,5,2,6,3
2017-06-30,14,0,3,2,3,1,0,5,0,11,4,5,2,2,4,0,3,6,1,5,4,7,3,6,5,2,6,3
2017-07-03,14,0,3,3,3,1,0,5,0,11,4,5,2,2,4,0,3,6,1,5,4,7,3,6,5,2,6,3
2017-07-04,14,0,3,3,3,1,0,5,0,11,4,5,2,2,4,0,3,6,1,5,4,7,3,6,5,2,6,3
2017-07-05,14,0,3,3,3,1,0,5,0,11,4,5,2,2,4,0,3,6,1,5,4,7,3,6,5,2,6,3
2017-07-06,14,0,3,3,3,1,0,5,0,11,4,5,2,2,4,0,3,6,1,5,4,7,3,6,5,2,6,3
2017-07-07,14,0,3,3,3,1,0,5,0,11,4,5,2,2,4,0,3,6,1,5,4,7,3,6,5,2,6,3
2017-07-10,14,0,3,3,3,1,0,6,0,11,4,5,2,2,4,0,3,6,1,6,4,7,3,6,5,2,6,3
2017-07-11,14,0,3,3,3,1,0,6,0,11,4,5,2,2,4,0,3,6,1,6,4,7,3,6,5,2,6,3
2017-07-12,14,0,3,3,3,1,0,6,0,11,4,5,2,2,4,0,3,6,1,6,4,7,3,6,5,2,6,3
2017-07-13,14,0,3,3,3,1,0,6,0,11,4,5,2,2,4,0,3,6,1,6,4,7,3,6,5,2,6,3
2017-07-14,14,0,3,3,3,1,0,6,0,11,4,5,2,2,4,0,3,6,1,6,4,7,3,6,5,2,6,3
2017-07-17,14,0,3,3,3,1,0,6,0,11,4,5,2,2,4,0,3,6,1,6,4,7,3,6,5,2,6,3
2017-07-18,14,0,3,3,3,1,0,6,0,11,4,5,2,2,4,0,3,6,1,6,4,7,3,6,5,2,6,3
2017-07-19,14,0,3,3,3,1,0,6,0,11,4,5,2,2,4,0,3,6,1,6,4,7,3,6,5,2,6,3
2017-07-20,14,0,3,3,3,1,0,6,0,11,4,5,2,2,4,0,3,6,1,6,4,7,3,6,5,2,6,3
2017-07-21,14,0,3,3,3,1,0,6,0,11,4,5,2,2,4,0,3,6,1,6,4,7,3,6,5,2,6,3
2017-07-24,14,0,3,3,3,1,0,6,0,11,4,5,2,2,4,0,3,6,1,6,4,7,3,6,5,2,6,3
2017-07-25,14,0,3,3,3,1,0,6,0,11,4,5,2,2,4,0,3,6,1,6,4,7,3,6,5,2,6,3
2017-07-26,14,0,3,3,3,1,0,6,0,11,4,5,2,2,4,0,3,6,1,6,4,7,3,6,5,2,6,3
2017-07-27,14,0,3,3,3,1,0,6,0,11,4,5,2,2,4,0,3,6,1,6,4,7,3,6,5,2,6,3
2017-07-28,14,0,3,3,3,1,0,6,0,11,4,5,2,2,4,0,3,6,1,6,4,7,3,6,5,2,6,3
2017-07-31,14,0,3,3,3,1,0,6,0,11,4,5,2,2,4,0,3,6,1,6,4,7,3,6,5,2,6,3
2017-08-01,14,0,3,3,3,1,0,6,0,11,4,4,2,2,4,0,3,6,1,6,4,7,3,6,5,2,6,3
2017-08-02,14,0,3,3,3,1,0,6,0,11,4,4,2,2,4,0,3,6,1,6,4,7,3,6,5,2,6,3
2017-08-03,14,0,3,3,3,1,0,6,0,11,4,4,2,2,4,0,3,6,1,6,4,7,3,6,5,2,6,3
2017-08-04,14,0,3,3,3,1,0,6,0,11,4,4,2,2,4,0,3,6,1,6,4,7,3,6,5,2,6,3
2017-08-07,14,0,3,3,3,1,0,6,0,11,4,4,2,2,4,0,3,6,1,6,4,7,3,6,5,2,6,3
2017-08-08,14,0,3,3,3,1,0,6,0,11,3,4,2,2,4,0,3,6,1,6,4,7,3,6,5,2,6,3
2017-08-09,14,0,3,3,3,1,0,6,0,11,3,4,2,2,4,0,3,6,1,6,4,7,3,6,5,2,6,3
2017-08-10,14,0,3,3,3,1,0,6,0,11,3,4,2,2,4,0,3,6,1,6,4,7,3,6,5,2,6,3
2017-08-11,14,0,3,3,3,1,0,6,0,11,3,4,2,2,4,0,3,6,1,6,4,7,3,6,5,2,6,3
2017-08-14,14,0,3,3,3,1,0,6,0,11,3,4,2,2,4,0,3,6,1,6,4,7,3,6,5,2,6,3
2017-08-15,14,0,3,3,3,1,0,6,0,11,3,4,2,2,4,0,3,6,1,6,4,7,3,6,5,2,6,3
2017-08-16,14,0,3,3,3,1,0,6,0,11,3,4,2,2,4,0,3,6,1,6,4,7,3,6,5,2,6,3
2017-08-17,14,0,3,3,3,1,0,6,0,11,3,4,2,2,4,0,3,6,1,6,4,7,3,6,5,2,6,3
2017-08-18,14,0,3,3,3,1,0,6,0,11,3,4,2,2,4,0,3,6,1,6,4,7,3,6,5,2,6,3
2017-08-21,14,0,3,3,3,1,0,6,0,11,3,4,2,2,4,0,3,6,1,6,4,7,3,6,5,2,6,3
2017-08-22,14,0,3,3,3,1,0,6,0,11,3,4,2,2,4,0,3,6,1,6,4,7,3,6,5,2,6,3
2017-08-23,14,0,3,3,3,1,0,6,0,11,3,4,2,2,4,0,3,6,1,6,4,7,3,6,5,2,6,3
2017-08-24,14,0,3,3,3,1,0,6,0,11,3,4,2,2,4,0,3,6,1,6,4,7,3,6,5,2,6,3
2017-08-25,14,0,3,3,3,1,0,6,0,11,3,4,2,2,4,0,3,6,1,6,4,7,3,6,5,2,6,3
2017-08-28,14,0,3,3,3,1,0,6,0,11,3,4,2,2,4,0,3,6,1,6,4,7,3,6,5,2,6,3
2017-08-29,14,0,3,3,3,1,0,6,0,11,3,4,2,2,4,0,3,6,1,6,4,7,3,6,5,2,6,3
2017-08-30,14,0,3,3,3,1,0,6,0,11,3,4,2,2,4,0,3,6,1,6,4,7,3,6,5,2,6,3
2017-08-31,14,0,3,3,3,1,0,6,0,11,3,4,2,2,4,0,3,6,1,6,4,7,3,6,5,2,6,3
2017-09-01,14,0,3,3,3,1,0,6,0,11,3,4,2,2,4,0,3,6,1,6,4,7,3,6,5,2,6,3
2017-09-04,14,0,3,3,3,1,0,6,0,11,3,4,2,2,4,0,3,6,1,6,4,7,3,6,5,2,6,3
2017-09-05,14,0,3,3,3,1,0,6,0,11,3,4,2,2,4,0,3,6,1,6,4,7,3,6,5,2,4,2
2017-09-06,14,0,3,3,3,1,0,6,0,11,3,4,2,2,4,0,3,6,1,6,4,7,3,6,5,2,4,2
2017-09-07,14,0,3,3,3,1,0,6,0,11,3,4,2,2,4,0,3,6,1,6,4,7,3,6,5,2,4,2
2017-09-08,14,0,3,3,3,1,0,6,0,11,3,4,2,2,4,0,3,6,1,6,4,7,3,6,5,2,4,2
2017-09-11,14,0,3,3,3,1,0,6,0,11,3,4,2,2,4,0,3,6,1,6,4,7,3,6,5,2,4,2
2017-09-12,14,0,3,3,3,1,0,6,0,11,3,4,2,2,4,0,3,6,1,6,4,7,3,6,5,2,4,2
2017-09-13,14,0,3,3,3,1,0,6,0,11,3,4,2,2,4,0,3,6,1,6,4,7,3,6,5,2,4,2
2017-09-14,14,0,3,3,3,1,0,6,0,11,3,4,2,2,4,0,3,6,1,6,4,7,3,6,5,2,4,2
2017-09-15,14,0,3,3,3,1,0,6,0,11,3,4,2,2,4,0,3,6,1,6,4,7,3,6,5,2,4,2
2017-09-18,14,0,3,3,3,1,0,6,0,11,4,4,2,2,4,0,3,7,1,6,4,7,3,6,5,2,4,2
2017-09-19,14,0,3,3,3,1,0,6,0,11,4,4,2,2,4,0,3,7,1,6,4,7,3,6,5,2,4,2
2017-09-20,14,0,3,3,3,1,0,6,0,11,4,4,2,2,4,0,3,7,1,6,4,7,3,6,5,2,4,2
2017-09-21,14,0,3,3,3,1,0,6,0,11,4,4,2,2,4,0,3,7,1,6,4,7,3,6,5,2,4,2
2017-09-22,14,0,3,3,3,1,0,6,0,11,4,4,2,2,4,0,3,7,1,6,4,7,3,6,5,2,4,2
2017-09-25,14,0,3,3,3,1,0,6,0,11,5,4,2,2,4,0,3,7,1,6,4,7,3,6,5,2,6,2
2017-09-26,14,0,3,3,3,1,0,6,0,11,5,4,2,2,4,0,3,6,1,6,4,7,3,6,5,2,6,2
2017-09-27,14,0,3,3,3,1,0,6,0,11,5,4,2,2,4,0,3,6,1,6,4,7,3,6,5,2,6,2
2017-09-28,14,0,3,3,3,1,0,6,0,11,5,4,2,2,4,0,3,6,1,6,4,7,3,6,5,2,6,2
2017-09-29,14,0,3,3,3,1,0,6,0,11,5,4,2,2,4,0,3,6,1,6,4,7,3,6,5,2,6,2
2017-10-09,14,0,3,3,3,1,0,6,0,11,5,4,2,2,4,0,3,6,1,6,4,7,3,6,5,2,6,2
2017-10-10,14,0,3,3,3,1,0,6,0,11,5,4,2,2,4,0,3,6,1,6,4,7,3,6,5,2,6,2
2017-10-11,14,0,3,3,3,1,0,6,0,11,5,4,2,2,4,0,3,6,1,6,4,7,3,6,5,2,6,2
2017-10-12,14,0,3,3,3,1,0,6,0,11,5,4,2,2,4,0,3,6,1,6,4,7,3,6,5,2,6,2
2017-10-13,14,0,3,3,3,1,0,6,0,11,5,4,2,2,4,0,3,6,1,6,4,7,3,6,5,2,6,2
2017-10-16,14,0,3,3,3,1,0,6,0,11,5,4,2,2,4,0,3,6,1,6,4,7,3,6,5,2,6,2
2017-10-17,14,0,3,3,3,1,0,6,0,11,5,4,2,2,4,0,3,6,1,6,4,7,3,6,5,2,6,2
2017-10-18,14,0,3,3,3,1,0,6,0,11,5,4,2,2,4,0,3,6,1,6,4,7,3,6,5,2,6,2
2017-10-19,14,0,3,3,3,1,0,6,0,11,5,4,2,2,4,0,3,6,1,6,4,7,3,6,5,2,6,2
2017-10-20,14,0,3,3,3,1,0,6,0,11,5,4,2,2,4,0,3,6,1,6,4,7,3,6,5,2,6,2
2017-10-23,14,0,3,3,3,1,0,6,0,11,5,4,2,2,4,0,3,6,1,6,4,7,3,6,5,2,6,2
2017-10-24,14,0,3,2,3,1,0,6,0,11,5,4,2,2,4,0,3,6,1,6,4,7,3,6,5,2,6,2
2017-10-25,14,0,3,2,3,1,0,6,0,11,5,4,2,2,4,0,3,6,1,6,4,7,3,6,5,2,6,2
2017-10-26,14,0,3,2,3,1,0,6,0,11,5,4,2,2,4,0,3,6,1,6,4,7,3,6,5,2,6,2
2017-10-27,14,0,3,2,3,1,0,6,0,11,5,4,2,2,4,0,3,6,1,6,4,7,3,6,5,2,6,2
2017-10-30,14,0,3,2,3,1,0,6,0,11,5,5,2,2,4,0,3,6,1,6,4,7,3,6,5,2,6,2
2017-10-31,14,0,3,2,3,1,0,6,0,11,5,5,2,2,4,0,3,6,1,6,4,7,3,6,5,2,6,2
2017-11-01,14,0,3,2,3,1,0,6,0,11,5,5,2,2,4,0,3,6,1,6,4,7,3,6,5,2,6,2
2017-11-02,14,0,3,2,3,1,0,6,0,11,5,5,2,2,4,0,3,6,1,6,4,7,3,6,5,2,6,2
2017-11-03,14,0,3,2,3,1,0,6,0,11,5,5,2,2,4,0,3,6,1,6,4,7,3,6,5,2,6,2
2017-11-06,14,0,3,2,3,1,0,6,0,11,5,5,2,2,4,0,3,6,1,6,4,7,3,6,5,2,6,2
2017-11-07,14,0,3,2,3,1,0,6,0,11,5,5,2,2,4,0,3,6,1,6,4,7,3,6,5,2,6,2
2017-11-08,14,0,3,2,3,1,0,6,0,11,5,5,2,2,4,0,3,6,1,6,4,7,3,6,5,2,6,2
2017-11-09,14,0,3,2,3,1,0,6,0,11,5,5,2,2,4,0,3,6,1,6,4,7,3,6,5,2,6,2
2017-11-10,14,0,3,2,3,1,0,6,0,11,5,5,2,2,4,0,3,6,1,6,4,7,3,6,5,2,6,2
2017-11-13,14,0,3,2,3,1,0,6,0,11,5,5,2,2,4,0,3,6,1,6,4,7,3,6,5,2,6,2
2017-11-14,14,0,3,2,3,1,0,6,0,11,4,5,2,2,4,0,3,3,1,6,4,7,3,6,5,2,4,2
2017-11-15,14,0,3,2,3,1,0,6,0,11,4,5,2,2,4,0,3,3,1,6,4,7,3,6,5,2,4,2
2017-11-16,14,0,3,2,3,1,0,6,0,11,4,5,2,2,4,0,3,3,1,6,4,7,3,6,5,2,4,2
2017-11-17,14,0,3,2,3,1,0,6,0,11,4,5,2,2,4,0,3,3,1,6,4,7,3,6,5,2,4,2
2017-11-20,14,0,3,2,3,1,0,6,0,11,4,5,2,2,4,0,3,3,1,6,4,7,3,6,5,2,5,2
2017-11-21,14,0,3,2,3,1,0,6,0,11,4,5,2,2,4,0,3,3,1,6,4,7,3,6,5,2,5,2
2017-11-22,14,0,3,2,3,1,0,6,0,11,4,5,2,2,4,0,3,3,1,6,4,7,3,6,5,2,5,2
2017-11-23,14,0,3,2,3,1,0,6,0,11,4,5,2,2,4,0,3,3,1,6,4,7,3,6,5,2,5,2
2017-11-24,14,0,3,2,3,1,0,6,0,11,4,5,2,2,4,0,3,3,1,6,4,7,3,6,5,2,5,2
2017-11-27,14,0,3,2,3,1,0,6,0,11,4,5,2,2,4,0,3,3,1,6,4,7,3,6,5,2,6,2
2017-11-28,14,0,3,2,3,1,0,6,0,11,4,5,2,2,4,0,3,3,1,6,4,7,3,6,5,2,6,2
2017-11-29,14,0,3,2,3,1,0,6,0,11,4,5,2,2,4,0,3,3,1,6,4,7,3,6,5,2,6,2
2017-11-30,14,0,3,2,3,1,0,6,0,11,4,5,2,2,4,0,3,3,1,6,4,7,3,6,5,2,6,2
2017-12-01,14,0,3,2,3,1,0,6,0,11,4,5,2,2,4,0,3,3,1,6,4,7,3,6,5,2,6,2
2017-12-04,14,0,3,2,3,1,0,6,0,11,4,5,2,2,4,0,3,3,1,6,4,7,3,6,5,2,6,2
2017-12-05,14,0,3,2,3,1,0,6,0,11,4,5,1,2,4,0,3,2,1,6,3,7,3,6,5,2,6,2
2017-12-06,14,0,3,2,3,1,0,6,0,11,4,5,1,2,4,0,3,2,1,6,3,7,3,6,5,2,6,2
2017-12-07,14,0,3,2,3,1,0,6,0,11,4,5,1,2,4,0,3,2,1,6,3,7,3,6,5,2,6,2
2017-12-08,14,0,3,2,3,1,0,6,0,11,4,5,1,2,4,0,3,2,1,6,3,7,3,6,5,2,6,2
2017-12-11,14,0,3,2,3,1,0,6,0,11,4,5,1,2,4,0,3,2,1,6,3,7,3,6,5,2,6,2
2017-12-12,14,0,3,2,3,1,0,6,0,11,4,5,1,2,4,0,3,2,1,6,3,7,3,6,5,2,6,2
2017-12-13,14,0,3,2,3,1,0,6,0,11,4,5,1,2,4,0,3,2,1,6,3,7,3,6,5,2,6,2
2017-12-14,14,0,3,2,3,1,0,6,0,11,4,5,1,2,4,0,3,2,1,6,3,7,3,6,5,2,6,2
2017-12-15,14,0,3,2,3,1,0,6,0,11,4,5,1,2,4,0,3,2,1,6,3,7,3,6,5,2,6,2
2017-12-18,14,0,3,2,3,1,0,6,0,11,4,5,1,2,4,0,3,3,1,6,3,7,3,6,5,2,6,2
2017-12-19,14,0,3,2,3,1,0,6,0,11,4,5,1,2,4,0,3,3,1,6,3,7,3,6,5,2,6,2
2017-12-20,14,0,3,2,3,1,0,6,0,11,4,5,1,2,4,0,3,3,1,6,3,7,3,6,5,2,6,2
2017-12-21,14,0,3,2,3,1,0,6,0,11,4,5,1,2,4,0,3,3,1,6,3,7,3,6,5,2,6,2
2017-12-22,14,0,3,2,3,1,0,6,0,11,4,5,1,2,4,0,3,3,1,6,3,7,3,6,5,2,6,2
2017-12-25,14,0,3,2,3,1,0,6,0,11,5,5,1,2,4,0,3,3,1,6,3,7,3,6,5,2,6,2
2017-12-26,14,0,3,2,3,1,0,6,0,11,5,5,1,2,4,0,3,3,1,6,3,7,3,6,5,2,6,2
2017-12-27,14,0,3,2,3,1,0,6,0,11,5,5,1,2,4,0,3,3,1,6,3,7,3,6,5,2,6,2
2017-12-28,14,0,3,2,3,1,0,6,0,11,5,5,1,2,4,0,3,3,1,6,3,7,3,6,5,2,6,2
2017-12-29,14,0,3,2,3,1,0,6,0,11,5,5,1,2,4,0,3,3,1,6,3,7,3,6,5,2,6,2
2018-01-02,14,0,3,2,3,1,0,6,0,11,5,5,1,2,4,0,3,3,1,6,3,7,3,6,5,2,6,2
2018-01-03,14,0,3,2,3,1,0,6,0,11,5,4,1,2,4,0,3,3,1,6,3,7,3,6,5,2,6,2
2018-01-04,14,0,3,2,3,1,0,6,0,11,5,4,1,2,4,0,3,3,1,6,3,7,3,6,5,2,6,2
2018-01-05,14,0,3,2,3,1,0,6,0,11,5,4,1,2,4,0,3,3,1,6,3,7,3,6,5,2,6,2
2018-01-08,15,0,3,2,3,1,0,6,0,11,5,4,1,2,4,0,3,3,1,6,3,7,3,6,5,2,6,2
2018-01-09,14,0,3,2,3,1,0,6,0,11,5,4,1,2,4,0,3,3,1,6,3,7,3,6,5,2,6,2
2018-01-10,14,0,3,2,3,1,0,6,0,11,5,4,1,2,4,0,3,3,1,6,3,7,3,6,5,2,6,2
2018-01-11,14,0,3,2,3,1,0,6,0,11,5,4,1,2,4,0,3,3,1,6,3,7,3,6,5,2,6,2
2018-01-12,14,0,3,2,3,1,0,6,0,11,5,4,1,2,4,0,3,3,1,6,3,7,3,6,5,2,6,2
2018-01-15,14,0,3,2,3,1,0,6,0,11,5,4,1,2,4,0,3,3,1,7,4,7,3,6,5,2,6,2
2018-01-16,14,0,3,2,3,1,0,6,0,11,5,4,1,2,4,0,3,3,1,6,4,7,3,6,5,2,6,2
2018-01-17,14,0,3,2,3,1,0,6,0,11,5,4,1,2,4,0,3,3,1,6,4,7,3,6,5,2,6,2
2018-01-18,14,0,3,2,3,1,0,6,0,11,5,4,1,2,4,0,3,3,1,6,4,7,3,6,5,2,6,2
2018-01-19,14,0,3,2,3,1,0,6,0,11,5,4,1,2,4,0,3,3,1,6,4,7,3,6,5,2,6,2
2018-01-22,14,0,3,2,3,1,0,6,0,11,5,4,2,2,4,0,3,3,1,6,4,7,3,6,5,2,6,2
2018-01-23,14,0,3,2,3,1,0,6,0,11,5,4,2,2,4,0,3,3,1,6,4,7,3,6,5,2,6,2
2018-01-24,14,0,3,2,3,1,0,6,0,11,5,4,2,2,4,0,3,3,1,6,4,7,3,6,5,2,6,2
2018-01-25,14,0,3,2,3,1,0,6,0,11,5,4,2,2,4,0,3,3,1,6,4,7,3,6,5,2,6,2
2018-01-26,14,0,3,2,3,1,0,6,0,11,5,4,2,2,4,0,3,3,1,6,4,7,3,6,5,2,6,2
2018-01-29,14,0,3,2,3,1,0,6,0,11,5,4,2,2,4,0,3,3,1,6,4,7,3,6,5,2,6,2
2018-01-30,14,0,3,2,3,1,0,6,0,11,5,4,2,2,4,0,3,3,1,6,4,7,3,6,5,2,6,2
2018-01-31,14,0,3,2,3,1,0,6,0,11,5,4,2,2,4,0,3,3,1,6,4,7,3,6,5,2,6,2
2018-02-01,14,0,3,2,3,1,0,6,0,11,5,4,2,2,4,0,3,3,1,6,4,7,3,6,5,2,6,2
2018-02-02,14,0,3,2,3,1,0,6,0,11,5,4,2,2,4,0,3,3,1,6,4,7,3,6,5,2,6,2
2018-02-05,14,0,3,2,3,1,0,6,0,11,5,5,2,2,4,0,3,3,1,6,4,7,3,6,5,2,6,2
2018-02-06,14,0,3,2,3,1,0,6,0,11,5,5,2,2,4,0,3,3,1,6,4,7,3,6,5,2,6,2
2018-02-07,14,0,3,2,3,1,0,6,0,11,5,5,2,2,4,0,3,3,1,6,4,7,3,6,5,2,6,2
2018-02-08,14,0,3,2,3,1,0,6,0,11,5,5,2,2,4,0,3,3,1,6,4,7,3,6,5,2,6,2
2018-02-09,14,0,3,2,3,1,0,6,0,11,5,5,2,2,4,0,3,3,1,6,4,7,3,6,5,2,6,2
2018-02-12,14,0,3,2,3,1,0,6,0,11,5,5,2,2,4,0,3,3,1,7,4,7,3,6,5,2,6,2
2018-02-13,14,0,3,2,3,1,0,6,0,11,5,5,2,2,4,0,3,3,1,7,4,7,3,6,5,2,6,2
2018-02-14,14,0,3,2,3,1,0,6,0,11,5,5,2,2,4,0,3,3,1,7,4,7,3,6,5,2,6,2
2018-02-22,14,0,3,2,3,1,0,6,0,11,5,5,2,2,4,0,3,3,1,7,4,7,3,6,5,2,6,2
2018-02-23,14,0,3,2,3,1,0,6,0,11,5,5,2,2,4,0,3,3,1,7,4,7,3,6,5,2,6,2
2018-02-26,14,0,3,2,3,1,0,6,0,11,5,5,2,2,4,0,3,3,1,7,4,7,3,6,5,2,6,2
2018-02-27,14,0,3,2,3,1,0,6,0,11,5,5,2,2,4,0,3,3,1,7,4,7,3,6,5,2,6,2
2018-02-28,14,0,3,2,3,1,0,6,0,11,5,5,2,2,4,0,3,3,1,7,4,7,3,6,5,2,6,2
2018-03-01,14,0,3,2,3,1,0,6,0,11,5,5,2,2,4,0,3,3,1,7,4,7,3,6,5,2,6,2
2018-03-02,14,0,3,2,3,1,0,6,0,11,5,5,2,2,4,0,3,3,1,7,4,7,3,6,5,2,6,2
2018-03-05,14,0,3,2,3,1,0,6,0,11,5,5,2,2,4,0,3,3,1,7,4,7,3,6,5,2,7,2
2018-03-06,14,0,3,2,3,1,0,6,0,11,5,5,2,2,4,0,3,3,1,7,4,7,3,6,5,2,7,2
2018-03-07,14,0,3,2,3,1,0,6,0,11,5,5,2,2,4,0,3,3,1,7,4,7,3,6,5,2,7,2
2018-03-08,14,0,3,2,3,1,0,6,0,11,5,5,2,2,4,0,3,3,1,7,4,7,3,6,5,2,7,2
2018-03-09,14,0,3,2,3,1,0,6,0,11,5,5,2,2,4,0,3,3,1,7,4,7,3,6,5,2,7,2
2018-03-12,14,0,3,2,3,1,0,6,0,11,5,5,2,2,4,0,3,3,1,7,4,7,3,6,5,2,7,2
2018-03-13,13,0,3,2,3,1,0,6,0,11,5,5,2,2,4,0,3,3,1,7,4,7,3,6,5,2,7,2
2018-03-14,13,0,3,2,3,1,0,6,0,11,5,5,2,2,4,0,3,3,1,7,4,7,3,6,5,2,7,2
2018-03-15,13,0,3,2,3,1,0,6,0,11,5,5,2,2,4,0,3,3,1,7,4,7,3,6,5,2,7,2
2018-03-16,13,0,3,2,3,1,0,6,0,11,5,5,2,2,4,0,3,3,1,7,4,7,3,6,5,2,7,2
2018-03-19,13,0,3,2,3,1,0,6,0,11,5,5,2,2,4,0,3,3,1,7,4,7,3,6,5,2,7,2
2018-03-20,13,0,3,2,3,1,0,6,0,11,5,5,2,2,4,0,3,3,1,7,4,7,3,6,4,2,7,2
2018-03-21,13,0,3,2,3,1,0,6,0,11,5,5,2,2,4,0,3,3,1,7,4,7,3,6,4,2,7,2
2018-03-22,13,0,3,2,3,1,0,6,0,11,5,5,2,2,4,0,3,3,1,7,4,7,3,6,4,2,7,2
2018-03-23,13,0,3,2,3,1,0,6,0,11,5,5,2,2,4,0,3,3,1,7,4,7,3,6,4,2,7,2
2018-03-26,13,0,3,2,3,1,0,6,0,11,5,5,2,2,4,0,3,3,1,7,4,7,3,6,4,2,7,2
2018-03-27,13,0,3,2,3,1,0,6,0,11,5,5,2,2,4,0,3,3,1,7,4,7,3,6,4,2,7,2
2018-03-28,13,0,3,2,3,1,0,6,0,11,5,5,2,2,4,0,3,3,1,7,4,7,3,6,4,2,7,2
2018-03-29,13,0,3,2,3,1,0,6,0,11,5,5,2,2,4,0,3,3,1,7,4,7,3,6,4,2,7,2
2018-03-30,13,0,3,2,3,1,0,6,0,11,5,5,2,2,4,0,3,3,1,7,4,7,3,6,4,2,7,2
2018-04-02,14,0,3,2,3,1,0,6,0,11,5,5,2,2,4,0,3,3,1,7,4,7,3,6,4,2,7,2
2018-04-03,14,0,3,2,3,1,0,6,0,11,5,5,2,2,4,0,3,3,1,7,4,7,3,6,4,2,7,2
2018-04-04,14,0,3,2,3,1,0,6,0,11,5,5,2,2,4,0,3,3,1,7,4,7,3,6,4,2,7,2
2018-04-09,14,0,3,2,3,1,0,6,0,11,5,5,2,2,4,0,3,3,1,7,4,7,3,6,5,2,7,2
2018-04-10,14,0,3,2,3,1,0,6,0,11,5,5,2,2,4,0,3,3,1,7,4,7,3,6,5,2,7,2
2018-04-11,14,0,3,2,3,1,0,6,0,11,5,5,2,2,4,0,3,3,1,7,4,7,3,6,5,2,7,2
2018-04-12,14,0,3,2,3,1,0,6,0,11,5,5,2,2,4,0,3,3,1,7,4,7,3,6,5,2,7,2
2018-04-13,14,0,3,2,3,1,0,6,0,11,5,5,2,2,4,0,3,3,1,7,4,7,3,6,5,2,7,2
2018-04-16,14,0,3,2,3,1,0,6,0,11,5,5,2,2,4,0,3,3,1,7,4,7,3,6,5,2,7,2
2018-04-17,14,0,3,2,3,1,0,6,0,11,5,5,2,2,4,0,3,3,1,7,4,7,3,6,5,2,7,2
2018-04-18,14,0,3,2,3,1,0,6,0,11,5,5,2,2,4,0,3,3,1,7,4,7,3,6,5,2,7,2
2018-04-19,14,0,3,2,3,1,0,6,0,11,5,5,2,2,4,0,3,3,1,7,4,7,3,6,5,2,7,2
2018-04-20,14,0,3,2,3,1,0,6,0,11,5,5,2,2,4,0,3,3,1,7,4,7,3,6,5,2,7,2
2018-04-23,14,0,3,2,3,1,0,6,0,11,5,5,2,2,4,0,3,3,1,7,4,7,3,6,5,2,7,2
2018-04-24,14,0,3,2,3,1,0,6,0,11,5,5,2,2,4,0,3,3,1,7,4,7,3,6,5,2,7,2
2018-04-25,14,0,3,2,3,1,0,6,0,11,5,5,2,2,4,0,3,3,1,7,4,7,3,6,5,2,7,2
2018-04-26,14,0,3,2,3,1,0,6,0,11,5,5,2,2,4,0,3,3,1,7,4,7,3,6,5,2,7,2
2018-04-27,14,0,3,2,3,1,0,6,0,11,5,5,2,2,4,0,3,3,1,7,4,7,3,6,5,2,7,2
2018-05-02,14,0,3,2,3,1,0,6,0,11,5,5,2,2,4,0,3,3,1,7,4,7,3,6,5,2,7,2
2018-05-03,14,0,3,2,3,1,0,6,0,11,5,5,2,2,4,0,3,2,1,7,4,7,3,6,5,2,7,2
2018-05-04,14,0,3,2,3,1,0,6,0,11,5,5,2,2,4,0,3,2,1,7,4,7,3,6,5,2,7,2
2018-05-07,14,0,3,2,3,1,0,6,0,11,5,5,2,2,4,0,3,2,1,7,4,7,3,6,5,2,7,2
2018-05-08,14,0,3,2,3,1,0,6,0,11,5,5,2,2,4,0,3,2,1,7,4,7,3,6,5,2,7,2
2018-05-09,14,0,3,2,3,1,0,6,0,11,5,5,2,2,4,0,3,2,1,7,4,7,3,6,5,2,7,2
2018-05-10,14,0,3,2,3,1,0,6,0,11,5,5,2,2,4,0,3,2,1,7,4,7,3,6,5,2,7,2
2018-05-11,14,0,3,2,3,1,0,6,0,11,5,5,2,2,4,0,3,2,1,7,4,7,3,6,5,2,7,2
2018-05-14,14,0,3,2,3,1,0,6,0,11,5,5,2,2,4,0,3,2,1,7,4,7,3,6,5,2,7,2
2018-05-15,14,0,3,2,3,1,0,5,0,11,5,5,2,2,4,0,3,2,1,7,4,7,3,6,5,2,7,2
2018-05-16,14,0,3,2,3,1,0,5,0,11,5,5,2,2,4,0,3,2,1,7,4,7,3,6,5,2,7,2
2018-05-17,14,0,3,2,3,1,0,5,0,11,5,5,2,2,4,0,3,2,1,7,4,7,3,6,5,2,7,2
2018-05-18,14,0,3,2,3,1,0,5,0,11,5,5,2,2,4,0,3,2,1,7,4,7,3,6,5,2,7,2
2018-05-21,14,0,3,2,3,1,0,5,0,11,5,5,2,2,4,0,3,2,1,7,4,7,3,6,5,2,7,2
2018-05-22,14,0,3,2,3,1,0,5,0,11,5,5,2,2,4,0,3,2,1,7,4,7,3,6,5,2,7,2
2018-05-23,14,0,3,2,3,1,0,5,0,11,5,5,2,2,4,0,3,2,1,7,4,7,3,6,5,2,7,2
2018-05-24,14,0,3,2,3,1,0,5,0,11,5,5,2,2,4,0,3,2,1,7,4,7,3,6,5,2,7,2
2018-05-25,14,0,3,2,3,1,0,5,0,11,5,5,2,2,4,0,3,2,1,7,4,7,3,6,5,2,7,2
2018-05-28,14,0,3,2,3,1,0,5,0,11,5,5,2,2,4,0,3,2,1,7,4,7,3,6,5,2,7,2
2018-05-29,14,0,3,2,3,1,0,5,0,11,5,5,2,2,4,0,3,2,1,7,4,7,3,6,5,2,7,2
2018-05-30,14,0,3,2,3,1,0,5,0,11,5,5,2,2,4,0,3,2,1,7,4,7,3,6,5,2,7,2
2018-05-31,14,0,3,2,3,1,0,5,0,11,5,5,2,2,4,0,3,2,1,7,4,7,3,6,5,2,7,2
2018-06-01,14,0,3,2,3,1,0,5,0,11,5,5,2,2,4,0,3,2,1,7,4,7,3,6,5,2,7,2
2018-06-04,14,0,3,2,3,1,0,6,0,11,5,5,2,2,4,0,3,2,1,7,4,7,3,6,5,2,7,2
2018-06-05,14,0,1,2,3,1,0,6,0,11,5,5,2,2,4,0,3,2,1,7,4,7,3,6,5,2,7,2
2018-06-06,14,0,1,2,3,1,0,6,0,11,5,5,2,2,4,0,3,2,1,7,4,7,3,6,5,2,7,2
2018-06-07,14,0,1,2,3,1,0,6,0,11,5,5,2,2,4,0,3,2,1,7,4,7,3,6,5,2,7,2
2018-06-08,14,0,1,2,3,1,0,6,0,11,5,5,2,2,4,0,3,2,1,7,4,7,3,6,5,2,7,2
2018-06-11,14,0,2,2,3,1,0,6,0,11,5,5,2,2,4,0,3,2,1,7,4,7,3,6,5,2,7,2
2018-06-12,14,0,2,2,3,1,0,6,0,11,5,5,2,2,4,0,3,2,1,7,4,7,3,6,5,2,7,2
2018-06-13,14,0,2,2,3,1,0,6,0,11,5,5,2,2,4,0,3,2,1,7,4,7,3,6,5,2,7,2
2018-06-14,14,0,2,2,3,1,0,6,0,11,5,5,2,2,4,0,3,2,1,7,4,7,3,6,5,2,7,2
2018-06-15,14,0,2,2,3,1,0,6,0,11,5,5,2,2,4,0,3,2,1,7,4,7,3,6,5,2,7,2
2018-06-19,14,0,2,2,3,1,0,6,0,11,5,5,2,2,4,0,3,3,1,7,4,7,3,6,5,2,7,2
2018-06-20,14,0,2,2,3,1,0,6,0,11,5,5,2,2,4,0,3,3,1,7,4,7,3,6,5,2,7,2
2018-06-21,14,0,2,2,3,1,0,6,0,11,5,5,2,2,4,0,3,3,1,7,4,7,3,6,5,2,7,2
2018-06-22,14,0,2,2,3,1,0,6,0,11,5,5,2,2,4,0,3,3,1,7,4,7,3,6,5,2,7,2
2018-06-25,14,0,2,2,3,1,0,6,0,11,5,5,2,2,4,0,3,4,1,7,4,7,3,6,5,2,7,2
2018-06-26,14,0,2,2,3,1,0,6,0,11,5,5,2,2,4,0,3,4,1,7,4,7,3,6,5,2,7,2
2018-06-27,14,0,2,2,3,1,0,6,0,11,5,5,2,2,4,0,3,4,1,7,4,7,3,6,5,2,7,2
2018-06-28,14,0,2,2,3,1,0,6,0,11,5,5,2,2,4,0,3,4,1,7,4,7,3,6,5,2,7,2
2018-06-29,14,0,2,2,3,1,0,6,0,11,5,5,2,2,4,0,3,4,1,7,4,7,3,6,5,2,7,2
2018-07-02,14,0,2,3,3,1,0,6,0,11,5,5,2,2,4,0,3,4,1,7,4,7,3,6,5,2,7,2
2018-07-03,14,0,2,3,3,1,0,6,0,11,5,5,2,2,4,0,3,3,1,7,4,7,2,6,5,2,7,2
2018-07-04,14,0,2,3,3,1,0,6,0,11,5,5,2,2,4,0,3,3,1,7,4,7,2,6,5,2,7,2
2018-07-05,14,0,2,3,3,1,0,6,0,11,5,5,2,2,4,0,3,3,1,7,4,7,2,6,5,2,7,2
2018-07-06,14,0,2,3,3,1,0,6,0,11,5,5,2,2,4,0,3,3,1,7,4,7,2,6,5,2,7,2
2018-07-09,14,0,2,3,3,1,0,6,0,11,5,5,2,2,4,0,3,3,1,7,4,7,2,6,5,2,7,2
2018-07-10,14,0,2,3,3,1,0,6,0,11,5,5,2,2,4,0,3,3,1,7,4,7,2,6,5,2,7,2
2018-07-11,14,0,2,3,3,1,0,6,0,11,5,5,2,2,4,0,3,3,1,7,4,7,2,6,5,2,7,2
2018-07-12,14,0,2,3,3,1,0,6,0,11,5,5,2,2,4,0,3,3,1,7,4,7,2,6,5,2,7,2
2018-07-13,14,0,2,3,3,1,0,6,0,11,5,5,2,2,4,0,3,3,1,7,4,7,2,6,5,2,7,2
2018-07-16,14,0,3,3,3,1,0,6,0,11,5,5,2,2,4,0,3,3,1,7,4,7,2,6,5,2,7,2
2018-07-17,14,0,3,3,3,1,0,6,0,11,5,5,2,2,4,0,3,3,1,7,4,7,2,6,5,2,7,2
2018-07-18,14,0,3,3,3,1,0,6,0,11,5,5,2,2,4,0,3,3,1,7,4,7,2,6,5,2,7,2
2018-07-19,14,0,3,3,3,1,0,6,0,11,5,5,2,2,4,0,3,3,1,7,4,7,2,6,5,2,7,2
2018-07-20,14,0,3,3,3,1,0,6,0,11,5,5,2,2,4,0,3,3,1,7,4,7,2,6,5,2,7,2
2018-07-23,14,0,3,3,3,1,0,6,0,11,5,5,2,2,4,0,3,3,1,7,4,7,2,6,5,2,7,2
2018-07-24,14,0,3,3,3,1,0,6,0,11,5,5,2,2,4,0,3,3,1,7,4,7,2,6,5,2,7,2
2018-07-25,14,0,3,3,3,1,0,6,0,11,5,5,2,2,4,0,3,3,1,7,4,7,2,6,5,2,7,2
2018-07-26,14,0,3,3,3,1,0,6,0,11,5,5,2,2,4,0,3,3,1,7,4,7,2,6,5,2,7,2
2018-07-27,14,0,3,3,3,1,0,6,0,11,5,5,2,2,4,0,3,3,1,7,4,7,2,6,5,2,7,2
2018-07-30,14,0,3,3,3,1,0,6,0,11,5,5,2,2,4,0,3,3,1,7,4,7,2,6,5,2,7,2
2018-07-31,14,0,3,3,3,1,0,6,0,11,5,5,2,2,4,0,3,3,1,7,4,7,2,6,5,2,7,2
2018-08-01,14,0,3,3,3,1,0,6,0,11,5,5,2,2,4,0,3,3,1,7,4,7,2,6,5,2,7,2
2018-08-02,14,0,3,3,3,1,0,6,0,11,5,5,2,2,4,0,3,3,1,7,4,7,2,6,5,2,7,2
2018-08-03,14,0,3,3,3,1,0,6,0,11,5,5,2,2,4,0,3,3,1,7,4,7,2,6,5,2,7,2
2018-08-06,14,0,3,3,3,1,0,6,0,11,5,5,2,2,4,0,3,3,1,7,4,7,2,6,5,2,7,2
2018-08-07,14,0,3,3,3,1,0,6,0,11,5,5,2,2,4,0,3,3,1,7,4,7,2,6,5,2,7,2
2018-08-08,14,0,3,3,3,1,0,6,0,11,5,5,2,2,4,0,3,3,1,7,4,7,2,6,5,2,7,2
2018-08-09,14,0,3,3,3,1,0,6,0,11,5,5,2,2,4,0,3,3,1,7,4,7,2,6,5,2,7,2
2018-08-10,14,0,3,3,3,1,0,6,0,11,5,5,2,2,4,0,3,3,1,7,4,7,2,6,5,2,7,2
2018-08-13,14,0,3,3,3,1,0,6,0,11,5,5,2,2,4,0,3,3,1,7,4,7,2,6,5,2,7,2
2018-08-14,14,0,3,3,3,1,0,6,0,11,5,5,2,2,4,0,3,3,1,7,4,7,2,6,5,2,7,2
2018-08-15,14,0,3,3,3,1,0,6,0,11,5,5,2,2,4,0,3,3,1,7,4,7,2,6,5,2,7,2
2018-08-16,14,0,3,3,3,1,0,6,0,11,5,5,2,2,4,0,3,3,1,7,4,7,2,6,5,2,7,2
2018-08-17,14,0,3,3,3,1,0,6,0,11,5,5,2,2,4,0,3,3,1,7,4,7,2,6,5,2,7,2
2018-08-20,14,0,3,3,3,1,0,6,0,11,5,5,2,2,4,0,3,3,1,7,4,7,2,6,5,2,7,2
2018-08-21,14,0,3,3,3,1,0,6,0,11,5,5,2,2,4,0,3,3,1,7,4,7,2,6,5,2,7,2
2018-08-22,14,0,3,3,3,1,0,6,0,11,5,5,2,2,4,0,3,3,1,7,4,7,2,6,5,2,7,2
2018-08-23,14,0,3,3,3,1,0,6,0,11,5,5,2,2,4,0,3,3,1,7,4,7,2,6,5,2,7,2
2018-08-24,14,0,3,3,3,1,0,6,0,11,5,5,2,2,4,0,3,3,1,7,4,7,2,6,5,2,7,2
2018-08-27,14,0,3,3,3,1,0,6,0,11,5,5,2,2,4,0,3,3,1,7,4,7,2,6,5,2,7,2
2018-08-28,14,0,3,3,3,1,0,6,0,11,5,5,2,2,4,0,3,3,1,7,4,7,2,5,5,2,7,2
2018-08-29,14,0,3,3,3,1,0,6,0,11,5,5,2,2,4,0,3,3,1,7,4,7,2,5,5,2,7,2
2018-08-30,14,0,3,3,3,1,0,6,0,11,5,5,2,2,4,0,3,3,1,7,4,7,2,5,5,2,7,2
2018-08-31,14,0,3,3,3,1,0,6,0,11,5,5,2,2,4,0,3,3,1,7,4,7,2,5,5,2,7,2
2018-09-03,14,0,3,3,3,1,0,6,0,11,5,5,2,2,4,0,3,3,1,7,4,7,2,6,5,2,7,2
2018-09-04,14,0,3,3,3,1,0,6,0,11,5,5,2,2,4,0,3,3,1,7,4,7,2,6,5,2,7,2
2018-09-05,14,0,3,3,3,1,0,6,0,11,5,5,2,2,4,0,3,3,1,7,4,7,2,6,5,2,7,2
2018-09-06,14,0,3,3,3,1,0,6,0,11,5,5,2,2,4,0,3,3,1,7,4,7,2,6,5,2,7,2
2018-09-07,14,0,3,3,3,1,0,6,0,11,5,5,2,2,4,0,3,3,1,7,4,7,2,6,5,2,7,2
2018-09-10,14,0,3,3,3,1,0,6,0,11,5,5,2,2,4,0,3,3,1,7,4,7,2,6,5,2,7,2
2018-09-11,14,0,3,3,3,1,0,6,0,11,5,5,2,2,4,0,3,3,1,7,4,7,2,6,5,2,7,2
2018-09-12,14,0,3,3,3,1,0,6,0,11,5,5,2,2,4,0,3,3,1,7,4,7,2,6,5,2,7,2
2018-09-13,14,0,3,3,3,1,0,6,0,11,5,5,2,2,4,0,3,3,1,7,4,7,2,6,5,2,7,2
2018-09-14,14,0,3,3,3,1,0,6,0,11,5,5,2,2,4,0,3,3,1,7,4,7,2,6,5,2,7,2
2018-09-17,14,0,3,3,3,1,0,6,0,11,5,5,2,2,4,0,3,4,1,7,4,7,2,6,5,2,7,2
2018-09-18,14,0,3,3,3,1,0,6,0,11,4,5,2,2,4,0,3,4,1,7,4,7,2,6,5,2,7,2
2018-09-19,14,0,3,3,3,1,0,6,0,11,4,5,2,2,4,0,3,4,1,7,4,7,2,6,5,2,7,2
2018-09-20,14,0,3,3,3,1,0,6,0,11,4,5,2,2,4,0,3,4,1,7,4,7,2,6,5,2,7,2
2018-09-21,14,0,3,3,3,1,0,6,0,11,4,5,2,2,4,0,3,4,1,7,4,7,2,6,5,2,7,2
2018-09-25,14,0,3,3,3,1,0,6,0,11,4,5,2,2,4,0,3,4,1,7,4,7,2,6,5,2,7,3
2018-09-26,14,0,3,3,3,1,0,6,0,11,4,5,2,2,4,0,3,4,1,7,4,7,2,6,5,2,7,3
2018-09-27,14,0,3,3,3,1,0,6,0,11,4,5,2,2,4,0,3,4,1,7,4,7,2,6,5,2,7,3
2018-09-28,14,0,3,3,3,1,0,6,0,11,4,5,2,2,4,0,3,4,1,7,4,7,2,6,5,2,7,3
2018-10-08,14,0,3,3,3,1,0,6,0,11,4,5,2,2,4,0,3,4,1,7,4,7,2,6,5,2,7,3
2018-10-09,14,0,3,3,3,1,0,6,0,11,4,5,2,2,4,0,3,4,1,7,4,7,2,6,5,2,7,3
2018-10-10,14,0,3,3,3,1,0,6,0,11,4,5,2,2,4,0,3,4,1,7,4,7,2,6,5,2,7,3
2018-10-11,14,0,3,3,3,1,0,6,0,11,4,5,2,2,4,0,3,4,1,7,4,7,2,6,5,2,7,3
2018-10-12,14,0,3,3,3,1,0,6,0,11,4,5,2,2,4,0,3,4,1,7,4,7,2,6,5,2,7,3
2018-10-15,14,0,3,3,3,1,0,6,0,11,4,5,2,2,4,0,3,4,1,7,4,7,2,6,5,2,7,3
2018-10-16,14,0,3,3,3,1,0,6,0,11,4,5,2,2,4,0,3,4,1,7,4,7,2,6,5,2,7,3
2018-10-17,14,0,3,3,3,1,0,6,0,11,4,5,2,2,4,0,3,4,1,7,4,7,2,6,5,2,7,3
2018-10-18,14,0,3,3,3,1,0,6,0,11,4,5,2,2,4,0,3,4,1,7,4,7,2,6,5,2,7,3
2018-10-19,14,0,3,3,3,1,0,6,0,11,4,5,2,2,4,0,3,4,1,7,4,7,2,6,5,2,7,3
2018-10-22,14,0,3,3,3,1,0,6,0,11,4,5,2,2,4,0,3,4,1,7,4,7,2,6,5,2,7,3
2018-10-23,14,0,3,3,3,1,0,6,0,11,4,5,2,2,4,0,3,4,1,7,4,7,2,6,5,2,7,3
2018-10-24,14,0,3,3,3,1,0,6,0,11,4,5,2,2,4,0,3,4,1,7,4,7,2,6,5,2,7,3
2018-10-25,14,0,3,3,3,1,0,6,0,11,4,5,2,2,4,0,3,4,1,7,4,7,2,6,5,2,7,3
2018-10-26,14,0,3,3,3,1,0,6,0,11,4,5,2,2,4,0,3,4,1,7,4,7,2,6,5,2,7,3
2018-10-29,14,0,3,3,3,1,0,6,0,11,4,5,2,2,4,0,3,4,1,7,4,7,2,6,5,2,7,3
2018-10-30,14,0,3,3,3,1,0,6,0,11,4,5,2,2,4,0,3,4,1,7,4,7,2,6,5,2,7,3
2018-10-31,14,0,3,3,3,1,0,6,0,11,4,5,2,2,4,0,3,4,1,7,4,7,2,6,5,2,7,3
2018-11-01,14,0,3,3,3,1,0,6,0,11,4,5,2,2,4,0,3,4,1,7,4,7,2,6,5,2,7,3
2018-11-02,14,0,3,3,3,1,0,6,0,11,4,5,2,2,4,0,3,4,1,7,4,7,2,6,5,2,7,3
2018-11-05,14,0,3,3,3,1,0,6,0,11,4,5,2,2,4,0,3,4,1,7,4,7,2,6,5,2,7,3
2018-11-06,11,0,3,3,3,1,0,6,0,11,4,5,2,2,4,0,3,4,1,7,4,7,1,6,5,2,6,3
2018-11-07,11,0,3,3,3,1,0,6,0,11,4,5,2,2,4,0,3,4,1,7,4,7,1,6,5,2,6,3
2018-11-08,11,0,3,3,3,1,0,6,0,11,4,5,2,2,4,0,3,4,1,7,4,7,1,6,5,2,6,3
2018-11-09,11,0,3,3,3,1,0,6,0,11,4,5,2,2,4,0,3,4,1,7,4,7,1,6,5,2,6,3
2018-11-12,11,0,3,3,3,1,0,6,0,11,4,5,2,2,4,0,3,4,1,7,4,7,1,6,5,2,6,3
2018-11-13,11,0,3,3,3,1,0,6,0,11,4,5,2,2,4,0,3,2,1,7,4,7,1,6,3,2,6,1
2018-11-14,11,0,3,3,3,1,0,6,0,11,4,5,2,2,4,0,3,2,1,7,4,7,1,6,3,2,6,1
2018-11-15,11,0,3,3,3,1,0,6,0,11,4,5,2,2,4,0,3,2,1,7,4,7,1,6,3,2,6,1
2018-11-16,11,0,3,3,3,1,0,6,0,11,4,5,2,2,4,0,3,2,1,7,4,7,1,6,3,2,6,1
2018-11-19,11,0,3,3,3,1,0,6,0,11,5,5,2,2,4,0,3,2,1,7,4,7,1,6,3,2,6,1
2018-11-20,11,0,3,3,3,1,0,6,0,11,5,5,2,2,4,0,3,2,1,7,4,7,1,6,3,2,5,1
2018-11-21,11,0,3,3,3,1,0,6,0,11,5,5,2,2,4,0,3,2,1,7,4,7,1,6,3,2,5,1
2018-11-22,11,0,3,3,3,1,0,6,0,11,5,5,2,2,4,0,3,2,1,7,4,7,1,6,3,2,5,1
2018-11-23,11,0,3,3,3,1,0,6,0,11,5,5,2,2,4,0,3,2,1,7,4,7,1,6,3,2,5,1
2018-11-26,11,0,3,3,3,1,0,6,0,11,5,5,2,2,4,0,3,2,1,7,4,7,1,6,3,2,5,1
2018-11-27,11,0,3,3,3,1,0,6,0,11,5,5,2,2,4,0,3,2,1,7,4,7,1,6,3,2,5,1
2018-11-28,11,0,3,3,3,1,0,6,0,11,5,5,2,2,4,0,3,2,1,7,4,7,1,6,3,2,5,1
2018-11-29,11,0,3,3,3,1,0,6,0,11,5,5,2,2,4,0,3,2,1,7,4,7,1,6,3,2,5,1
2018-11-30,11,0,3,3,3,1,0,6,0,11,5,5,2,2,4,0,3,2,1,7,4,7,1,6,3,2,5,1
2018-12-03,14,0,3,3,3,1,0,6,0,11,5,5,2,2,4,0,3,4,1,7,4,7,3,6,3,2,5,1
2018-12-04,14,0,3,3,3,1,0,6,0,11,5,5,2,2,4,0,3,4,1,7,4,7,3,6,3,2,5,1
2018-12-05,14,0,3,3,3,1,0,6,0,11,5,5,2,2,4,0,3,4,1,7,4,7,3,6,3,2,5,1
2018-12-06,14,0,3,3,3,1,0,6,0,11,5,5,2,2,4,0,3,4,1,7,4,7,3,6,3,2,5,1
2018-12-07,14,0,3,3,3,1,0,6,0,11,5,5,2,2,4,0,3,4,1,7,4,7,3,6,3,2,5,1
2018-12-10,14,0,3,3,3,1,0,6,0,11,5,5,2,2,4,0,3,5,1,7,4,7,3,6,3,2,5,1
2018-12-11,14,0,3,3,3,1,0,6,0,11,5,4,2,2,4,0,3,5,1,7,4,7,3,6,3,2,5,1
2018-12-12,14,0,3,3,3,1,0,6,0,11,5,4,2,2,4,0,3,5,1,7,4,7,3,6,3,2,5,1
2018-12-13,14,0,3,3,3,1,0,6,0,11,5,4,2,2,4,0,3,5,1,7,4,7,3,6,3,2,5,1
2018-12-14,14,0,3,3,3,1,0,6,0,11,5,4,2,2,4,0,3,5,1,7,4,7,3,6,3,2,5,1
2018-12-17,14,0,3,3,3,1,0,6,0,11,5,4,2,2,4,0,3,5,1,7,4,7,3,6,5,2,5,1
2018-12-18,14,0,3,3,3,1,0,6,0,11,5,4,2,2,4,0,3,5,1,7,4,7,3,6,5,2,5,1
2018-12-19,14,0,3,3,3,1,0,6,0,11,5,4,2,2,4,0,3,5,1,7,4,7,3,6,5,2,5,1
2018-12-20,14,0,3,3,3,1,0,6,0,11,5,4,2,2,4,0,3,5,1,7,4,7,3,6,5,2,5,1
2018-12-21,14,0,3,3,3,1,0,6,0,11,5,4,2,2,4,0,3,5,1,7,4,7,3,6,5,2,5,1
2018-12-24,14,0,3,3,3,1,0,6,0,11,5,4,2,2,4,0,3,5,1,7,4,7,3,6,5,2,5,1
2018-12-25,14,0,3,3,3,1,0,6,0,11,5,4,2,2,4,0,3,5,1,7,4,7,3,6,5,2,5,1
2018-12-26,14,0,3,3,3,1,0,6,0,11,5,4,2,2,4,0,3,5,1,7,4,7,3,6,5,2,5,1
2018-12-27,14,0,3,3,3,1,0,6,0,11,5,4,2,2,4,0,3,5,1,7,4,7,3,6,5,2,5,1
2018-12-28,14,0,3,3,3,1,0,6,0,11,5,4,2,2,4,0,3,5,1,7,4,7,3,6,5,2,5,1
2019-01-02,14,0,3,3,3,1,0,6,0,11,5,4,2,2,4,0,3,5,1,7,4,7,3,6,5,2,7,3
2019-01-03,14,0,3,3,3,1,0,6,0,11,5,4,2,2,4,0,3,5,1,7,4,7,3,6,5,2,7,3
2019-01-04,14,0,3,3,3,1,0,6,0,11,5,4,2,2,4,0,3,5,1,7,4,7,3,6,5,2,7,3
2019-01-07,14,0,3,3,3,1,0,6,0,11,5,4,2,2,4,0,3,5,1,7,4,7,3,6,5,2,7,3
2019-01-08,14,0,3,3,3,1,0,6,0,11,5,4,2,2,4,0,3,5,1,7,4,7,3,6,5,2,7,3
2019-01-09,14,0,3,3,3,1,0,6,0,11,5,4,2,2,4,0,3,5,1,7,4,7,3,6,5,2,7,3
2019-01-10,14,0,3,3,3,1,0,6,0,11,5,4,2,2,4,0,3,5,1,7,4,7,3,6,5,2,7,3
2019-01-11,14,0,3,3,3,1,0,6,0,11,5,4,2,2,4,0,3,5,1,7,4,7,3,6,5,2,7,3
2019-01-14,14,0,3,3,3,1,0,6,0,11,5,4,2,2,4,0,3,5,1,7,4,7,3,6,5,2,7,3
2019-01-15,13,0,3,3,3,1,0,6,0,11,5,4,2,2,4,0,3,4,1,7,3,7,2,6,3,1,4,3
2019-01-16,13,0,3,3,3,1,0,6,0,11,5,4,2,2,4,0,3,4,1,7,3,7,2,6,3,1,4,3
2019-01-17,13,0,3,3,3,1,0,6,0,11,5,4,2,2,4,0,3,4,1,7,3,7,2,6,3,1,4,3
2019-01-18,13,0,3,3,3,1,0,6,0,11,5,4,2,2,4,0,3,4,1,7,3,7,2,6,3,1,4,3
2019-01-21,13,0,3,3,3,1,0,6,0,11,5,5,2,2,4,0,3,4,1,7,3,7,2,6,3,1,4,3
2019-01-22,13,0,3,3,3,1,0,6,0,11,5,5,2,2,4,0,3,4,1,7,3,7,2,6,3,1,4,3
2019-01-23,13,0,3,3,3,1,0,6,0,11,5,5,2,2,4,0,3,4,1,7,3,7,2,6,3,1,4,3
2019-01-24,13,0,3,3,3,1,0,6,0,11,5,5,2,2,4,0,3,4,1,7,3,7,2,6,3,1,4,3
2019-01-25,13,0,3,3,3,1,0,6,0,11,5,5,2,2,4,0,3,4,1,7,3,7,2,6,3,1,4,3
2019-01-28,13,0,3,3,3,1,0,6,0,11,5,5,2,2,4,0,3,5,1,7,3,7,2,6,3,1,4,3
2019-01-29,13,0,3,3,3,1,0,6,0,10,5,5,2,2,4,0,3,5,1,7,3,7,2,6,3,1,4,3
2019-01-30,13,0,3,3,3,1,0,6,0,10,5,5,2,2,4,0,3,5,1,7,3,7,2,6,3,1,4,3
2019-01-31,13,0,3,3,3,1,0,6,0,10,5,5,2,2,4,0,3,5,1,7,3,7,2,6,3,1,4,3
2019-02-01,13,0,3,3,3,1,0,6,0,10,5,5,2,2,4,0,3,5,1,7,3,7,2,6,3,1,4,3
2019-02-11,13,0,3,3,3,1,0,6,0,10,5,5,2,2,4,0,3,5,1,7,3,7,2,6,3,1,4,3
2019-02-12,13,0,3,3,3,1,0,6,0,10,5,5,2,2,4,0,3,5,1,7,3,7,2,6,3,1,4,3
2019-02-13,13,0,3,3,3,1,0,6,0,10,5,5,2,2,4,0,3,5,1,7,3,7,2,6,3,1,4,3
2019-02-14,13,0,3,3,3,1,0,6,0,10,5,5,2,2,4,0,3,5,1,7,3,7,2,6,3,1,4,3
2019-02-15,13,0,3,3,3,1,0,6,0,10,5,5,2,2,4,0,3,5,1,7,3,7,2,6,3,1,4,3
2019-02-18,13,0,3,3,3,1,0,6,0,10,5,5,2,2,4,0,3,5,1,7,3,7,2,6,3,1,4,3
2019-02-19,13,0,3,3,3,1,0,6,0,10,5,5,2,2,4,0,3,5,1,7,3,7,2,6,3,1,4,3
2019-02-20,13,0,3,3,3,1,0,6,0,10,5,5,2,2,4,0,3,5,1,7,3,7,2,6,3,1,4,3
2019-02-21,13,0,3,3,3,1,0,6,0,10,5,5,2,2,4,0,3,5,1,7,3,7,2,6,3,1,4,3
2019-02-22,13,0,3,3,3,1,0,6,0,10,5,5,2,2,4,0,3,5,1,7,3,7,2,6,3,1,4,3
2019-02-25,13,0,3,3,3,1,0,6,0,10,5,5,2,2,4,0,3,5,1,7,3,7,2,6,3,1,4,3
2019-02-26,13,0,3,3,3,1,0,6,0,10,5,5,2,2,4,0,3,5,1,7,3,7,2,6,3,1,4,3
2019-02-27,13,0,3,3,3,1,0,6,0,10,5,5,2,2,4,0,3,5,1,7,3,7,2,6,3,1,4,3
2019-02-28,13,0,3,3,3,1,0,6,0,10,5,5,2,2,4,0,3,5,1,7,3,7,2,6,3,1,4,3
2019-03-01,13,0,3,3,3,1,0,6,0,10,5,5,2,2,4,0,3,5,1,7,3,7,2,6,3,1,4,3
2019-03-04,13,0,3,3,3,1,0,6,0,10,5,5,2,2,4,0,3,6,1,7,4,7,2,6,3,1,7,3
2019-03-05,13,0,3,3,3,1,0,6,0,10,5,5,2,2,4,0,3,6,1,7,4,7,2,6,3,1,7,3
2019-03-06,13,0,3,3,3,1,0,6,0,10,5,5,2,2,4,0,3,6,1,7,4,7,2,6,3,1,7,3
2019-03-07,13,0,3,3,3,1,0,6,0,10,5,5,2,2,4,0,3,6,1,7,4,7,2,6,3,1,7,3
2019-03-08,13,0,3,3,3,1,0,6,0,10,5,5,2,2,4,0,3,6,1,7,4,7,2,6,3,1,7,3
2019-03-11,13,0,3,3,3,1,0,6,0,10,5,5,2,2,4,0,3,6,1,7,4,7,2,6,3,1,7,3
2019-03-12,13,0,3,3,3,1,0,6,0,10,4,5,2,2,4,0,3,6,1,7,4,7,2,6,3,1,7,1
2019-03-13,13,0,3,3,3,1,0,6,0,10,4,5,2,2,4,0,3,6,1,7,4,7,2,6,3,1,7,1
2019-03-14,13,0,3,3,3,1,0,6,0,10,4,5,2,2,4,0,3,6,1,7,4,7,2,6,3,1,7,1
2019-03-15,13,0,3,3,3,1,0,6,0,10,4,5,2,2,4,0,3,6,1,7,4,7,2,6,3,1,7,1
2019-03-18,13,0,3,3,3,1,0,6,0,10,5,5,2,2,4,0,3,6,1,7,4,7,2,6,5,1,7,1
2019-03-19,13,0,3,3,3,1,0,6,0,10,5,5,2,2,4,0,3,6,1,7,4,7,2,6,5,1,7,1
2019-03-20,13,0,3,3,3,1,0,6,0,10,5,5,2,2,4,0,3,6,1,7,4,7,2,6,5,1,7,1
2019-03-21,13,0,3,3,3,1,0,6,0,10,5,5,2,2,4,0,3,6,1,7,4,7,2,6,5,1,7,1
2019-03-22,13,0,3,3,3,1,0,6,0,10,5,5,2,2,4,0,3,6,1,7,4,7,2,6,5,1,7,1
2019-03-25,13,0,3,3,3,1,0,6,0,10,5,5,2,2,4,0,3,6,1,7,4,7,2,6,5,1,7,1
2019-03-26,13,0,3,3,3,1,0,6,0,10,5,5,2,2,4,0,3,6,1,7,4,7,2,6,5,1,7,1
2019-03-27,13,0,3,3,3,1,0,6,0,10,5,5,2,2,4,0,3,6,1,7,4,7,2,6,5,1,7,1
2019-03-28,13,0,3,3,3,1,0,6,0,10,5,5,2,2,4,0,3,6,1,7,4,7,2,6,5,1,7,1
2019-03-29,13,0,3,3,3,1,0,6,0,10,5,5,2,2,4,0,3,6,1,7,4,7,2,6,5,1,7,1
2019-04-01,13,0,3,3,3,1,0,6,0,10,5,5,2,2,4,0,3,6,1,7,4,7,2,6,5,1,7,1
2019-04-02,13,0,3,3,3,1,0,6,0,10,5,5,2,2,4,0,3,6,1,7,4,7,2,6,5,1,7,1
2019-04-03,13,0,3,3,3,1,0,6,0,10,5,5,2,2,4,0,3,6,1,7,4,7,2,6,5,1,7,1
2019-04-04,13,0,3,3,3,1,0,6,0,10,5,5,2,2,4,0,3,6,1,7,4,7,2,6,5,1,7,1
2019-04-08,14,0,3,3,3,1,0,6,0,10,5,5,2,2,4,0,3,6,1,7,4,7,2,6,5,1,7,1
2019-04-09,14,0,3,2,3,1,0,6,0,10,5,5,2,2,4,0,3,6,1,7,4,7,2,6,5,1,7,1
2019-04-10,14,0,3,2,3,1,0,6,0,10,5,5,2,2,4,0,3,6,1,7,4,7,2,6,5,1,7,1
2019-04-11,14,0,3,2,3,1,0,6,0,10,5,5,2,2,4,0,3,6,1,7,4,7,2,6,5,1,7,1
2019-04-12,14,0,3,2,3,1,0,6,0,10,5,5,2,2,4,0,3,6,1,7,4,7,2,6,5,1,7,1
2019-04-15,14,0,3,2,3,1,0,6,0,10,5,5,2,2,4,0,3,6,1,7,4,7,2,6,5,1,7,1
2019-04-16,14,0,3,2,3,1,0,6,0,10,5,5,2,2,4,0,3,6,1,7,4,7,2,6,5,1,7,1
2019-04-17,14,0,3,2,3,1,0,6,0,10,5,5,2,2,4,0,3,6,1,7,4,7,2,6,5,1,7,1
2019-04-18,14,0,3,2,3,1,0,6,0,10,5,5,2,2,4,0,3,6,1,7,4,7,2,6,5,1,7,1
2019-04-19,14,0,3,2,3,1,0,6,0,10,5,5,2,2,4,0,3,6,1,7,4,7,2,6,5,1,7,1
2019-04-22,14,0,3,2,3,1,0,6,0,10,5,5,2,2,4,0,3,6,1,7,4,7,2,6,5,1,7,1
2019-04-23,14,0,3,2,3,1,0,6,0,10,5,5,2,2,4,0,3,6,1,7,4,7,2,6,5,1,7,1
2019-04-24,14,0,3,2,3,1,0,6,0,10,5,5,2,2,4,0,3,6,1,7,4,7,2,6,5,1,7,1
2019-04-25,14,0,3,2,3,1,0,6,0,10,5,5,2,2,4,0,3,6,1,7,4,7,2,6,5,1,7,1
2019-04-26,14,0,3,2,3,1,0,6,0,10,5,5,2,2,4,0,3,6,1,7,4,7,2,6,5,1,7,1
2019-04-29,14,0,3,2,3,1,0,6,0,10,5,5,2,2,4,0,3,6,1,7,4,7,2,6,5,1,7,1
2019-04-30,14,0,3,2,3,1,0,6,0,10,5,5,2,2,4,0,3,6,1,7,4,7,2,6,5,1,7,1
2019-05-06,14,0,3,2,3,1,0,6,0,10,5,5,2,2,4,0,3,6,1,7,4,7,2,6,5,1,7,1
2019-05-07,14,0,3,2,3,1,0,6,0,10,5,5,2,2,4,0,3,6,1,7,4,7,2,5,5,1,7,1
2019-05-08,14,0,3,2,3,1,0,6,0,10,5,5,2,2,4,0,3,6,1,7,4,7,2,5,5,1,7,1
2019-05-09,14,0,3,2,3,1,0,6,0,10,5,5,2,2,4,0,3,6,1,7,4,7,2,5,5,1,7,1
2019-05-10,14,0,3,2,3,1,0,6,0,10,5,5,2,2,4,0,3,6,1,7,4,7,2,5,5,1,7,1
2019-05-13,14,0,3,2,3,1,0,6,0,10,5,5,2,2,4,0,3,6,1,7,4,7,2,5,5,1,7,1
2019-05-14,14,0,3,2,3,1,0,6,0,10,5,5,2,2,4,0,3,6,1,7,4,7,2,5,5,1,7,1
2019-05-15,14,0,3,2,3,1,0,6,0,10,5,5,2,2,4,0,3,6,1,7,4,7,2,5,5,1,7,1
2019-05-16,14,0,3,2,3,1,0,6,0,10,5,5,2,2,4,0,3,6,1,7,4,7,2,5,5,1,7,1
2019-05-17,14,0,3,2,3,1,0,6,0,10,5,5,2,2,4,0,3,6,1,7,4,7,2,5,5,1,7,1
2019-05-20,14,0,3,2,3,1,0,6,0,10,5,5,2,2,4,0,3,6,1,7,4,7,2,6,5,1,7,2
2019-05-21,14,0,3,2,3,1,0,6,0,10,5,5,2,2,4,0,3,6,1,7,4,7,2,6,5,1,7,2
2019-05-22,14,0,3,2,3,1,0,6,0,10,5,5,2,2,4,0,3,6,1,7,4,7,2,6,5,1,7,2
2019-05-23,14,0,3,2,3,1,0,6,0,10,5,5,2,2,4,0,3,6,1,7,4,7,2,6,5,1,7,2
2019-05-24,14,0,3,2,3,1,0,6,0,10,5,5,2,2,4,0,3,6,1,7,4,7,2,6,5,1,7,2
2019-05-27,14,0,3,2,3,1,0,6,0,10,5,5,2,2,4,0,3,6,1,7,4,7,2,6,5,1,7,2
2019-05-28,14,0,3,1,3,1,0,6,0,10,4,4,2,2,4,0,3,6,1,7,4,7,2,6,5,1,7,2
2019-05-29,14,0,3,1,3,1,0,6,0,10,4,4,2,2,4,0,3,6,1,7,4,7,2,6,5,1,7,2
2019-05-30,14,0,3,1,3,1,0,6,0,10,4,4,2,2,4,0,3,6,1,7,4,7,2,6,5,1,7,2
2019-05-31,14,0,3,1,3,1,0,6,0,10,4,4,2,2,4,0,3,6,1,7,4,7,2,6,5,1,7,2
2019-06-03,14,0,3,1,3,1,0,6,0,10,4,4,2,2,4,0,3,6,1,7,4,7,2,6,5,1,7,2
2019-06-04,14,0,3,1,3,1,0,6,0,10,4,4,2,2,4,0,3,6,1,7,4,7,2,6,5,1,7,2
2019-06-05,14,0,3,1,3,1,0,6,0,10,4,4,2,2,4,0,3,6,1,7,4,7,2,6,5,1,7,2
2019-06-06,14,0,3,1,3,1,0,6,0,10,4,4,2,2,4,0,3,6,1,7,4,7,2,6,5,1,7,2
2019-06-10,14,0,3,3,3,1,0,6,0,10,4,4,2,2,4,0,3,6,1,7,4,7,3,6,5,1,7,2
2019-06-11,14,0,3,3,3,1,0,6,0,10,4,4,2,2,4,0,3,6,1,7,4,7,3,6,5,1,7,2
2019-06-12,14,0,3,3,3,1,0,6,0,10,4,4,2,2,4,0,3,6,1,7,4,7,3,6,5,1,7,2
2019-06-13,14,0,3,3,3,1,0,6,0,10,4,4,2,2,4,0,3,6,1,7,4,7,3,6,5,1,7,2
2019-06-14,14,0,3,3,3,1,0,6,0,10,4,4,2,2,4,0,3,6,1,7,4,7,3,6,5,1,7,2
2019-06-17,14,0,3,3,3,1,0,6,0,10,4,4,2,2,4,0,3,6,1,7,4,7,3,6,5,2,7,2
2019-06-18,14,0,3,3,3,1,0,6,0,10,4,4,2,2,4,0,3,6,1,7,4,7,3,6,5,2,7,2
2019-06-19,14,0,3,3,3,1,0,6,0,10,4,4,2,2,4,0,3,6,1,7,4,7,3,6,5,2,7,2
2019-06-20,14,0,3,3,3,1,0,6,0,10,4,4,2,2,4,0,3,6,1,7,4,7,3,6,5,2,7,2
2019-06-21,14,0,3,3,3,1,0,6,0,10,4,4,2,2,4,0,3,6,1,7,4,7,3,6,5,2,7,2
2019-06-24,14,0,3,3,3,1,0,6,0,10,5,5,2,2,4,0,3,6,1,7,4,7,3,6,5,2,7,2
2019-06-25,14,0,3,3,3,1,0,6,0,10,5,5,2,2,4,0,3,6,1,7,4,7,3,6,5,2,7,2
2019-06-26,14,0,3,3,3,1,0,6,0,10,5,5,2,2,4,0,3,6,1,7,4,7,3,6,5,2,7,2
2019-06-27,14,0,3,3,3,1,0,6,0,10,5,5,2,2,4,0,3,6,1,7,4,7,3,6,5,2,7,2
2019-06-28,14,0,3,3,3,1,0,6,0,10,5,5,2,2,4,0,3,6,1,7,4,7,3,6,5,2,7,2
2019-07-01,14,0,3,3,3,1,0,6,0,10,5,5,2,2,4,0,3,6,1,7,4,7,3,6,5,2,7,2
2019-07-02,14,0,3,3,3,1,0,6,0,10,5,5,2,2,4,0,3,6,1,7,4,7,3,6,5,2,7,2
2019-07-03,14,0,3,3,3,1,0,6,0,10,5,5,2,2,4,0,3,6,1,7,4,7,3,6,5,2,7,2
2019-07-04,14,0,3,3,3,1,0,6,0,10,5,5,2,2,4,0,3,6,1,7,4,7,3,6,5,2,7,2
2019-07-05,14,0,3,3,3,1,0,6,0,10,5,5,2,2,4,0,3,6,1,7,4,7,3,6,5,2,7,2
2019-07-08,14,0,3,3,3,1,0,6,0,10,5,5,2,2,4,0,3,6,1,7,4,7,3,6,5,2,7,2
2019-07-09,14,0,3,3,3,1,0,6,0,10,5,5,2,2,4,0,3,6,1,7,4,7,3,6,5,2,7,2
2019-07-10,14,0,3,3,3,1,0,6,0,10,5,5,2,2,4,0,3,6,1,7,4,7,3,6,5,2,7,2
2019-07-11,14,0,3,3,3,1,0,6,0,10,5,5,2,2,4,0,3,6,1,7,4,7,3,6,5,2,7,2
2019-07-12,14,0,3,3,3,1,0,6,0,10,5,5,2,2,4,0,3,6,1,7,4,7,3,6,5,2,7,2
2019-07-15,14,0,3,3,3,1,0,6,0,10,5,5,2,2,4,0,3,6,1,7,4,7,3,6,5,2,7,2
2019-07-16,14,0,3,3,3,1,0,6,0,10,5,5,2,2,4,0,3,6,1,7,4,7,3,6,5,2,7,2
2019-07-17,14,0,3,3,3,1,0,6,0,10,5,5,2,2,4,0,3,6,1,7,4,7,3,6,5,2,7,2
2019-07-18,14,0,3,3,3,1,0,6,0,10,5,5,2,2,4,0,3,6,1,7,4,7,3,6,5,2,7,2
2019-07-19,14,0,3,3,3,1,0,6,0,10,5,5,2,2,4,0,3,6,1,7,4,7,3,6,5,2,7,2
2019-07-22,14,0,3,3,3,1,0,6,0,10,5,5,2,2,4,0,3,6,1,7,4,7,3,6,5,2,7,2
2019-07-23,14,0,3,3,3,1,0,6,0,10,5,5,2,2,4,0,3,6,1,7,4,7,3,6,5,2,7,2
2019-07-24,14,0,3,3,3,1,0,6,0,10,5,5,2,2,4,0,3,6,1,7,4,7,3,6,5,2,7,2
2019-07-25,14,0,3,3,3,1,0,6,0,10,5,5,2,2,4,0,3,6,1,7,4,7,3,6,5,2,7,2
2019-07-26,14,0,3,3,3,1,0,6,0,10,5,5,2,2,4,0,3,6,1,7,4,7,3,6,5,2,7,2
2019-07-29,14,0,3,3,3,1,0,6,0,10,5,5,2,2,4,0,3,6,1,7,4,7,3,6,5,2,7,2
2019-07-30,14,0,3,3,3,1,0,6,0,10,5,5,2,2,4,0,3,6,1,7,4,7,3,6,5,2,7,2
2019-07-31,14,0,3,3,3,1,0,6,0,10,5,5,2,2,4,0,3,6,1,7,4,7,3,6,5,2,7,2
2019-08-01,14,0,3,3,3,1,0,6,0,10,5,5,2,2,4,0,3,6,1,7,4,7,3,6,5,2,7,2
2019-08-02,14,0,3,3,3,1,0,6,0,10,5,5,2,2,4,0,3,6,1,7,4,7,3,6,5,2,7,2
2019-08-05,14,0,3,3,3,1,0,6,0,10,5,5,2,2,4,0,3,6,1,7,4,7,3,6,5,2,7,2
2019-08-06,14,0,3,3,3,1,0,6,0,10,5,5,2,2,4,0,3,6,1,7,4,7,3,6,5,2,7,2
2019-08-07,14,0,3,3,3,1,0,6,0,10,5,5,2,2,4,0,3,6,1,7,4,7,3,6,5,2,7,2
2019-08-08,14,0,3,3,3,1,0,6,0,10,5,5,2,2,4,0,3,6,1,7,4,7,3,6,5,2,7,2
2019-08-09,14,0,3,3,3,1,0,6,0,10,5,5,2,2,4,0,3,6,1,7,4,7,3,6,5,2,7,2
2019-08-12,14,0,3,3,3,1,0,6,0,10,5,5,2,2,4,0,3,6,1,7,4,7,3,6,5,2,7,2
2019-08-13,14,0,3,3,3,1,0,6,0,10,5,5,2,2,4,0,3,6,1,7,4,7,3,6,5,2,7,2
2019-08-14,14,0,3,3,3,1,0,6,0,10,5,5,2,2,4,0,3,6,1,7,4,7,3,6,5,2,7,2
2019-08-15,14,0,3,3,3,1,0,6,0,10,5,5,2,2,4,0,3,6,1,7,4,7,3,6,5,2,7,2
2019-08-16,14,0,3,3,3,1,0,6,0,10,5,5,2,2,4,0,3,6,1,7,4,7,3,6,5,2,7,2
2019-08-19,14,0,3,3,3,1,0,6,0,10,5,5,2,2,4,0,3,6,1,7,4,7,3,6,5,2,7,2
2019-08-20,14,0,3,3,3,1,0,6,0,10,5,5,2,2,4,0,3,6,1,7,4,7,3,6,5,2,7,2
2019-08-21,14,0,3,3,3,1,0,6,0,10,5,5,2,2,4,0,3,6,1,7,4,7,3,6,5,2,7,2
2019-08-22,14,0,3,3,3,1,0,6,0,10,5,5,2,2,4,0,3,6,1,7,4,7,3,6,5,2,7,2
2019-08-23,14,0,3,3,3,1,0,6,0,10,5,5,2,2,4,0,3,6,1,7,4,7,3,6,5,2,7,2
2019-08-26,14,0,3,3,3,1,0,6,0,10,5,5,2,2,4,0,3,6,1,7,4,7,3,6,5,2,7,2
2019-08-27,14,0,3,3,3,1,0,6,0,10,5,5,2,2,4,0,3,6,1,7,4,7,3,6,5,2,7,2
2019-08-28,14,0,3,3,3,1,0,6,0,10,5,5,2,2,4,0,3,6,1,7,4,7,3,6,5,2,7,2
2019-08-29,14,0,3,3,3,1,0,6,0,10,5,5,2,2,4,0,3,6,1,7,4,7,3,6,5,2,7,2
2019-08-30,14,0,3,3,3,1,0,6,0,10,5,5,2,2,4,0,3,6,1,7,4,7,3,6,5,2,7,2
2019-09-02,14,0,3,3,3,1,0,6,0,10,5,5,2,2,4,0,3,6,1,7,4,7,3,6,5,2,7,2
2019-09-03,14,0,3,3,3,1,0,6,0,10,5,5,2,2,4,0,3,6,1,7,4,7,3,6,5,2,7,2
2019-09-04,14,0,3,3,3,1,0,6,0,10,5,5,2,2,4,0,3,6,1,7,4,7,3,6,5,2,7,2
2019-09-05,14,0,3,3,3,1,0,6,0,10,5,5,2,2,4,0,3,6,1,7,4,7,3,6,5,2,7,2
2019-09-06,14,0,3,3,3,1,0,6,0,10,5,5,2,2,4,0,3,6,1,7,4,7,3,6,5,2,7,2
2019-09-09,14,0,3,3,3,1,0,6,0,10,5,5,2,2,4,0,3,6,1,7,4,7,3,6,5,2,7,2
2019-09-10,14,0,3,3,3,1,0,6,0,10,5,5,2,2,4,0,3,6,1,7,4,7,3,6,5,2,7,2
2019-09-11,14,0,3,3,3,1,0,6,0,10,5,5,2,2,4,0,3,6,1,7,4,7,3,6,5,2,7,2
2019-09-12,14,0,3,3,3,1,0,6,0,10,5,5,2,2,4,0,3,6,1,7,4,7,3,6,5,2,7,2
2019-09-16,14,0,3,3,3,1,0,6,0,10,5,5,2,2,4,0,3,6,1,7,4,7,3,6,5,2,7,3
2019-09-17,14,0,3,3,3,1,0,6,0,10,5,5,2,2,4,0,3,6,1,7,4,7,3,6,5,2,7,3
2019-09-18,14,0,3,3,3,1,0,6,0,10,5,5,2,2,4,0,3,6,1,7,4,7,3,6,5,2,7,3
2019-09-19,14,0,3,3,3,1,0,6,0,10,5,5,2,2,4,0,3,6,1,7,4,7,3,6,5,2,7,3
2019-09-20,14,0,3,3,3,1,0,6,0,10,5,5,2,2,4,0,3,6,1,7,4,7,3,6,5,2,7,3
2019-09-23,14,0,3,3,3,1,0,6,0,10,5,5,2,2,4,0,3,6,1,7,4,7,3,6,5,2,7,3
2019-09-24,14,0,3,3,3,1,0,6,0,10,5,5,2,2,4,0,3,6,1,7,4,7,3,6,5,2,7,3
2019-09-25,14,0,3,3,3,1,0,6,0,10,5,5,2,2,4,0,3,6,1,7,4,7,3,6,5,2,7,3
2019-09-26,14,0,3,3,3,1,0,6,0,10,5,5,2,2,4,0,3,6,1,7,4,7,3,6,5,2,7,3
2019-09-27,14,0,3,3,3,1,0,6,0,10,5,5,2,2,4,0,3,6,1,7,4,7,3,6,5,2,7,3
2019-09-30,14,0,3,3,3,1,0,6,0,10,5,5,2,2,4,0,3,6,1,7,4,7,3,6,5,2,7,3
2019-10-08,14,0,3,3,3,1,0,6,0,10,5,5,2,2,4,0,3,6,1,7,4,7,3,6,5,2,7,3
2019-10-09,14,0,3,3,3,1,0,6,0,10,5,5,2,2,4,0,3,6,1,7,4,7,3,6,5,2,7,3
2019-10-10,14,0,3,3,3,1,0,6,0,10,5,5,2,2,4,0,3,6,1,7,4,7,3,6,5,2,7,3
2019-10-11,14,0,3,3,3,1,0,6,0,10,5,5,2,2,4,0,3,6,1,7,4,7,3,6,5,2,7,3
2019-10-14,14,0,3,3,3,1,0,6,0,10,5,5,2,2,4,0,3,6,1,7,4,7,3,6,5,2,7,3
2019-10-15,14,0,3,3,3,1,0,6,0,10,5,5,2,2,4,0,3,6,1,7,4,7,3,6,5,2,7,3
2019-10-16,14,0,3,3,3,1,0,6,0,10,5,5,2,2,4,0,3,6,1,7,4,7,3,6,5,2,7,3
2019-10-17,14,0,3,3,3,1,0,6,0,10,5,5,2,2,4,0,3,6,1,7,4,7,3,6,5,2,7,3
2019-10-18,14,0,3,3,3,1,0,6,0,10,5,5,2,2,4,0,3,6,1,7,4,7,3,6,5,2,7,3
2019-10-21,14,0,3,3,3,1,0,6,0,10,5,5,2,2,4,0,3,6,1,7,4,7,3,6,5,2,7,3
2019-10-22,14,0,3,3,3,1,0,6,0,10,5,5,2,2,4,0,3,6,1,7,4,7,3,6,5,2,7,3
2019-10-23,14,0,3,3,3,1,0,6,0,10,5,5,2,2,4,0,3,6,1,7,4,7,3,6,5,2,7,3
2019-10-24,14,0,3,3,3,1,0,6,0,10,5,5,2,2,4,0,3,6,1,7,4,7,3,6,5,2,7,3
2019-10-25,14,0,3,3,3,1,0,6,0,10,5,5,2,2,4,0,3,6,1,7,4,7,3,6,5,2,7,3
2019-10-28,14,0,3,3,3,1,0,6,0,10,5,5,2,2,4,0,3,6,1,7,4,7,3,6,5,2,7,3
2019-10-29,14,0,3,3,3,1,0,6,0,10,5,5,2,2,4,0,3,6,1,7,4,7,3,6,5,2,7,3
2019-10-30,14,0,3,3,3,1,0,6,0,10,5,5,2,2,4,0,3,6,1,7,4,7,3,6,5,2,7,3
2019-10-31,14,0,3,3,3,1,0,6,0,10,5,5,2,2,4,0,3,6,1,7,4,7,3,6,5,2,7,3
2019-11-01,14,0,3,3,3,1,0,6,0,10,5,5,2,2,4,0,3,6,1,7,4,7,3,6,5,2,7,3
2019-11-04,14,0,3,3,3,1,0,6,0,10,5,5,2,2,4,0,3,6,1,7,4,7,3,6,5,2,7,3
2019-11-05,14,0,3,3,3,1,0,6,0,10,5,5,2,2,4,0,3,6,1,7,4,7,1,6,5,1,7,3
2019-11-06,14,0,3,3,3,1,0,6,0,10,5,5,2,2,4,0,3,6,1,7,4,7,1,6,5,1,7,3
2019-11-07,14,0,3,3,3,1,0,6,0,10,5,5,2,2,4,0,3,6,1,7,4,7,1,6,5,1,7,3
2019-11-08,14,0,3,3,3,1,0,6,0,10,5,5,2,2,4,0,3,6,1,7,4,7,1,6,5,1,7,3
2019-11-11,14,0,3,3,3,1,0,6,0,10,5,5,2,2,4,0,3,6,1,7,4,7,1,6,5,1,7,3
2019-11-12,14,0,3,3,3,1,0,6,0,10,5,5,2,2,4,0,3,6,1,7,4,7,1,6,5,1,7,3
2019-11-13,14,0,3,3,3,1,0,6,0,10,5,5,2,2,4,0,3,6,1,7,4,7,1,6,5,1,7,3
2019-11-14,14,0,3,3,3,1,0,6,0,10,5,5,2,2,4,0,3,6,1,7,4,7,1,6,5,1,7,3
2019-11-15,14,0,3,3,3,1,0,6,0,10,5,5,2,2,4,0,3,6,1,7,4,7,1,6,5,1,7,3
2019-11-18,14,0,3,3,3,1,0,6,0,10,5,5,2,2,4,0,3,6,1,7,4,7,1,6,5,1,7,3
2019-11-19,14,0,3,3,3,1,0,6,0,10,5,5,2,2,4,0,3,6,1,7,4,7,1,6,5,1,7,3
2019-11-20,14,0,3,3,3,1,0,6,0,10,5,5,2,2,4,0,3,6,1,7,4,7,1,6,5,1,7,3
2019-11-21,14,0,3,3,3,1,0,6,0,10,5,5,2,2,4,0,3,6,1,7,4,7,1,6,5,1,7,3
2019-11-22,14,0,3,3,3,1,0,6,0,10,5,5,2,2,4,0,3,6,1,7,4,7,1,6,5,1,7,3
2019-11-25,14,0,3,3,3,1,0,6,0,10,5,5,2,2,4,0,3,6,1,7,4,7,1,6,5,1,7,3
2019-11-26,14,0,3,3,3,1,0,6,0,10,4,5,2,2,4,0,3,6,1,7,4,7,1,6,5,1,6,3
2019-11-27,14,0,3,3,3,1,0,6,0,10,4,5,2,2,4,0,3,6,1,7,4,7,1,6,5,1,6,3
2019-11-28,14,0,3,3,3,1,0,6,0,10,4,5,2,2,4,0,3,6,1,7,4,7,1,6,5,1,6,3
2019-11-29,14,0,3,3,3,1,0,6,0,10,4,5,2,2,4,0,3,6,1,7,4,7,1,6,5,1,6,3
2019-12-02,14,0,3,3,3,1,0,6,0,10,4,5,2,2,4,0,3,6,1,7,4,7,1,6,5,1,7,3
2019-12-03,14,0,3,3,3,1,0,6,0,10,4,5,2,2,4,0,3,6,1,7,4,7,1,6,5,1,7,3
2019-12-04,14,0,3,3,3,1,0,6,0,10,4,5,2,2,4,0,3,6,1,7,4,7,1,6,5,1,7,3
2019-12-05,14,0,3,3,3,1,0,6,0,10,4,5,2,2,4,0,3,6,1,7,4,7,1,6,5,1,7,3
2019-12-06,14,0,3,3,3,1,0,6,0,10,4,5,2,2,4,0,3,6,1,7,4,7,1,6,5,1,7,3
2019-12-09,14,0,3,3,3,1,0,6,0,10,5,5,2,2,4,0,3,6,1,7,4,7,1,6,5,1,7,3
2019-12-10,14,0,3,3,3,1,0,6,0,10,5,5,2,2,4,0,3,6,1,7,4,7,1,6,5,1,7,3
2019-12-11,14,0,3,3,3,1,0,6,0,10,5,5,2,2,4,0,3,6,1,7,4,7,1,6,5,1,7,3
2019-12-12,14,0,3,3,3,1,0,6,0,10,5,5,2,2,4,0,3,6,1,7,4,7,1,6,5,1,7,3
2019-12-13,14,0,3,3,3,1,0,6,0,10,5,5,2,2,4,0,3,6,1,7,4,7,1,6,5,1,7,3
2019-12-16,14,0,3,3,3,1,0,6,0,10,5,5,2,2,4,0,3,6,1,7,4,7,1,6,5,1,7,3
2019-12-17,14,0,3,3,3,1,0,6,0,10,5,5,2,2,4,0,3,6,1,7,4,7,1,6,5,1,7,3
2019-12-18,14,0,3,3,3,1,0,6,0,10,5,5,2,2,4,0,3,6,1,7,4,7,1,6,5,1,7,3
2019-12-19,14,0,3,3,3,1,0,6,0,10,5,5,2,2,4,0,3,6,1,7,4,7,1,6,5,1,7,3
2019-12-20,14,0,3,3,3,1,0,6,0,10,5,5,2,2,4,0,3,6,1,7,4,7,1,6,5,1,7,3
2019-12-23,14,0,3,3,3,1,0,6,0,10,5,5,2,2,4,0,3,6,1,7,4,7,1,6,5,1,7,3
2019-12-24,14,0,3,3,3,1,0,6,0,10,5,5,2,2,4,0,3,6,1,7,4,7,1,6,5,1,7,3
2019-12-25,14,0,3,3,3,1,0,6,0,10,5,5,2,2,4,0,3,6,1,7,4,7,1,6,5,1,7,3
2019-12-26,14,0,3,3,3,1,0,6,0,10,5,5,2,2,4,0,3,6,1,7,4,7,1,6,5,1,7,3
2019-12-27,14,0,3,3,3,1,0,6,0,10,5,5,2,2,4,0,3,6,1,7,4,7,1,6,5,1,7,3
2019-12-30,14,0,3,3,3,1,0,6,0,10,5,5,2,2,4,0,3,6,1,7,4,7,1,6,5,1,7,3
2019-12-31,14,0,3,3,3,1,0,6,0,10,5,5,2,2,4,0,3,6,1,7,4,7,1,6,5,1,7,3
